-- phpMyAdmin SQL Dump
-- version 4.9.1
-- https://www.phpmyadmin.net/
--
-- Anamakine: localhost
-- Üretim Zamanı: 30 May 2020, 19:45:29
-- Sunucu sürümü: 8.0.18
-- PHP Sürümü: 7.3.11

SET SQL_MODE = "NO_AUTO_VALUE_ON_ZERO";
SET AUTOCOMMIT = 0;
START TRANSACTION;
SET time_zone = "+00:00";


/*!40101 SET @OLD_CHARACTER_SET_CLIENT=@@CHARACTER_SET_CLIENT */;
/*!40101 SET @OLD_CHARACTER_SET_RESULTS=@@CHARACTER_SET_RESULTS */;
/*!40101 SET @OLD_COLLATION_CONNECTION=@@COLLATION_CONNECTION */;
/*!40101 SET NAMES utf8mb4 */;

--
-- Veritabanı: `kaan_topcu`
--

-- --------------------------------------------------------

--
-- Tablo için tablo yapısı `cities`
--

CREATE TABLE `cities` (
  `c_id` int(11) NOT NULL,
  `c_name` varchar(40) COLLATE utf8mb4_general_ci DEFAULT NULL,
  `d_id` int(11) DEFAULT NULL
) ENGINE=InnoDB DEFAULT CHARSET=utf8mb4 COLLATE=utf8mb4_general_ci;

--
-- Tablo döküm verisi `cities`
--

INSERT INTO `cities` (`c_id`, `c_name`, `d_id`) VALUES
(1, 'EDIRNE', 1),
(2, 'TEKIRDAG', 1),
(3, 'KIRKLARELI', 1),
(4, 'ISTANBUL', 1),
(5, 'KOCAELI', 1),
(6, 'YALOVA', 1),
(7, 'SAKARYA', 1),
(8, 'BILECIK', 1),
(9, 'BURSA', 1),
(10, 'BALIKESIR', 1),
(11, 'CANAKKALE', 1),
(12, 'BURDUR', 2),
(13, 'ISPARTA', 2),
(14, 'ANTALYA', 2),
(15, 'MERSIN', 2),
(16, 'ADANA', 2),
(17, 'OSMANIYE', 2),
(18, 'KAHRAMANMARAS', 2),
(19, 'HATAY', 2),
(20, 'IZMIR', 3),
(21, 'MANISA', 3),
(22, 'AYDIN', 3),
(23, 'MUGLA', 3),
(24, 'DENIZLI', 3),
(25, 'USAK', 3),
(26, 'KUTAHYA', 3),
(27, 'AFYONKARAHISAR', 3),
(28, 'DUZCE', 4),
(29, 'BOLU', 4),
(30, 'ZONGULDAK', 4),
(31, 'BARTIN', 4),
(32, 'KARABUK', 4),
(33, 'KASTAMONU', 4),
(34, 'SINOP', 4),
(35, 'CORUM', 4),
(36, 'SAMSUN', 4),
(37, 'AMASYA', 4),
(38, 'TOKAT', 4),
(39, 'ORDU', 4),
(40, 'GIRESUN', 4),
(41, 'GUMUSHANE', 4),
(42, 'TRABZON', 4),
(43, 'BAYBURT', 4),
(44, 'RIZE', 4),
(45, 'ARTVIN', 4),
(46, 'ESKISEHIR', 5),
(47, 'ANKARA', 5),
(48, 'CANKIRI', 5),
(49, 'KIRIKKALE', 5),
(50, 'KIRSEHIR', 5),
(51, 'YOZGAT', 5),
(52, 'SIVAS', 5),
(53, 'NEVSEHIR', 5),
(54, 'KAYSERI', 5),
(55, 'AKSARAY', 5),
(56, 'KONYA', 5),
(57, 'KARAMAN', 5),
(58, 'NIGDE', 5),
(59, 'MALATYA', 6),
(60, 'BINGOL', 6),
(61, 'VAN', 6),
(62, 'HAKKARI', 6),
(63, 'AGRI', 6),
(64, 'IGDIR', 6),
(65, 'MUS', 6),
(66, 'BITLIS', 6),
(67, 'ERZINCAN', 6),
(68, 'ELAZIG', 6),
(69, 'ARDAHAN', 6),
(70, 'KARS', 6),
(71, 'TUNCELI', 6),
(72, 'ERZURUM', 6),
(73, 'DIYARBAKIR', 7),
(74, 'SANLIURFA', 7),
(75, 'MARDIN', 7),
(76, 'GAZIANTEP', 7),
(77, 'ADIYAMAN', 7),
(78, 'SIIRT', 7),
(79, 'KILIS', 7),
(80, 'SIRNAK', 7),
(81, 'BATMAN', 7);

-- --------------------------------------------------------

--
-- Tablo için tablo yapısı `customers`
--

CREATE TABLE `customers` (
  `cus_id` int(11) NOT NULL,
  `cus_name` varchar(40) COLLATE utf8mb4_general_ci DEFAULT NULL
) ENGINE=InnoDB DEFAULT CHARSET=utf8mb4 COLLATE=utf8mb4_general_ci;

--
-- Tablo döküm verisi `customers`
--

INSERT INTO `customers` (`cus_id`, `cus_name`) VALUES
(1, 'VELİ ÇAĞLAR CAF'),
(2, 'VEYSEL TEZEL'),
(3, 'GÖKMEN ALPASLAN DEDEOĞLU'),
(4, 'FAİK BARAN'),
(5, 'FATMA BEGÜM EŞMEN'),
(6, 'OĞUZ KAAN ÖZİŞ'),
(7, 'SİNAN ALKIŞ'),
(8, 'ASLAN SAĞLAM'),
(9, 'NURCAN TİLBE'),
(10, 'ENGİN BAŞYURT'),
(11, 'TUĞÇE ÖNER'),
(12, 'SERAP AKIŞ'),
(13, 'ONUR KADİR TÜLÜBAŞ'),
(14, 'MÜNEVER BOZARSLAN'),
(15, 'ABDULSAMET DURMAN'),
(16, 'VELAT KORKMAZOĞLU'),
(17, 'İSMAİL MİKDAT BAKLALI'),
(18, 'MUSTAFA ULAŞ ACARBULUT'),
(19, 'NURSEL AYTAÇ'),
(20, 'GAMZE FIRAT'),
(21, 'GÜLTEKİN  GÜNHAN BAĞLI'),
(22, 'ASUMAN ARAS'),
(23, 'GÜLAY BABACAN'),
(24, 'ASLIHAN ESRA ALKIŞ'),
(25, 'SONER BERKAY'),
(26, 'ASUMAN YETİZ'),
(27, 'MAHMUT NURİ AKPINAR'),
(28, 'MERVE BÖLÜKBAŞ'),
(29, 'UMUT SEDA DURMAN'),
(30, 'DEMET ERGİNTÜRK'),
(31, 'İZZET ZENGİN'),
(32, 'LATİFE HÖKE'),
(33, 'MUHAMMED HASAN KARATAŞ'),
(34, 'ALİ DEMİR'),
(35, 'TUĞÇE NİMETİGİL'),
(36, 'MEHMET KAÇIRA'),
(37, 'NURAY GENEL'),
(38, 'HAYRİYE KAYACAN'),
(39, 'BAHADIR ÖĞÜTMEN'),
(40, 'FERİT ERDEN'),
(41, 'ERHAN TACİR'),
(42, 'SERVET ŞATIROĞLU'),
(43, 'ÜMMÜGÜLSÜM MERHAMETSİZ'),
(44, 'ZÜHAL BADILLIOĞLU'),
(45, 'İRFAN SEZER'),
(46, 'ENGİN YILDIZ'),
(47, 'ÖMER GÖRMÜŞ'),
(48, 'BİREYLÜL UYAR'),
(49, 'MUSTAFA FERHAT ABACIOĞLU'),
(50, 'AYSEL ACARBULUT'),
(51, 'RUKİYE ÖZDEN YABUL'),
(52, 'KORAY TEĞİN'),
(53, 'SEMA BAKLALI'),
(54, 'EMİŞ DERE'),
(55, 'GÜLSEN DAĞLI'),
(56, 'HABİL BULUT'),
(57, 'IŞIK GÜLŞAN'),
(58, 'FADIL ATAK'),
(59, 'GÜNEŞ UYKUR'),
(60, 'İSMAİL YAVUZ ULUTAŞ'),
(61, 'HALİL İBRAHİM DAĞLIOĞLU'),
(62, 'KÜRŞAT KAVMAZ'),
(63, 'NURAY DERE'),
(64, 'FERAT DEMİRTAŞ'),
(65, 'HACI MEHMET AYVAZ'),
(66, 'BARAN YAZAK'),
(67, 'BİREYLÜL TEKİN'),
(68, 'SEYHAN ELÇİ'),
(69, 'SEVDA PİRDOĞAN'),
(70, 'MERT ÇAMUR'),
(71, 'SENEM ÇALIK'),
(72, 'SEMİH KULAÇ'),
(73, 'OKAN KÖŞKER'),
(74, 'BURÇİN BURAK'),
(75, 'VELİ ÇAĞLAR AKSOY'),
(76, 'MUHAMMED TAHA İNAL'),
(77, 'SERAP KORKMAZOĞLU'),
(78, 'AYBEGÜM ZENGİN'),
(79, 'HAYRİ HALHALLI'),
(80, 'ZÜHAL BİLGİ'),
(81, 'TUBA HANIM ERKAN'),
(82, 'HÜSEYİN ONUR TOPAL'),
(83, 'TAHSİN BATUHAN KOÇAR'),
(84, 'OĞUZ BAKAR'),
(85, 'ULAŞ BEDER'),
(86, 'MERT YALINKILIÇ'),
(87, 'EMİNE DAĞLIOĞLU'),
(88, 'KENAN SELÇUK DEDEOĞLU'),
(89, 'HASAN KADİR CAF'),
(90, 'FAİK EKİNCİ'),
(91, 'KÜRŞAT ELBÜKEN'),
(92, 'ALİ OZAN AKCAN'),
(93, 'YURDAGÜL KORKMAZOĞLU'),
(94, 'HASAN KADİR KÖROĞLU'),
(95, 'YURDAGÜL SEZER'),
(96, 'ÜMİT PİRİ'),
(97, 'ELİFCAN DUMAN'),
(98, 'BAŞAK AVLANIR'),
(99, 'ÖZGÜR GÜLSOY'),
(100, 'SEVAL KURU'),
(101, 'İSMAİL YAVUZ BİLGİ'),
(102, 'FIRAT KISA'),
(103, 'MEHRİ ÜLGER'),
(104, 'İBRAHİM BARIŞ GEDÜK'),
(105, 'HACI MEHMET KAYKISIZ'),
(106, 'BİREYLÜL SAĞLAM'),
(107, 'ÖKKEŞ ABACIOĞLU'),
(108, 'MUSTAFA ALİCAN KÖŞKER'),
(109, 'SEDAT BAŞ'),
(110, 'PERVİN DEMİR'),
(111, 'KENAN KULAÇ'),
(112, 'NİHAT BERKAY KALYENCİ'),
(113, 'MÜNEVER DİNÇER'),
(114, 'NİLÜFER MERHAMETSİZ'),
(115, 'BETÜL TİLBE'),
(116, 'BİLAL BARIŞ OLGAÇ'),
(117, 'ERKAN BAKANAY'),
(118, 'SİNAN ÖZAYDIN'),
(119, 'SEVİL GERDAN'),
(120, 'DİLBER ÖNAL'),
(121, 'AYKUT KURUL'),
(122, 'YILDIZ ALMOFTI'),
(123, 'CEMRE AKTAŞ'),
(124, 'ERHAN BİLGİÇ'),
(125, 'ORÇUN PİŞİRGEN'),
(126, 'İSMAİL EVREN YAKUT'),
(127, 'MÜMÜNE ÖZCANOĞLU'),
(128, 'TUBA AYTAÇ'),
(129, 'SERDAR KUYUCU'),
(130, 'SERAP KAYACAN'),
(131, 'ABDULLAH BİLGE'),
(132, 'ABDURRAHMAN FUAT SELVİOĞLU'),
(133, 'İRFAN BEDER'),
(134, 'ECE KOPTUR'),
(135, 'AZİZ İZCİ'),
(136, 'HİKMET EKİN MERDEN'),
(137, 'AYBÜKE TÜRKOĞLU'),
(138, 'SIDIKA KISAOĞLU'),
(139, 'MUHAMMED TAHA ÖZÇELİK'),
(140, 'KÜRŞAT TOPAL'),
(141, 'NURSEL ALICI'),
(142, 'ADEM KARASU'),
(143, 'MAHMUT YARBİL'),
(144, 'BENHUR ŞİRVAN AYDIN'),
(145, 'YAKUP YAVAŞİ'),
(146, 'ALEVTİNA BULUT'),
(147, 'TEVFİK ÖZGÜN ERDEN'),
(148, 'BARAN AKAN'),
(149, 'ŞAHİNDE TATLI'),
(150, 'ENES BAHÇECİ'),
(151, 'BURHAN TANRIKULU'),
(152, 'MERAL DAĞDELEN'),
(153, 'SEHER ÖZLEM TÜTEN'),
(154, 'BİLGİ YÜZER'),
(155, 'MUSTAFA GÜRHAN EŞMEN'),
(156, 'ATILGAN DEDEMOĞLU'),
(157, 'FUNDA HALHALLI'),
(158, 'MUAMMER HAYRİ GÜNGÖR'),
(159, 'ŞAHABETTİN AKGÜN'),
(160, 'MAHMUT BALLI'),
(161, 'SEBİHA ZENGİN'),
(162, 'BİLGİ TÜRKOĞLU'),
(163, 'MUHAMMET TAYYİP KONUK'),
(164, 'HAMDİ KAYAYURT'),
(165, 'CUMHUR ÇANTAY'),
(166, 'CEYDA İSEN'),
(167, 'DERMAN BÜYÜK'),
(168, 'MAHİR İLHAN'),
(169, 'GİZEM ÖZANLAĞAN'),
(170, 'YAKUP YURDSEVEN'),
(171, 'ZÜHAL AKSAÇ'),
(172, 'ENDER GENÇDAL'),
(173, 'BÜŞRA SULTAN BAKAR'),
(174, 'CEYDA YÜCETÜRK'),
(175, 'METİN GÖK'),
(176, 'SEDA MAVİ'),
(177, 'MUSTAFA FERHAT DOĞAN'),
(178, 'GÜLHANIM ALKIŞ'),
(179, 'ASUDAN TUĞÇE KASAP'),
(180, 'MAHMUT BAKIR YENİDÜNYA'),
(181, 'OKTAY ERGİNTÜRK'),
(182, 'NAZAN KAVMAZ'),
(183, 'ONAT YALÇINKAYA'),
(184, 'GÜLDEN KOPTUR'),
(185, 'ASUMAN CANİK'),
(186, 'REFAETTİN ÇINARLIK'),
(187, 'SEZİN AKMAN'),
(188, 'FATMA SELCEN MART'),
(189, 'ÇAĞLAR AK'),
(190, 'OLCAY BAŞAK KAYIHAN'),
(191, 'TUBA HANIM YÜCEL'),
(192, 'FERAT ALBEN'),
(193, 'HÜSEYİN KUNTER SÖYLEMEZ'),
(194, 'ÖZGE ALBEN'),
(195, 'BİLAL BARIŞ TEKİŞ'),
(196, 'AYBÜKE UYKUR'),
(197, 'SEYHAN GÜZEL'),
(198, 'FAİK BODUROĞLU'),
(199, 'ŞEYMA MELİHA HODJAOGLU'),
(200, 'FARUK ALMACIOĞLU'),
(201, 'FERAT YURDSEVEN'),
(202, 'MEHMET BURHAN ERGE'),
(203, 'ASLIHAN ESRA SAĞLAM'),
(204, 'MERVE DAM'),
(205, 'ALPER DEMİRÖZ'),
(206, 'YENER AKINCI'),
(207, 'ŞEYMA MELİHA ATAR'),
(208, 'MEHMET ÖZGÜR TEKİR'),
(209, 'OLCAY BAŞAK ERKAN'),
(210, 'ATİLLA SÜLEYMAN KAVMAZ'),
(211, 'HAZEL KONUK'),
(212, 'BAYRAM KAYACAN'),
(213, 'MEHMET AKAN'),
(214, 'HABİL ŞAHBAZ'),
(215, 'AYSEL PİRDOĞAN'),
(216, 'HÜSEYİN KUNTER KARAMAHMUTOĞLU'),
(217, 'EMİNE DİLEK SEÇKİN'),
(218, 'YETKİN ÖZTAŞ'),
(219, 'MESUT SAATÇIOĞLU'),
(220, 'MEHMET REŞİT YETİZ'),
(221, 'SEMRA KIZILMEŞE'),
(222, 'SEVAL KOPAN'),
(223, 'ALİ SEÇKİN ÇINARLIK'),
(224, 'NAZIM DÜNDAR'),
(225, 'İBRAHİM BARIŞ ÇINAR'),
(226, 'RAMAZAN ARSLAN'),
(227, 'HACİ HALİL YENİDOĞAN'),
(228, 'MEHTAP BİLGİN'),
(229, 'BURAK ÜNLÜ'),
(230, 'MURAT ÇINARLIK'),
(231, 'SERPİL DAYANGAÇ'),
(232, 'MUAMMER HAYRİ ERGE'),
(233, 'MUSTAFA ERSAGUN ÜLGER'),
(234, 'GÖKMEN ALPASLAN BOLAT'),
(235, 'OSMAN ERSEGUN ÇELİKER'),
(236, 'BAVER ZİLELİGİL'),
(237, 'HASİBE SÖYLEMEZ'),
(238, 'İZZET DORUK'),
(239, 'HACI ARSLANKEÇECİOĞLU'),
(240, 'UTKU KARAKAYA'),
(241, 'ŞERAFETTİN EREN'),
(242, 'HASAN BEKAR'),
(243, 'ANDAÇ ALICI'),
(244, 'AYŞE KOCAMAN'),
(245, 'AYŞE GÜLÇİN NART'),
(246, 'SEYHAN ÇETİN'),
(247, 'CEYDA BADEM'),
(248, 'VELAT YURDSEVEN'),
(249, 'SEMRA ASENA'),
(250, 'CUMHUR BOZARSLAN'),
(251, 'YASEMİN MART'),
(252, 'YURDAGÜL KISA'),
(253, 'MUAMMER HAYRİ PEKTAŞ'),
(254, 'BARIŞ KÖKSAL'),
(255, 'YUSUF ALPER GÜNEŞ'),
(256, 'AYKAN FIRAT'),
(257, 'BELMA BİNNETOĞLU'),
(258, 'HACI MEHMET EVCİ'),
(259, 'ŞADİYE SELİN AKGÜN'),
(260, 'HÜSEYİN KUNTER TÜRKOĞLU'),
(261, 'GÖZDE KÜBRA ARSLANKEÇECİOĞLU'),
(262, 'OKTAY YİĞİT'),
(263, 'KADİR ALBEN'),
(264, 'FATMA SELCEN YARDIMCI'),
(265, 'AZİZ DAYANGAÇ'),
(266, 'SEVDA BİLGİÇ'),
(267, 'FAİK ÜZER'),
(268, 'MELİKE KAYKISIZ'),
(269, 'NİHAL ELBÜKEN'),
(270, 'AYBÜKE ÖZANLAĞAN'),
(271, 'SÜHEYLA AYÇA İZCİ'),
(272, 'DİLBER YİĞİT'),
(273, 'HÜSEYİN ONUR BURAK'),
(274, 'VOLKAN PARA'),
(275, 'KENAN DEMİREL'),
(276, 'HİLAL BULUT'),
(277, 'MÜMÜNE SADUNOĞLU'),
(278, 'AYŞE ÇELİKER'),
(279, 'EKİN BAL'),
(280, 'SİBEL GERDAN'),
(281, 'ESRA NUR DAL'),
(282, 'FEVZİYE BEREKET'),
(283, 'CEYHAN İZGİ'),
(284, 'ŞENOL TACİR'),
(285, 'ÜLKÜHAN MALÇOK'),
(286, 'ŞEREF CAN GENÇER'),
(287, 'OĞUZHAN SAATÇIOĞLU'),
(288, 'MAHPERİ ÇİFTCİ'),
(289, 'ERAY KADI'),
(290, 'ÇAĞLAR KAVURGACI'),
(291, 'MAKBULE SEDA ÖĞÜTMEN'),
(292, 'MÜBERRA ERKEN'),
(293, 'YASEMİN KORKMAZOĞLU'),
(294, 'TUĞBA YALNIZ'),
(295, 'NAZIM BAGLARS'),
(296, 'SAMET DEDEOĞLU'),
(297, 'ÇAĞRI TURĞUT'),
(298, 'SEÇİL AYHAN'),
(299, 'DEMİR AKKÜÇÜK'),
(300, 'SONER TOLA'),
(301, 'HAÇÇE ÜLGER'),
(302, 'YUSUF ALPER UZ'),
(303, 'HAZEL DİNÇER'),
(304, 'EZGİ GÜRBOSTAN'),
(305, 'HASAN BİLEN AFŞAR'),
(306, 'ÖMER HAŞİMOĞLU'),
(307, 'SÜLEYMAN SAKALLI'),
(308, 'BELGİN TURĞUT'),
(309, 'AYŞE GÜLÇİN ŞAHBAZ'),
(310, 'OĞUZ UZUNOĞLU'),
(311, 'MEHMET REŞİT SARAÇOĞLU'),
(312, 'FUAT ERNİS ÖNAL'),
(313, 'NURİ ANIL KAÇIRA'),
(314, 'MEHMET REŞİT SARAÇOĞLU'),
(315, 'ULAŞ ERGÜLÜ'),
(316, 'SEMİNE GÜLDAMLA'),
(317, 'SAYGIN UÇAR'),
(318, 'MAHMUT NURİ ALKIŞ'),
(319, 'HANDE ŞENTÜRK'),
(320, 'MUSTAFA ÖZÇELİK'),
(321, 'FUNDA GEÇMEN'),
(322, 'EMİNE DİLEK BOLAT'),
(323, 'ALMALA PINAR YABUL'),
(324, 'CEYDA KOCAMAN'),
(325, 'YUNUS KUCUR'),
(326, 'ALMALA PINAR MENEKŞE'),
(327, 'FERİT MURT'),
(328, 'EVREN ELÇİ'),
(329, 'BETÜL ARSLAN'),
(330, 'ASUDAN TUĞÇE DİLMEN'),
(331, 'EVRİM GEZİCİ'),
(332, 'FADIL BARAN'),
(333, 'SEMRA KAVMAZ'),
(334, 'LEVENT ÖZÇAY'),
(335, 'NİLGÜN EYLEN'),
(336, 'OSMAN TOLA'),
(337, 'LEVENT YÜKSEL'),
(338, 'HACI KUNAK'),
(339, 'SEVİL ERASLAN'),
(340, 'IŞIN ÖTER'),
(341, 'SELÇUK ACARBULUT'),
(342, 'SELÇUK ŞATIROĞLU'),
(343, 'ESEN İBRAHİM ADISANLI'),
(344, 'SEDA ÖTER'),
(345, 'MUHAMMET MUSTAFA ORTA'),
(346, 'ÖMER ALMACIOĞLU'),
(347, 'KÜRŞAT GEDİKLİ'),
(348, 'LEVENT DAĞDELEN'),
(349, 'YENER KANAT'),
(350, 'MUSTAFA KEMAL AKBAŞ'),
(351, 'BURHAN UYAR'),
(352, 'BERNA KARATAŞ'),
(353, 'HÜSEYİN KUNTER BALLI'),
(354, 'AYŞE GİZEM DEMİRTAŞ'),
(355, 'MAHMUT NURİ OLGAÇ'),
(356, 'KÜBRA YAVUZ'),
(357, 'EYÜP UZUNCA'),
(358, 'GÜLTEKİN  GÜNHAN YALÇINKAYA'),
(359, 'REFAETTİN UÇAR'),
(360, 'SEYFİ CEM KUŞKU'),
(361, 'ALİŞAN GÖK'),
(362, 'SEHER ÖZLEM ERGİNTÜRK'),
(363, 'AHMET ÇAĞRI BERKAY'),
(364, 'ALEVTİNA SAATÇIOĞLU'),
(365, 'MESUT PAKSOY'),
(366, 'PELİN KUYUCU'),
(367, 'TUĞRA SEVİNÇ'),
(368, 'NURSEL AVCIOĞLU'),
(369, 'ASUMAN KISA'),
(370, 'ORÇUN AKSU'),
(371, 'MEHMET ÖZGÜR DEDEOĞLU'),
(372, 'MEHMET ÖZGÜR AKTAŞ'),
(373, 'ECE DUYU'),
(374, 'ATİYE MELTEM ULUTAŞ'),
(375, 'GÖZDE KÜBRA GÜNGÖR'),
(376, 'BELGİN UYAR'),
(377, 'HİKMET EKİN KAÇIRA'),
(378, 'BESTE KIZILMEŞE'),
(379, 'AYŞE FULYA KULA'),
(380, 'ELA ÇETİNKAYA'),
(381, 'HACER TATAR'),
(382, 'HACI EREN'),
(383, 'UĞURAY MART'),
(384, 'ALİ OZAN ULUÖZ'),
(385, 'ORÇUN SELVİ'),
(386, 'SEÇİL KUCUR'),
(387, 'AYBÜKE GÖKSOY'),
(388, 'YETKİN ZİLELİGİL'),
(389, 'MERVE GÖKALP'),
(390, 'MURAT ŞAHİN'),
(391, 'GAMZE USTAALİOĞLU'),
(392, 'RASİM YENİÇERİ'),
(393, 'ZEKERİYA ERSİN HODJAOGLU'),
(394, 'YAŞAR GÖKHAN PEKTAŞ'),
(395, 'AYŞE AHSEN UZUNOĞLU'),
(396, 'CEMİLE ÇİĞDEM HİÇYILMAZ'),
(397, 'NURSEL HÖKE'),
(398, 'SANCAR ASENA'),
(399, 'BELGİN İSEN'),
(400, 'SEZİN ORHAN'),
(401, 'CEMİL ZENGİN'),
(402, 'HAMDİ ELGÖRMÜŞ'),
(403, 'AHMET GÖKHAN ÖZTÜRK'),
(404, 'SEVİL KURUL'),
(405, 'ÖNDER TURGUT KURUL'),
(406, 'CENGİZ BİNNETOĞLU'),
(407, 'YELDA UZUNOĞLU'),
(408, 'NURİ ANIL TACİR'),
(409, 'SEMİNE YAVAŞİ'),
(410, 'LEMAN İBİŞOĞLU'),
(411, 'MAHPERİ ERGE'),
(412, 'RİFAT CAN ÖZCANOĞLU'),
(413, 'FEYZA KAVMAZ'),
(414, 'YILDIRIM MERDEN'),
(415, 'ÇETİN BODUROĞLU'),
(416, 'YASEMİN CAF'),
(417, 'AYDOĞAN ÇANTAY'),
(418, 'MUHAMMED YAĞAN'),
(419, 'AYHAN SEVEN'),
(420, 'MUSTAFA ALİCAN HALHALLI'),
(421, 'ABDULSAMET İLHAN'),
(422, 'ÇİĞDEM BADILLIOĞLU'),
(423, 'BİLGİN KAYLAN'),
(424, 'EMİŞ ARAS'),
(425, 'AHMET GÖKHAN GÜVEN'),
(426, 'URAL KUŞKU'),
(427, 'SERÇİN MAĞATUR'),
(428, 'AYŞE AHSEN GÜVEN'),
(429, 'ŞEYMA MELİHA KONUK'),
(430, 'BURHAN ALKIŞ'),
(431, 'MEHMET HİLMİ BAZ'),
(432, 'MAHSUM ŞAHBAZ'),
(433, 'AYKUT ÇETİN'),
(434, 'ESİN ÇETİN'),
(435, 'EZEL TARAKCI'),
(436, 'TUNA KÖSE'),
(437, 'SEMİNE DİNÇER'),
(438, 'DERYA KAYMAN'),
(439, 'YAVUZ SELİM KARPUZ'),
(440, 'NURİ ANIL KANAT'),
(441, 'MUHLİS ERKURAN'),
(442, 'ÜMİT ULUTAŞ'),
(443, 'DERYA EVCİ'),
(444, 'SERDAR BORA BOZARSLAN'),
(445, 'SEYHAN KAYKISIZ'),
(446, 'HÜSEYİN KUNTER HODJAOGLU'),
(447, 'MUAMMER HAYRİ AKBAŞ'),
(448, 'HAMDİ HAŞİMOĞLU'),
(449, 'GÜRKAN İNAL'),
(450, 'GÖZDE KÜBRA GÖKSOY'),
(451, 'OKTAY DEDEOĞLU'),
(452, 'CEYDA CEYLAN'),
(453, 'EREN BOZKUŞ'),
(454, 'BATURAY KANSU TEKİN'),
(455, 'DEMET TARAKCI'),
(456, 'SERVET TÜTEN'),
(457, 'ALİŞAN ÇAMUR'),
(458, 'YURDAGÜL MERDEN'),
(459, 'SEMİNE DİNÇER'),
(460, 'BETÜL EMİNE AVCIOĞLU'),
(461, 'NİZAMETTİN NİZAM'),
(462, 'YURDAGÜL KUTAN'),
(463, 'BÜŞRA SULTAN ELVERDİ'),
(464, 'VOLKAN ÇINARLIK'),
(465, 'ASUMAN ÖĞÜTMEN'),
(466, 'FATMA ECE SÜRÜM'),
(467, 'AHMET EMRE PAKÖZ'),
(468, 'KÜRŞAT AYTAÇ'),
(469, 'SEDA ORTA'),
(470, 'KADİR DAĞDELEN'),
(471, 'ABDURRAHMAN FUAT YÜCETÜRK'),
(472, 'MESUT GÖKSOY'),
(473, 'RAMAZAN BULUR'),
(474, 'GÖKHAN YETİZ'),
(475, 'NEVROZ YAKUT'),
(476, 'MEHMET REŞİT KARABAĞ'),
(477, 'ÖNDER TURGUT ÇANTAY'),
(478, 'ATİLLA SÜLEYMAN YÜCETÜRK'),
(479, 'İHSAN İBİŞOĞLU'),
(480, 'UTKU YALINKILIÇ'),
(481, 'LEVENT ATEŞ'),
(482, 'EMRAH KEMAL BEKAR'),
(483, 'SUNA AHISKALI'),
(484, 'YENER KOPTUR'),
(485, 'SÜREYYA BURCU SEZER'),
(486, 'ERKAN ÇETE'),
(487, 'SAYGIN ZENGİN'),
(488, 'ALİ SEÇKİN ÇİFT'),
(489, 'HACİ HALİL GÖKALP'),
(490, 'GÖZDEM OYNAK'),
(491, 'MÜNEVER ERASLAN'),
(492, 'SEHER ÖZLEM YAĞAN'),
(493, 'SİNAN YENİAY'),
(494, 'AHMET EMRE TAŞKIN'),
(495, 'HİLAL ÖZTÜRK'),
(496, 'MUHAMMED HASAN UZ'),
(497, 'CUMHUR BERTAN'),
(498, 'BERNA ÜLGER'),
(499, 'MEHMET KULA'),
(500, 'ESRA NUR KORKMAZ'),
(501, 'SULTAN ERASLAN'),
(502, 'İSMAİL YAVUZ KÖŞKER'),
(503, 'NAFİYE ORHAN'),
(504, 'GAMZE YAVUZ'),
(505, 'RİFAT CAN GÜLTEKİN'),
(506, 'AYSUN KESER'),
(507, 'SELİM GENÇER'),
(508, 'AYKAN AYDOĞAN'),
(509, 'ECE AVLANIR'),
(510, 'EZGİ TURĞUT'),
(511, 'SEDAT BİLAL'),
(512, 'VELİ ÇAĞLAR UZUNCAN'),
(513, 'MEHMET MURAT ASENA'),
(514, 'YENER ÇEVİK'),
(515, 'ESEN İBRAHİM ÜZER'),
(516, 'SONGÜL OYNAK'),
(517, 'LEMAN DİLMEN'),
(518, 'HASAN KADİR BİLGİN'),
(519, 'ÖKKEŞ YILDIZ'),
(520, 'NAİME SILA YÜZER'),
(521, 'BAŞAK YANCAR'),
(522, 'ELİFCAN AKCAN'),
(523, 'BARIŞ ASLAN'),
(524, 'MEHRİ İNAL'),
(525, 'ELA KANSU'),
(526, 'EDİP GÜVENÇ ÇELİK'),
(527, 'UFUK AKAN'),
(528, 'ASUDAN TUĞÇE KARPUZ'),
(529, 'TUĞRA HİÇYILMAZ'),
(530, 'EYÜP AKGÜN'),
(531, 'SİNAN NART'),
(532, 'ESEN İBRAHİM ERGİNTÜRK'),
(533, 'BİLGİ EŞMEN'),
(534, 'GÜLAY BAŞ'),
(535, 'NAZAN KARAKUŞ'),
(536, 'SEDEF DURAN'),
(537, 'BİLGİN SEÇKİN'),
(538, 'HACI ALBEN'),
(539, 'SERDAR KUTAN'),
(540, 'GONCA TAŞKIN'),
(541, 'SEHER ÖZLEM YAVUZ'),
(542, 'ELİFCAN SANHAL'),
(543, 'SEÇKİN GÜLTEKİN'),
(544, 'GÖZDE KÜBRA BERENT'),
(545, 'ŞEYMA GENEL'),
(546, 'ELİF AYŞE ŞENGÜL'),
(547, 'DEMİR ULUTAŞ'),
(548, 'MERT AZAR'),
(549, 'MUHAMMET MUSTAFA ÜNLÜ'),
(550, 'ESİN SEREN ARI'),
(551, 'AYŞE FULYA KUYUCU'),
(552, 'ŞAHABETTİN BAĞLI'),
(553, 'ELA BAYRAMOĞLU'),
(554, 'BAYRAM KILINÇ'),
(555, 'MUSTAFA ULAŞ BALLI'),
(556, 'CEYDA ÜNAL'),
(557, 'DİDEM ÖTER'),
(558, 'ŞEBNEM EREN'),
(559, 'ERKAN SABRİ KARAKUŞ'),
(560, 'GAMZE PINAR BOLAT'),
(561, 'AYDEMİR DEDEOĞLU'),
(562, 'LEMAN SULHAN'),
(563, 'ÇAĞDAŞ KOPAN'),
(564, 'NİHAT BERKAY KORKMAZ'),
(565, 'SANCAR AKINCI'),
(566, 'HAMDİ YURDSEVEN'),
(567, 'ALEVTİNA BABACAN'),
(568, 'ESRA CAN YAĞLI'),
(569, 'HİLAYDA YETİZ'),
(570, 'DEMİR ÇETİN'),
(571, 'ELİF ÇİLER YARDIMCI'),
(572, 'BESTE ÖZÇAY'),
(573, 'HURİYE IŞIKALAN'),
(574, 'ZAFER DİNÇER'),
(575, 'YETKİN DERE'),
(576, 'ERHAN GÜLDAMLA'),
(577, 'UMUT PİRDOĞAN'),
(578, 'ŞÜKRÜ SİVRİ'),
(579, 'ELİF AYŞE HALHALLI'),
(580, 'KORAY YAĞLI'),
(581, 'ABDULLAH ARİF ŞEN'),
(582, 'SEVAL GÖRMÜŞ'),
(583, 'BESTE EKİZ'),
(584, 'ÖMER KULAÇ'),
(585, 'ÖZGÜL ÇAKMAK'),
(586, 'RABİA ÖZKAYA'),
(587, 'ASLI MUTLUER'),
(588, 'ÖZGÜR YEŞİLOVA'),
(589, 'BERRİN TEKİR'),
(590, 'NURETTİN ELGÖRMÜŞ'),
(591, 'BELMA ÜLGER'),
(592, 'ANDAÇ AKBUDAK'),
(593, 'TAYFUR TANRİVERDİ'),
(594, 'NURETTİN KARAKUŞ'),
(595, 'SİMGE İLKER'),
(596, 'AYŞE GÜLÇİN KÖYLÜOĞLU'),
(597, 'MEHMET NURİ YAVUZ'),
(598, 'İLKAY EYÜP'),
(599, 'YURDAGÜL KARAMAN'),
(600, 'ORÇUN PEKTAŞ'),
(601, 'SEDAT GÜLER'),
(602, 'NAZIM BEKAR'),
(603, 'EREN DURMAN'),
(604, 'SERHAT BAHÇEBAŞI'),
(605, 'CEMAL BÖLÜKBAŞ'),
(606, 'YASEMİN KUDAY'),
(607, 'SANCAR HAŞİMOĞLU'),
(608, 'MUSTAFA ERSAGUN ATASOY'),
(609, 'HACI YEŞİLOVA'),
(610, 'MUSTAFA ULAŞ İÇBAY'),
(611, 'AYŞE DUMAN'),
(612, 'ZEYNEP GÖKÇE KOÇAR'),
(613, 'EZGİ ALBEN'),
(614, 'MELİKE DESTEGÜL'),
(615, 'AYKUT KARAMAHMUTOĞLU'),
(616, 'KÜBRA BAZ'),
(617, 'ESER DERE'),
(618, 'CEREN KARAHAN'),
(619, 'ONUR KADİR EYLEN'),
(620, 'RÜŞTÜ BAKAR'),
(621, 'CEMİLE AYŞE OĞUZSOY'),
(622, 'ŞERİFE YASEMİN ÜNLÜ'),
(623, 'KADİR KANKILIÇ'),
(624, 'MEHMET ÖZGÜR BAŞ'),
(625, 'SONGÜL TÜTEN'),
(626, 'YAVUZ SELİM GÜLDAMLA'),
(627, 'HAÇÇE GÖKTÜRK'),
(628, 'AYŞE FULYA KARAAĞAÇ'),
(629, 'HAMDİ DEĞİRMENCİ'),
(630, 'SENEM GÖKALP'),
(631, 'BÜŞRA SULTAN AYHAN'),
(632, 'MÜMTAZ İRİS'),
(633, 'RAMAZAN OYNAK'),
(634, 'ŞERAFETTİN SELVİOĞLU'),
(635, 'FERDA BAŞTEMİR'),
(636, 'UĞURAY GÜVEREN'),
(637, 'ZEKERİYA ERSİN BADEM'),
(638, 'NİHAT BERKAY TIRAŞ'),
(639, 'ARZU ÇÖL'),
(640, 'EREN KAYMAN'),
(641, 'GONCA KARADENİZ'),
(642, 'AYŞE GÜLÇİN GÜVEN'),
(643, 'AHMET GÖKHAN ÇETE'),
(644, 'EVRİM FIRAT'),
(645, 'RAMAZAN KARAKUŞ'),
(646, 'NAFİYE ELÇİ'),
(647, 'OĞUZHAN TATLI'),
(648, 'FUNDA BALLI'),
(649, 'SULTAN TOPÇU'),
(650, 'ZÜHAL ÇETİNER'),
(651, 'ZEYNEP TACİR'),
(652, 'MERT KISAOĞLU'),
(653, 'SEMRA ÖNER'),
(654, 'TOLGA KEÇECİ'),
(655, 'FATİH RIFAT ÇETİNER'),
(656, 'SEZEN YALNIZ'),
(657, 'SÜHEYLA ORTA'),
(658, 'TUBA PARA'),
(659, 'RAMAZAN ÖZÜDOĞRU'),
(660, 'TİMUR DEMİREL'),
(661, 'HACI KARAAĞAÇ'),
(662, 'SÜREYYA BURCU KARAMAHMUTOĞLU'),
(663, 'HAMDİ AKBUDAK'),
(664, 'NURSEL BAKAR'),
(665, 'SEMİH ÇANGAL'),
(666, 'GÖZDEM TATLI'),
(667, 'NEFİSE ÖZCAN'),
(668, 'ZÜHAL KAHREMAN'),
(669, 'ÇAVLAN ACARBULUT'),
(670, 'İBRAHİM HALİL ÖĞÜTMEN'),
(671, 'BURAK KAYAYURT'),
(672, 'BEYZA GENEL'),
(673, 'KÜBRA SAATÇIOĞLU'),
(674, 'EFTAL MURAT YAZAK'),
(675, 'LATİFE SEZER'),
(676, 'MUSTAFA FERHAT AKSEL'),
(677, 'GİZEM BOZARSLAN'),
(678, 'NURİ ANIL ULUTAŞ'),
(679, 'NİZAMETTİN GÜVEN'),
(680, 'SEZEN KÖSE'),
(681, 'MEHMET NURİ TANRİVERDİ'),
(682, 'ÇAĞRI ÇALIK'),
(683, 'HÜSEYİN KUNTER TAHTACI'),
(684, 'RİFAT CAN KARPUZ'),
(685, 'KALENDER NACAROĞLU'),
(686, 'NİHAL TEZEL'),
(687, 'KÜBRA KAYLAN'),
(688, 'DİLBER AVCIOĞLU'),
(689, 'BEYZA BABACAN'),
(690, 'NAİME SILA CAMCI'),
(691, 'ZERİN ÇELİK'),
(692, 'GÜNDEM PEKER'),
(693, 'KEMAL ŞAHBAZ'),
(694, 'OĞUZ KAAN LAĞARLI'),
(695, 'REFAETTİN YENİDOĞAN'),
(696, 'DERYA BÖLÜKBAŞ'),
(697, 'ABDULLAH ARİF YENİAY'),
(698, 'EKİN ELGÖRMÜŞ'),
(699, 'HÜSEYİN ONUR BÖLÜKBAŞ'),
(700, 'SELİM DURAN'),
(701, 'NEFİSE ATEŞ'),
(702, 'ORGÜL DERYA YABUL'),
(703, 'KÜRŞAT AKTAŞ'),
(704, 'ÖNDER DAĞLIOĞLU'),
(705, 'GÜLPERİ BULUT'),
(706, 'DİDEM AYŞE UYKUR'),
(707, 'ABDÜLSAMET KILINÇ'),
(708, 'ŞAHİNDE BEDER'),
(709, 'EYÜP DEMİRKOL'),
(710, 'OSMAN ASENA'),
(711, 'MUSTAFA FERHAT BAKAR'),
(712, 'KIYMET KOÇ'),
(713, 'HAYRİ BİLGE'),
(714, 'SERHAT KURT'),
(715, 'GÖKAY ALMOFTI'),
(716, 'EDİP GÜVENÇ RENÇBER'),
(717, 'AYDEMİR AVLANIR'),
(718, 'TUĞBA ÇETER'),
(719, 'MUHAMMED TAHA SÜRÜM'),
(720, 'ELİF AYŞE UZUNOĞLU'),
(721, 'AYŞE YARDIMCI'),
(722, 'ZEHRA BOZKUŞ'),
(723, 'ÜMMÜGÜLSÜM DAYANGAÇ'),
(724, 'MAHPERİ ALKIŞ'),
(725, 'SUNA ŞAHİN'),
(726, 'ALİ ZİLELİGİL'),
(727, 'ABDULLAH AK'),
(728, 'GÜLNAME KONUK'),
(729, 'GÖKTEKİN DAĞLI'),
(730, 'HANDE KESİK'),
(731, 'SEBİHA GENÇTÜRK'),
(732, 'IŞIK NACAROĞLU'),
(733, 'FEVZİYE EROL'),
(734, 'HANDE DOĞAN'),
(735, 'OSMAN ERSEGUN ARI'),
(736, 'FATIMA İLAY ARTUÇ'),
(737, 'İSMAİL EVREN DOĞAN'),
(738, 'SUAT ÇEVİK'),
(739, 'RİFAT CAN KAYMAN'),
(740, 'BİLAL BARIŞ BAZ'),
(741, 'YASİN TEZEL'),
(742, 'BETÜL EMİNE IŞIK'),
(743, 'YENER KARDAŞ'),
(744, 'MÜMTAZ BAZ'),
(745, 'CEMRE KARA'),
(746, 'OKTAY KUTAN'),
(747, 'ESİN ŞENGÜL'),
(748, 'TOLGA SARAÇ'),
(749, 'ONUR KADİR TEKİNSOY'),
(750, 'ŞEREF CAN ÇINARLIK'),
(751, 'CEM İNAN YAMAN'),
(752, 'ERCAN GÖKTÜRK'),
(753, 'NESLİHAN KARAAĞAÇ'),
(754, 'ENDER KUTLAR'),
(755, 'MEHMET NURİ ERSOY'),
(756, 'ECE GERDAN'),
(757, 'HACI MEHMET AFŞAR'),
(758, 'DEMET YANCAR'),
(759, 'SEVAL TATAR'),
(760, 'GAMZE ÖZÇELİK'),
(761, 'GÖKHAN OĞUZSOY'),
(762, 'MAHSUM SEVİNÇ'),
(763, 'SERKAN IŞIKALAN'),
(764, 'AYDIN OLGAÇ'),
(765, 'MUHAMMET MURAT İMALI'),
(766, 'ŞENAY TEKİNSOY'),
(767, 'MERAL KORKMAZ'),
(768, 'SERAY BOLAT'),
(769, 'MUHAMMED HASAN ADANIR'),
(770, 'MUAMMER HAYRİ BÜYÜK'),
(771, 'ÖKKEŞ DUYU'),
(772, 'SİBEL KAYACAN'),
(773, 'HASAN SERKAN TURAN'),
(774, 'NAFİYE BAŞYURT'),
(775, 'ŞEBNEM ERSOY'),
(776, 'KIYMET KEBAPCILAR'),
(777, 'MUSACİDE ZEHRA YENİÇERİ'),
(778, 'YASİN BAŞ'),
(779, 'HASAN SERKAN KARPUZOĞLU'),
(780, 'GÜLHANIM CEYLAN'),
(781, 'AZİZ KONUK'),
(782, 'EDİP GÜVENÇ ASENA'),
(783, 'ENDER KANKILIÇ'),
(784, 'SİNAN BAK'),
(785, 'TUĞÇE BALLI'),
(786, 'BELGİN KAHRAMAN'),
(787, 'İRFAN YÜCEL'),
(788, 'EMRAH BULUR'),
(789, 'NAİME SILA LAĞARLI'),
(790, 'SERAY KOCAMAN'),
(791, 'ALİ OZAN MURT'),
(792, 'URAL DURMAN'),
(793, 'ENDER ERGİNTÜRK'),
(794, 'CEM KARATAŞ'),
(795, 'SARE ÇETİNER'),
(796, 'SULTAN KILINÇ'),
(797, 'GÖKAY TATLI'),
(798, 'SERHAT BURKAY AKAR'),
(799, 'BİLAL BARIŞ YALINKILIÇ'),
(800, 'LEMAN BAGLARS'),
(801, 'MUHLİS KARACA'),
(802, 'SEHER ÖZLEM KANKILIÇ'),
(803, 'SULTAN KEÇECİ'),
(804, 'KALENDER YEŞİLOVA'),
(805, 'BETÜL ARTUÇ'),
(806, 'UĞURAY BAHÇECİ'),
(807, 'MUSTAFA FERHAT IŞIK'),
(808, 'GÖKTEKİN YÜCETÜRK'),
(809, 'HAÇÇE GÜLTEKİN'),
(810, 'BERRİN İMALI'),
(811, 'ZÜHAL YETİZ'),
(812, 'CUMHUR BURAK'),
(813, 'ÇETİN ÇEVİK'),
(814, 'OKTAY YİĞİT'),
(815, 'ZERRİN TOLA'),
(816, 'DİLARA ÖCAL'),
(817, 'ZÜMRÜT ELA UYKUR'),
(818, 'PELİN NUHVEREN'),
(819, 'HİLAL KAYAYURT'),
(820, 'MUSACİDE ZEHRA YALINKILIÇ'),
(821, 'ÖNDER KOÇAR'),
(822, 'MUSTAFA ULAŞ TIRAŞ'),
(823, 'SEMA NİLAY KUYUCU'),
(824, 'ÖZGE UZ'),
(825, 'ŞEYMA TOLA'),
(826, 'ABDULSAMET BAYRAMOĞLU'),
(827, 'İBRAHİM ELÇİ'),
(828, 'GAMZE PINAR KOPAN'),
(829, 'AHMET GÖKHAN KAHREMAN'),
(830, 'FUAT SÜLÜK'),
(831, 'ŞÜKRÜ YAMAK'),
(832, 'FIRAT YAKUT'),
(833, 'HAMDİ ÖZCANOĞLU'),
(834, 'NURİ ANIL BEREKET'),
(835, 'ASLIHAN GÜLŞAN'),
(836, 'DENİZ GENÇTÜRK'),
(837, 'HALUK KAHRAMAN'),
(838, 'OĞUZ USTAALİOĞLU'),
(839, 'EMRAH KEMAL COŞGUN'),
(840, 'HİLAL USTAALİOĞLU'),
(841, 'AHMET ATAR'),
(842, 'MUSACİDE ZEHRA ŞENTÜRK'),
(843, 'ATİLLA SÜLEYMAN İNAL'),
(844, 'MUHAMMET TAYYİP GÜRBOSTAN'),
(845, 'TAHSİN BATUHAN SAĞLAM'),
(846, 'YUSUF DAM'),
(847, 'AYHAN ÇELİKER'),
(848, 'EMRAH KEMAL GÜL'),
(849, 'SEVAL KUCUR'),
(850, 'FERİT YARBİL'),
(851, 'AYKAN BAK'),
(852, 'ÖZGÜL İLHAN'),
(853, 'OSMAN ERSEGUN YALÇINKAYA'),
(854, 'HAYRİYE ANIK'),
(855, 'MEHMET BURHAN ÇİFTCİ'),
(856, 'İHSAN MART'),
(857, 'NİHAL KASAP'),
(858, 'BEYZA ALMOFTI'),
(859, 'MAHMUT ESAT KORKMAZOĞLU'),
(860, 'EVRİM İLKER'),
(861, 'ŞERİFE YASEMİN GEDÜK'),
(862, 'SIDIKA ÖTER'),
(863, 'DERMAN KÖYLÜOĞLU'),
(864, 'ŞEREF CAN OYNAK'),
(865, 'ALEVTİNA KULAÇ'),
(866, 'GÖKMEN ALPASLAN OLGAÇ'),
(867, 'FUNDA AKKÜÇÜK'),
(868, 'SEÇİL DAĞLI'),
(869, 'CEMAL GÜNEŞ'),
(870, 'HÜSEYİN KUNTER GİRAY'),
(871, 'MUSTAFA ULAŞ DEMİRÖZ'),
(872, 'UFUK KORKMAZOĞLU'),
(873, 'FEVZİYE RENÇBER'),
(874, 'MUSTAFA ULAŞ DOĞAN'),
(875, 'SERKAN BOZKIR'),
(876, 'KORAY ÇINAR'),
(877, 'SEMRA TEMLİ'),
(878, 'MUHAMMET TAYYİP TEKİNSOY'),
(879, 'CENGİZ DEMİRER'),
(880, 'AYKUT SERTKAYA'),
(881, 'CEYHUN UZUNCA'),
(882, 'ÇAĞDAŞ KARA'),
(883, 'ZELİHA YARBİL'),
(884, 'AHMET İZGİ'),
(885, 'OSMAN ERSEGUN UZUNCAN'),
(886, 'ÖNDER TURGUT PİRDOĞAN'),
(887, 'ENDER YURDSEVEN'),
(888, 'ORGÜL DERYA BALSAK'),
(889, 'KENAN SELÇUK AKSAKAL'),
(890, 'MUSTAFA ALİCAN MART'),
(891, 'DİDEM AYŞE HÖKE'),
(892, 'ATILGAN ELBÜKEN'),
(893, 'OĞUZHAN DAM'),
(894, 'ÖVGÜ ANIL MAĞATUR'),
(895, 'SERHAT ÇÖL'),
(896, 'AYŞE GÜLÇİN ULUÖZ'),
(897, 'DUYGU KANKILIÇ'),
(898, 'NİHAT BERKAY YENİDOĞAN'),
(899, 'FARUK DENİZ'),
(900, 'ÖZGE KISAOĞLU'),
(901, 'MUSTAFA ACARBULUT'),
(902, 'MEHMET ÖZÇAY'),
(903, 'BEDRİ DAL'),
(904, 'DİLEK EKİNCİ'),
(905, 'GÜHER İRİS'),
(906, 'ASLIHAN DİVARCI'),
(907, 'SİBEL SEVEN'),
(908, 'ERCAN BAHÇECİ'),
(909, 'TUBA ÖNER'),
(910, 'ZERRİN TAŞLI'),
(911, 'SEMİH KAPÇAK'),
(912, 'COŞKUN YALÇINKAYA'),
(913, 'BİLGİ UÇAR'),
(914, 'MUHAMMED HASAN AKAR'),
(915, 'AYSUN AKGÜN'),
(916, 'YELDA YANCAR'),
(917, 'CEMRE ELÇİ'),
(918, 'BEDRİ DEMİRKOL'),
(919, 'MEHMET MURAT KANKILIÇ'),
(920, 'ÖZGE ÇİFTCİ'),
(921, 'YASEMİN DİLEK'),
(922, 'SERKAN MERDEN'),
(923, 'ATİYE MELTEM SÜRÜM'),
(924, 'BÜŞRA SULTAN UÇAR'),
(925, 'HALUK DUMAN'),
(926, 'MEHMET BURHAN İLKER'),
(927, 'ADNAN ARSLANKEÇECİOĞLU'),
(928, 'YİĞİT ZENGİN'),
(929, 'FERDA AKBAŞ'),
(930, 'BURCU ÖZBEYLER'),
(931, 'YILDIRIM ERASLAN'),
(932, 'BESTE YÜZER'),
(933, 'İLKAY DAĞLIOĞLU'),
(934, 'ÖZGÜR SİNAN ARSLAN'),
(935, 'ADNAN GÖKÇEK'),
(936, 'MÜBERRA YABUL'),
(937, 'AYŞE GÜLÇİN ÇINARLIK'),
(938, 'LEVENT SEVEN'),
(939, 'HALUK BALLI'),
(940, 'ÇAĞRI SÖNMEZ'),
(941, 'MERVE KEBAPCILAR'),
(942, 'SEHER ÖZLEM ÇINARLIK'),
(943, 'NURCAN HİÇYILMAZ'),
(944, 'AHMET YURDSEVEN'),
(945, 'GAMZE PINAR KAYLAN'),
(946, 'FERAT EŞMEN'),
(947, 'AHMET EMRE TACİR'),
(948, 'İSA DURMAN'),
(949, 'BENGÜHAN AKTAŞ'),
(950, 'EVREN DESTEGÜL'),
(951, 'MUHAMMED TAHA AKCAN'),
(952, 'SEBİHA KOÇOĞLU'),
(953, 'GÖZDE KÜBRA ÇETE'),
(954, 'FİLİZ GÜLTEKİN'),
(955, 'FUAT ERNİS ALTAŞ'),
(956, 'SEZİN SUZAN'),
(957, 'EMRAH YANCAR'),
(958, 'ESRA GİRAY'),
(959, 'CEMRE İLHAN'),
(960, 'EFTAL MURAT ÇOBANOĞLU'),
(961, 'KORAY KIZILMEŞE'),
(962, 'MEHMET BURHAN DURAN'),
(963, 'SİBEL YETİZ'),
(964, 'CEMİL IŞIKALAN'),
(965, 'MEHMET BURHAN ÇINAR'),
(966, 'SAMET ULUÖZ'),
(967, 'FIRAT BÜYÜKCAM'),
(968, 'MUHAMMED TAHA KAVMAZ'),
(969, 'SARE EŞMEN'),
(970, 'BAYRAM AKPINAR'),
(971, 'BEDRİ TAŞKIN'),
(972, 'SAMET EYLEN'),
(973, 'SEZİN PİŞİRGEN'),
(974, 'MERAL ÖKMEN'),
(975, 'SİMGE AKKAN'),
(976, 'BURÇİN KONUK'),
(977, 'NURSEL ÜLGER'),
(978, 'MÜMTAZ AYDIN'),
(979, 'NAFİYE BALSAK'),
(980, 'ERCAN ÇALIK'),
(981, 'BELGİN BADILLIOĞLU'),
(982, 'VELİ ÇAĞLAR KARPUZ'),
(983, 'AHMET IŞIK'),
(984, 'HİLAYDA ELVERDİ'),
(985, 'SEÇİL YAPAR'),
(986, 'SEDEF ELÇİ'),
(987, 'CEMİLE AYŞE KAYMAN'),
(988, 'VEYSEL YALINKILIÇ'),
(989, 'BERNA BİLAL'),
(990, 'OLCAY BAŞAK SAKALLI'),
(991, 'BERRİN BEKAR'),
(992, 'NİHAT BERKAY YENİDÜNYA'),
(993, 'ESER GÜLSOY'),
(994, 'NECİP SAKALLIOĞLU'),
(995, 'ABDULLAH ARİF ÖNAL'),
(996, 'ATİLLA SÜLEYMAN YENİAY'),
(997, 'COŞKUN GÖLEMEZ'),
(998, 'ABDULSAMET AKBUDAK'),
(999, 'İHSAN BODUROĞLU'),
(1000, 'BERFİN CAN ÇELİKER'),
(1001, 'SİMGE DURMAN'),
(1002, 'GÜNAY KARDAŞ'),
(1003, 'NAZIM ANIK'),
(1004, 'SIDIKA İLKER'),
(1005, 'MEHMET HÜSEYİN SAVAŞ'),
(1006, 'BİLGE DEĞİRMENCİ'),
(1007, 'ENVER ELBÜKEN'),
(1008, 'SERDAR BODUROĞLU'),
(1009, 'TAHSİN BATUHAN GÜLSOY'),
(1010, 'GÜLHANIM ÜLGER'),
(1011, 'AYSEL İÇBAY'),
(1012, 'NURAN YÜZER'),
(1013, 'CUMA BOLAT'),
(1014, 'HALUK TAŞ'),
(1015, 'ESİN SEREN YALÇIN'),
(1016, 'ORÇUN İZCİ'),
(1017, 'NİLÜFER ZİLELİGİL'),
(1018, 'AYDEMİR ŞATIROĞLU'),
(1019, 'NEVROZ BALSAK'),
(1020, 'MEHMET HİLMİ GÜLER'),
(1021, 'NURCAN BERTAN'),
(1022, 'GÜLHANIM HİÇYILMAZ'),
(1023, 'FİKRİ DEMİREL'),
(1024, 'EZGİ COŞGUN'),
(1025, 'HAZEL KAYACAN'),
(1026, 'GÜLAY YAMAN'),
(1027, 'ÖNDER YARDIMCI'),
(1028, 'İLHAN KAYLAN'),
(1029, 'OKTAY ASLAN'),
(1030, 'TÜLAY AKSAÇ'),
(1031, 'GÖKHAN TEKİNSOY'),
(1032, 'AYSUN TANRİVERDİ'),
(1033, 'BAHADIR SERTKAYA'),
(1034, 'YETKİN YÜZER'),
(1035, 'ŞAHABETTİN EREN'),
(1036, 'DUYGU KUYUCU'),
(1037, 'ÖVGÜ ANIL ÖZKURT'),
(1038, 'FERAT KARATAŞ'),
(1039, 'SUNA ZİLELİGİL'),
(1040, 'DİLBER BAĞLI'),
(1041, 'ABDULLAH ARİF KINIK'),
(1042, 'HASAN KADİR AFŞAR'),
(1043, 'ÇAVLAN DERE'),
(1044, 'MUAMMER HAYRİ NİZAM'),
(1045, 'HİKMET EKİN KAPÇAK'),
(1046, 'CEM GEÇMEN'),
(1047, 'BARIŞ SÖNMEZ'),
(1048, 'GÖKMEN ALPASLAN KISAOĞLU'),
(1049, 'SERDAR KARAKAYA'),
(1050, 'MÜMTAZ ÖTER'),
(1051, 'HİKMET EKİN GEDİKLİ'),
(1052, 'FEVZİYE TATAR'),
(1053, 'ESİN SEREN YENİDOĞAN'),
(1054, 'FATMA ECE SİVRİ'),
(1055, 'DİDEM AYŞE AKIN'),
(1056, 'ENDER KURUL'),
(1057, 'EREN SEZER'),
(1058, 'HÜSEYİN KUNTER YAVUZ'),
(1059, 'ZEYNEP YILDIZ'),
(1060, 'SARE YAKUT'),
(1061, 'FATIMA İLAY ÖCAL'),
(1062, 'ATİYE MELTEM AKSEL'),
(1063, 'ESER ŞAHİN'),
(1064, 'GÜHER SAVAŞ'),
(1065, 'ÖNDER AŞAN'),
(1066, 'ALEVTİNA DORUK'),
(1067, 'DERYA ÇAMUR'),
(1068, 'REFAETTİN İÇBAY'),
(1069, 'ÖMER ÖZKAN GÜNGÖR'),
(1070, 'GÜLHANIM TACİR'),
(1071, 'GÜLPERİ MAĞATUR'),
(1072, 'GÜHER GENÇER'),
(1073, 'İSMAİL MİKDAT GÖKÇEK'),
(1074, 'İHSAN KAVMAZ'),
(1075, 'MAHMUT ESAT GÜLTEKİN'),
(1076, 'SEDA ÖZİŞ'),
(1077, 'AYHAN KIZILMEŞE'),
(1078, 'ESİN SEREN BURAK'),
(1079, 'NİHAT BERKAY BERENT'),
(1080, 'AYSEL ELGÖRMÜŞ'),
(1081, 'HÜSEYİN ONUR ÖZKAYA'),
(1082, 'BETÜL EMİNE YAKIŞAN'),
(1083, 'ABDULLAH YENİGÜN'),
(1084, 'HİKMET EKİN ASENA'),
(1085, 'SALİHA SANEM AVCI'),
(1086, 'ALİ SEÇKİN GÖLEMEZ'),
(1087, 'KENAN COŞKUN'),
(1088, 'MELİHA ESRA KIRBAŞ'),
(1089, 'SEÇİL BÜYÜK'),
(1090, 'SULTAN YETİZ'),
(1091, 'BİREYLÜL NART'),
(1092, 'BENHUR ŞİRVAN AKAR'),
(1093, 'MELİKE PİRDOĞAN'),
(1094, 'CEM İNAN ÖKMEN'),
(1095, 'BİLGİ HODJAOGLU'),
(1096, 'ALEVTİNA UYAR'),
(1097, 'YASEMİN KUTAN'),
(1098, 'ÖZGE TAHTACI'),
(1099, 'ŞERİFE YASEMİN DEMİRER'),
(1100, 'TUĞÇE AK'),
(1101, 'BERFİN CAN ÇINAR'),
(1102, 'MAHMUT BAK'),
(1103, 'HASAN SERKAN AZAR'),
(1104, 'SAYGIN ASLANER'),
(1105, 'KENAN SELÇUK EKİZ'),
(1106, 'SÜREYYA BURCU MUTLU'),
(1107, 'AHMET SELVİ'),
(1108, 'MAHMUT ÖTER'),
(1109, 'MUSTAFA ALİCAN KUYUCU'),
(1110, 'İSMAİL YAVUZ AKAN'),
(1111, 'MAHMUT ESAT IŞIK'),
(1112, 'SÜHEYLA AYÇA SİVRİ'),
(1113, 'CANSU SELCAN SEVİNÇ'),
(1114, 'ÖMER ÖZKAN KARAMAN'),
(1115, 'GÜLSEN ERKEN'),
(1116, 'İLKAY BÜYÜKCAM'),
(1117, 'YILDIZ ÇOBANOĞLU'),
(1118, 'DİLARA TEKER'),
(1119, 'GÖKTEKİN KAYAYURT'),
(1120, 'SUNA KOÇOĞLU'),
(1121, 'SELÇUK GENÇER'),
(1122, 'GÜNAY ÇAKMAK'),
(1123, 'VELAT ARI'),
(1124, 'MUZAFFER OĞUZ MART'),
(1125, 'İZZET SÜLÜK'),
(1126, 'MAKBULE SEDA TEKİNSOY'),
(1127, 'ORGÜL DERYA MALÇOK'),
(1128, 'GÜRKAN GÖK'),
(1129, 'ABDURRAHMAN FUAT TANRIKULU'),
(1130, 'COŞKUN BOZARSLAN'),
(1131, 'CEMİL SUNGAR'),
(1132, 'MEHMET MURAT DEMİREL'),
(1133, 'ERAY AYHAN'),
(1134, 'HACER KÜÇÜKÖZKAN'),
(1135, 'MUSTAFA CİHAD ACARBULUT'),
(1136, 'TUĞÇE KOPTUR'),
(1137, 'ÖNDER KAPÇAK'),
(1138, 'ERCAN DEMİRÖZ'),
(1139, 'GÜRKAN KÜÇÜK'),
(1140, 'ZEYNEP BAŞYURT'),
(1141, 'BELGİN EMİNE KANAT'),
(1142, 'EBRU BÜYÜKCERAN'),
(1143, 'GÖKÇEN BÜYÜKCAM'),
(1144, 'TUNA HAŞİMOĞLU'),
(1145, 'CEM İNAN DÜNDAR'),
(1146, 'MUHAMMET MUSTAFA TAŞLI'),
(1147, 'SEDEF KONUK'),
(1148, 'FERDİ YABUL'),
(1149, 'MEHMET ÖZGÜR GENÇDAL'),
(1150, 'NİLGÜN CANİK'),
(1151, 'ECE TAŞ'),
(1152, 'TUBA UZUNCA'),
(1153, 'ABDÜLSAMET SANCAR'),
(1154, 'ATILGAN KAHREMAN'),
(1155, 'SEDAT KÖSE'),
(1156, 'IŞIK GÜLTEKİN'),
(1157, 'MUSTAFA CİHAD BADEM'),
(1158, 'SERÇİN DENİZ'),
(1159, 'SEYHAN KÖSE'),
(1160, 'MUSTAFA KÜRŞAT ALMOFTI'),
(1161, 'NECİP GENÇER'),
(1162, 'ZEHRA DEMİRER'),
(1163, 'ENGİN TEKİN'),
(1164, 'MERVE CÖMERT'),
(1165, 'DEMİR İLHAN'),
(1166, 'ÖZLEM ÖNER'),
(1167, 'FEYZA YÜCETÜRK'),
(1168, 'GÜRKAN SELVİ'),
(1169, 'NİLÜFER USTAALİOĞLU'),
(1170, 'EVRİM KARAGÖZ'),
(1171, 'ARZU HAŞİMOĞLU'),
(1172, 'RIFAT KAÇIRA'),
(1173, 'ADEM AKCAN'),
(1174, 'COŞKUN BERENT'),
(1175, 'BÜŞRA SULTAN KARACA'),
(1176, 'FATMA SELCEN MENDEŞ'),
(1177, 'CEYHAN ERDOĞAN'),
(1178, 'ÇAĞRI SAKALLI'),
(1179, 'CEMRE İLKER'),
(1180, 'ÇAĞLAR BADILLIOĞLU'),
(1181, 'PELİN ÇINAR'),
(1182, 'CEM İNAN COŞKUN'),
(1183, 'TUĞRA KAYLAN'),
(1184, 'NURAN KIRBAŞ'),
(1185, 'HAZEL YENİGÜN'),
(1186, 'ÖZGE ÖZTÜRK'),
(1187, 'YASİN ASENA'),
(1188, 'CUMA AKMAN'),
(1189, 'MUHLİS ÇOLAKEROL'),
(1190, 'TAHSİN BATUHAN BAŞYURT'),
(1191, 'EMİNE KELEŞ'),
(1192, 'ATILGAN ÖZÇELİK'),
(1193, 'MUHAMMET MUSTAFA VATANSEVER'),
(1194, 'KENAN KARAHAN'),
(1195, 'HAKAN DORUK'),
(1196, 'TOLGA DEMİRKOL'),
(1197, 'NİHAL YEŞİLFİDAN'),
(1198, 'ÖZGE TIRAŞ'),
(1199, 'EMİNE AYÇA İMALI'),
(1200, 'MAHMUT NURİ TIRAŞ'),
(1201, 'SEVAL GÜVEREN'),
(1202, 'TİMUR BÜYÜK'),
(1203, 'ELİFCAN ÇEVİK'),
(1204, 'SELMA ŞELİMAN'),
(1205, 'SUAT TAŞKIRAN'),
(1206, 'ENES PİRDOĞAN'),
(1207, 'CEYHUN YÜCETÜRK'),
(1208, 'HAKAN ÖĞÜTMEN'),
(1209, 'BERFİN NALBANT'),
(1210, 'FADIL ÖZCANOĞLU'),
(1211, 'EMRE ÖZCAN'),
(1212, 'KEMAL SÜLÜK'),
(1213, 'İLHAN TAŞ'),
(1214, 'MAHMUT BAKIR ÖZKAYA'),
(1215, 'MAKBULE SEDA KAHRAMAN'),
(1216, 'MELİKE DİLLİ'),
(1217, 'GÜLSEN ERGE'),
(1218, 'ULAŞ AYDOĞAN'),
(1219, 'OLCAY BAŞAK ÇETE'),
(1220, 'ÖZGE ÇETE'),
(1221, 'ŞERİFE YASEMİN GÜNEŞ'),
(1222, 'FUAT AŞAN'),
(1223, 'EMRAH YENİDÜNYA'),
(1224, 'NEVRİYE BÜYÜKCERAN'),
(1225, 'RİFAT CAN YARBİL'),
(1226, 'HACER DEMİRÖZ'),
(1227, 'AHMET EMRE DEMİREL'),
(1228, 'ESRA CAN KARAMAN'),
(1229, 'OSMAN PİRİ'),
(1230, 'EZEL EYÜP'),
(1231, 'SEDA ÇİLDİR'),
(1232, 'EREN KAYACAN'),
(1233, 'ABDULSAMET KIZILMEŞE'),
(1234, 'SERDAR ORTA'),
(1235, 'BURHAN DAĞLI'),
(1236, 'ŞENAY NACAROĞLU'),
(1237, 'KÜRŞAT ERASLAN'),
(1238, 'İLKER BURAK'),
(1239, 'GÜHER GEZİCİ'),
(1240, 'ÇAVLAN SEZER'),
(1241, 'AYŞE GÜLÇİN KARAKAYA'),
(1242, 'OSMAN ERSEGUN HİÇYILMAZ'),
(1243, 'SEDAT DEMİRTAŞ'),
(1244, 'CEM KOÇAR'),
(1245, 'RAMAZAN KIRAN'),
(1246, 'AHMET GÖKHAN NACAROĞLU'),
(1247, 'FUNDA KUDAY'),
(1248, 'GÖKÇEN SİVRİ'),
(1249, 'CENGİZ BİLGİN'),
(1250, 'ZELİHA PAKSOY'),
(1251, 'BENGÜHAN ÖZTAŞ'),
(1252, 'MEHMET ÖZGÜR AKSU'),
(1253, 'FUAT ERNİS ÇİFTCİ'),
(1254, 'ŞAHABETTİN ULUTAŞ'),
(1255, 'YUSUF ALPER YALÇIN'),
(1256, 'MURAT GENÇER'),
(1257, 'MUSTAFA FERHAT GÖKALP'),
(1258, 'NURAY NUHVEREN'),
(1259, 'VELAT ADISANLI'),
(1260, 'SERAY AFŞAR'),
(1261, 'METİN YÜZER'),
(1262, 'MÜMÜNE KÖSE'),
(1263, 'ASUDAN TUĞÇE TEKER'),
(1264, 'HACI MEHMET YAMAN'),
(1265, 'SEBİHA AK'),
(1266, 'FAİK YURDSEVEN'),
(1267, 'OĞUZHAN ERGE'),
(1268, 'MUSTAFA GÜRBOSTAN'),
(1269, 'AHMET EMRE TURAN'),
(1270, 'İBRAHİM GÖRMÜŞ'),
(1271, 'ERHAN AKSOY'),
(1272, 'AHMET EMRE NART'),
(1273, 'ENVER NİMETİGİL'),
(1274, 'EMİŞ AŞAN'),
(1275, 'SERHAT BURKAY SEVEN'),
(1276, 'FATMA BEGÜM DİLMEN'),
(1277, 'İBRAHİM HALİL ÇEVİK'),
(1278, 'HAYRİ BARAN'),
(1279, 'SELÇUK AKIN'),
(1280, 'FUAT AKTAŞ'),
(1281, 'NEFİSE MENEKŞE'),
(1282, 'YİĞİT GEDÜK'),
(1283, 'SELİM DEMİRCAN'),
(1284, 'OLCAY BAŞAK ÖZTAŞ'),
(1285, 'SÜHEYLA AVLANIR'),
(1286, 'ABDULSAMET GÜL'),
(1287, 'BEYZA ULUÖZ'),
(1288, 'AHMET ÇAĞRI SÜLÜK'),
(1289, 'CEMRE ERKEN'),
(1290, 'OSMAN ERSEGUN KULA'),
(1291, 'GAMZE PINAR AHISKALI'),
(1292, 'DİDEM AYŞE YENİDÜNYA'),
(1293, 'HAKAN ERDEN'),
(1294, 'ASUMAN YAPAR'),
(1295, 'MAHSUM BİLGİN'),
(1296, 'ÖVGÜ ANIL KÖŞKER'),
(1297, 'ALİ SEÇKİN KILINÇ'),
(1298, 'EREN AYDOĞAN'),
(1299, 'KÜBRA BÜYÜK'),
(1300, 'MEHMET ÖZGÜR GEZİCİ'),
(1301, 'MUHAMMED TAHA KOCAMAN'),
(1302, 'VEYSEL ÇİLDİR'),
(1303, 'UFUK TEĞİN'),
(1304, 'BARIŞ GÜNEŞ'),
(1305, 'SİNAN TAŞ'),
(1306, 'SEVGİ KAVURGACI'),
(1307, 'YAVUZ GİRAY'),
(1308, 'İRFAN HODJAOGLU'),
(1309, 'CEREN ERGE'),
(1310, 'MÜNEVER YENİDOĞAN'),
(1311, 'FATİH RIFAT BADEM'),
(1312, 'İZZET KELEŞ'),
(1313, 'CEMRE BAHÇECİ'),
(1314, 'ASUDAN TUĞÇE GÜLDAMLA'),
(1315, 'ERKAN SABRİ ŞATIROĞLU'),
(1316, 'GÜLSEN ÖZAYDIN'),
(1317, 'GÜLPERİ DAL'),
(1318, 'EYÜP UZUNCAN'),
(1319, 'HACI İLKER'),
(1320, 'SERDAR KARPUZOĞLU'),
(1321, 'FADIL ÇİFTCİ'),
(1322, 'MUSACİDE ZEHRA YAPAR'),
(1323, 'AHMET AHÇI'),
(1324, 'İSMAİL MİKDAT AKKÜÇÜK'),
(1325, 'MEHMET NURİ ŞELİMAN'),
(1326, 'MURAT İLİK'),
(1327, 'NURDAN TIRAŞ'),
(1328, 'MAHİR BAKANAY'),
(1329, 'FEYZA AVCI'),
(1330, 'NAFİYE KURU'),
(1331, 'NURAY SAĞLAM'),
(1332, 'BARIŞ SELVİ'),
(1333, 'HÜSEYİN KUNTER İBİŞOĞLU'),
(1334, 'MUSTAFA CİHAD YENİDÜNYA'),
(1335, 'TUĞBA TARAKCI'),
(1336, 'ÇİĞDEM YÜZER'),
(1337, 'MUHLİS SULHAN'),
(1338, 'CEYHUN AKSOY'),
(1339, 'SERAP SAATÇIOĞLU'),
(1340, 'ERSAGUN IŞIK'),
(1341, 'SERPİL ACARBULUT'),
(1342, 'AYDEMİR YANCAR'),
(1343, 'ÖZGÜL ÇETER'),
(1344, 'DERVİŞ TARAKCI'),
(1345, 'YAVUZ CAF'),
(1346, 'NAZIM ATASOY'),
(1347, 'SAYGIN KUTLAR'),
(1348, 'FADIL ÖZÇAY'),
(1349, 'ÖZDEN AYDOĞAN'),
(1350, 'KEMAL KAVMAZ'),
(1351, 'KORAY İNAL'),
(1352, 'KENAN DAL'),
(1353, 'SEÇİL AKINCI'),
(1354, 'AYHAN HALHALLI'),
(1355, 'DURAN İSTEK'),
(1356, 'ELİF ÇİLER YAZICI'),
(1357, 'UĞURAY MALÇOK'),
(1358, 'EYÜP İNAL'),
(1359, 'FATIMA İLAY KADI'),
(1360, 'SELMA SAĞLAM'),
(1361, 'ASUDAN TUĞÇE İLHAN'),
(1362, 'YETKİN ERASLAN'),
(1363, 'İRFAN TEZEL'),
(1364, 'SİNAN BEDER'),
(1365, 'MEHMET ÖZER SAVAŞ'),
(1366, 'FERAT SAVAŞ'),
(1367, 'OĞUZHAN TEZEL'),
(1368, 'MUZAFFER OĞUZ ÇAMUR'),
(1369, 'BİLGİ BERENT'),
(1370, 'SONGÜL BEREKET'),
(1371, 'HANDE GEÇMEN'),
(1372, 'SENEM ÖZKAYA'),
(1373, 'EYÜP DEMİRER'),
(1374, 'SERDAR TEKİŞ'),
(1375, 'BEYZA DEMİRTAŞ'),
(1376, 'HANDE ÇETE'),
(1377, 'FATMA ESİN ÇANTAY'),
(1378, 'SEZİN TOPAL'),
(1379, 'ASLIHAN ESRA MAĞATUR'),
(1380, 'VELAT HÖKE'),
(1381, 'MUHAMMED HASAN EKİNCİ'),
(1382, 'ELA ASENA'),
(1383, 'MEHMET HÜSEYİN TÜLÜBAŞ'),
(1384, 'ABDULLAH ELÇİ'),
(1385, 'ÖZGÜR SİNAN MUTLU'),
(1386, 'AYŞE GÜLÇİN ÖĞÜTMEN'),
(1387, 'ÖNDER TURGUT YÜCEL'),
(1388, 'SELİM KIRAN'),
(1389, 'DİDEM TEKİR'),
(1390, 'KORAY YİĞİT'),
(1391, 'KENAN BAGLARS'),
(1392, 'RİFAT CAN ÖVEN'),
(1393, 'MEHMET GÖKÇE ORTA'),
(1394, 'ÇAĞDAŞ KAHREMAN'),
(1395, 'HABİL KESİK'),
(1396, 'ŞENOL TOPÇU'),
(1397, 'FIRAT DAL'),
(1398, 'YASİN TAŞLI'),
(1399, 'AYBÜKE ADANIR'),
(1400, 'ÖZLEM YALÇIN'),
(1401, 'OĞUZ ÇAKMAK'),
(1402, 'YILDIZ ALKIŞ'),
(1403, 'ENGİN DUMAN'),
(1404, 'FATİH GÜNEŞ'),
(1405, 'CEREN KARACA'),
(1406, 'BATURAY KANSU İMALI'),
(1407, 'NURETTİN SUNGAR'),
(1408, 'KIYMET TURGUT'),
(1409, 'MERAL ATMIŞ'),
(1410, 'KENAN SARAÇ'),
(1411, 'URAL AŞAN'),
(1412, 'HALE KORKMAZOĞLU'),
(1413, 'MAHSUM KAYACAN'),
(1414, 'GÜRKAN KARA'),
(1415, 'CEMAL KAYAYURT'),
(1416, 'CEYHUN GÜLŞAN'),
(1417, 'EREN TANRIKULU'),
(1418, 'AYDIN ÇINARLIK'),
(1419, 'ASLI TAŞKIRAN'),
(1420, 'GÜNAY BÜYÜKCERAN'),
(1421, 'AYKUT KAÇIRA'),
(1422, 'RAMAZAN KAYIHAN'),
(1423, 'AHMET EMRE ŞATIROĞLU'),
(1424, 'BERRİN KARPUZOĞLU'),
(1425, 'UMUT SİNAN AKŞAHİN'),
(1426, 'ESRA NUR KARABAĞ'),
(1427, 'TAHSİN BATUHAN ERGE'),
(1428, 'FADIL KOPAN'),
(1429, 'GÖZDE KÜBRA TANRİVERDİ'),
(1430, 'MURAT UZUNCAN'),
(1431, 'GÖKMEN ALPASLAN HODJAOGLU'),
(1432, 'YURDAGÜL ADANIR'),
(1433, 'MEHMET BURHAN AKSAÇ'),
(1434, 'ÖZGÜL AHÇI'),
(1435, 'SEZEN BAL'),
(1436, 'ORGÜL DERYA YALÇINKAYA'),
(1437, 'MUSTAFA GÜRHAN AZAR'),
(1438, 'FUAT KARATAŞ'),
(1439, 'ZÜHAL AKKAN'),
(1440, 'ZEYNEP GÖKÇE NALBANT'),
(1441, 'ESRA CAN DESTEGÜL'),
(1442, 'ONAT MUTLUER'),
(1443, 'OĞUZHAN ÖĞÜTMEN'),
(1444, 'İSMAİL EVREN ÖZANLAĞAN'),
(1445, 'ESİN GÜLTEKİN'),
(1446, 'SÜHEYLA AYVAZ'),
(1447, 'ŞEBNEM SULHAN'),
(1448, 'SEDEF SARAÇOĞLU'),
(1449, 'AYKAN ELBÜKEN'),
(1450, 'MUSTAFA ALİCAN SAVAŞ'),
(1451, 'ASLIHAN ESRA SAKALLI'),
(1452, 'MAHPERİ KULA'),
(1453, 'ASLIHAN GENEL'),
(1454, 'UĞURAY AKBAŞ'),
(1455, 'FATMA ECE KONUK'),
(1456, 'AYKUT PARA'),
(1457, 'FADIL DİLEK'),
(1458, 'ESER BALSAK'),
(1459, 'SERDAR GÖKÇEK'),
(1460, 'MUHAMMET MUSTAFA PAKÖZ'),
(1461, 'SALİHA KUCUR'),
(1462, 'GÜLNAME DUMAN'),
(1463, 'AYSEL YARBİL'),
(1464, 'EVRİM MALÇOK'),
(1465, 'ÖZLEM ERASLAN'),
(1466, 'AYŞE BULUR'),
(1467, 'SELMA KINIK'),
(1468, 'RASİM KARADENİZ'),
(1469, 'SERVET AHÇI'),
(1470, 'HASİBE KARAHAN'),
(1471, 'SEVGİ BÜYÜK'),
(1472, 'SEBİHA ŞENGÜL'),
(1473, 'KÜRŞAT GİRAY'),
(1474, 'HAÇÇE YAĞLI'),
(1475, 'ERDEM YENİÇERİ'),
(1476, 'MUZAFFER OĞUZ ÇELİK'),
(1477, 'GÜLAY YANCAR'),
(1478, 'ÖNDER TURGUT CEYLAN'),
(1479, 'ŞEREF CAN KIZILMEŞE'),
(1480, 'DUÇEM ÖZAYDIN'),
(1481, 'SERKAN TACİR'),
(1482, 'NİZAMETTİN YÜKSEL'),
(1483, 'MERVE ELVERDİ'),
(1484, 'MÜMÜNE İSTEK'),
(1485, 'SEDA MERDEN'),
(1486, 'MAHMUT ESAT FIRAT'),
(1487, 'YAVUZ SELİM TANRİVERDİ'),
(1488, 'HASAN ARTUÇ'),
(1489, 'ÖZGÜL EKİZ'),
(1490, 'BURHAN BAK'),
(1491, 'MUSTAFA FERHAT KARAGÖZ'),
(1492, 'SERVET TEKİR'),
(1493, 'BEDRİ ÖZAYDIN'),
(1494, 'ALMALA PINAR İSEN'),
(1495, 'TANSU AK'),
(1496, 'MEHMET NURİ PEKTAŞ'),
(1497, 'SERDAR DEMİRTAŞ'),
(1498, 'ENGİN KUŞKU'),
(1499, 'EZEL BEREKET'),
(1500, 'SUAT AVCI'),
(1501, 'İSMAİL EVREN AHISKALI'),
(1502, 'SERAP KAHRAMAN'),
(1503, 'EKİN DEMİRTAŞ'),
(1504, 'BURHAN YALINKILIÇ'),
(1505, 'ATILGAN TURĞUT'),
(1506, 'IŞIK DEMİREL'),
(1507, 'ÜMİT YAVAŞİ'),
(1508, 'GÖKTEKİN ERSOY'),
(1509, 'ÖNDER BAZ'),
(1510, 'ZEHRA KINIK'),
(1511, 'İLKAY ANIK'),
(1512, 'SEVİL KESİK'),
(1513, 'ENDER ÖZTAŞ'),
(1514, 'DEMİR YILDIZ'),
(1515, 'HANDE ÇOBANOĞLU'),
(1516, 'YAŞAR GÖKHAN TEKİN'),
(1517, 'GÜLPERİ YALNIZ'),
(1518, 'ATILGAN KEÇECİ'),
(1519, 'ENDER KARAHAN'),
(1520, 'DEMİR KÖSE'),
(1521, 'OKTAY GÜLDAMLA'),
(1522, 'BESTE LAĞARLI'),
(1523, 'DİLBER AKIŞ'),
(1524, 'ZÜMRÜT ELA PİŞİRGEN'),
(1525, 'GÖKMEN ALPASLAN ŞATIROĞLU'),
(1526, 'UMUT SEDA BAGLARS'),
(1527, 'ATILGAN ÇİFT'),
(1528, 'DUYGU OYNAK'),
(1529, 'DİDEM ÖZBEYLER'),
(1530, 'ÖKKEŞ KUCUR'),
(1531, 'FERDİ TANRIKULU'),
(1532, 'HACER SANHAL'),
(1533, 'GÜLHANIM KARAKUM'),
(1534, 'ÖVGÜ ANIL ÖZCANOĞLU'),
(1535, 'MAHMUT BAKIR KALYENCİ'),
(1536, 'EFTAL MURAT İMALI'),
(1537, 'MUHAMMED HASAN GÜNEŞ'),
(1538, 'MÜJDAT GÜLTEKİN'),
(1539, 'BAVER ELGÖRMÜŞ'),
(1540, 'SEDA TİLBE'),
(1541, 'DURAN OLGAÇ'),
(1542, 'OĞUZHAN ÖZKURT'),
(1543, 'MEHMET HÜSEYİN KOPTUR'),
(1544, 'ŞADİYE SELİN ERKEN'),
(1545, 'FATİH ÇETİNKAYA'),
(1546, 'ALİ KILINÇ'),
(1547, 'ORGÜL DERYA NUHVEREN'),
(1548, 'ECE DİVARCI'),
(1549, 'SIDIKA KARA'),
(1550, 'ATİLLA SÜLEYMAN GÜVEREN'),
(1551, 'SEMRA NİMETİGİL'),
(1552, 'RUKİYE ÖZDEN BÜYÜKCERAN'),
(1553, 'UĞURAY DİVARCI'),
(1554, 'ZEKERİYA ERSİN TAHTACI'),
(1555, 'ALİ BOLAT'),
(1556, 'ÜMİT AKTAŞ'),
(1557, 'RÜŞTÜ ÇÖL'),
(1558, 'CAN SEÇKİN'),
(1559, 'ALİŞAN ÖZÜDOĞRU'),
(1560, 'ORÇUN OYNAK'),
(1561, 'GÖKTEKİN ATEŞ'),
(1562, 'SELMA AKTAŞ'),
(1563, 'SİMENDER BİLAL'),
(1564, 'ERKAN KESER'),
(1565, 'OSMAN ŞENTÜRK'),
(1566, 'FİLİZ RENÇBER'),
(1567, 'MÜMTAZ SAKALLIOĞLU'),
(1568, 'ABDURRAHMAN FUAT DİNCER'),
(1569, 'İSMAİL EVREN ALICI'),
(1570, 'AYŞE GÜLÇİN GENÇER'),
(1571, 'MEHMET BURHAN KUŞKU'),
(1572, 'YAŞAR GÖKHAN KARACA'),
(1573, 'AHMET GÖKHAN KARPUZ'),
(1574, 'FERAT TURAN'),
(1575, 'TUĞÇE BAZ'),
(1576, 'SEBİHA ELGÖRMÜŞ'),
(1577, 'ALMALA PINAR DURAN'),
(1578, 'ANIL MUTLUER'),
(1579, 'İHSAN IŞIK'),
(1580, 'MUSTAFA KÜRŞAT YENİDÜNYA'),
(1581, 'AYSUN GÖKSOY'),
(1582, 'SARE GÜZEL'),
(1583, 'HASAN KADİR PEKER'),
(1584, 'MUZAFFER OĞUZ HÖKE'),
(1585, 'DURAN ÇANGAL'),
(1586, 'ERSAGUN BERENT'),
(1587, 'ELİF YARBİL'),
(1588, 'ESİN SARAÇOĞLU'),
(1589, 'MUHLİS CANİK'),
(1590, 'HASAN KADİR DERE'),
(1591, 'CEREN SELVİOĞLU'),
(1592, 'MERVE YALÇINKAYA'),
(1593, 'ESRA NUR ŞEN'),
(1594, 'ABDURRAHMAN FUAT BÜYÜKCERAN'),
(1595, 'SÜLEYMAN TIRAŞ'),
(1596, 'MEHMET YEŞİLOVA'),
(1597, 'FERDA İMALI'),
(1598, 'GÜNAY ŞELİMAN'),
(1599, 'ERSAGUN ADISANLI'),
(1600, 'GÜLSEN ÇİFT'),
(1601, 'SEMİNE EŞMEN'),
(1602, 'SÜHEYLA YAPAR'),
(1603, 'MESUT BARAN'),
(1604, 'BATURAY KANSU ÇİFT'),
(1605, 'SEVGİ EKİNCİ'),
(1606, 'EYÜP CANİK'),
(1607, 'HASİBE UZ'),
(1608, 'TANSU ELBÜKEN'),
(1609, 'HAMDİ YAĞAN'),
(1610, 'SEMA NİLAY BULUR'),
(1611, 'ZÜMRÜT ELA NALBANT'),
(1612, 'MUAMMER ERKAN'),
(1613, 'NESLİHAN PİRDOĞAN'),
(1614, 'TEVFİK ÖZGÜN İSEN'),
(1615, 'ŞEBNEM YÜCETÜRK'),
(1616, 'SEMA NİLAY KORKMAZ'),
(1617, 'ÖZGÜL BARAN'),
(1618, 'AYHAN DİNCER'),
(1619, 'DİDEM AYŞE ERSOY'),
(1620, 'TANSU YANCAR');

-- --------------------------------------------------------

--
-- Tablo için tablo yapısı `districts`
--

CREATE TABLE `districts` (
  `d_id` int(11) NOT NULL,
  `d_name` varchar(20) COLLATE utf8mb4_general_ci DEFAULT NULL
) ENGINE=InnoDB DEFAULT CHARSET=utf8mb4 COLLATE=utf8mb4_general_ci;

--
-- Tablo döküm verisi `districts`
--

INSERT INTO `districts` (`d_id`, `d_name`) VALUES
(1, 'MARMARA'),
(2, 'AKDENIZ'),
(3, 'EGE'),
(4, 'KARADENIZ'),
(5, 'ICANADOLU'),
(6, 'DOGUANADOLU'),
(7, 'GUNEYDOGUANADOLU');

-- --------------------------------------------------------

--
-- Tablo için tablo yapısı `markets`
--

CREATE TABLE `markets` (
  `m_id` int(11) NOT NULL,
  `m_name` varchar(40) COLLATE utf8mb4_general_ci DEFAULT NULL,
  `c_id` int(11) DEFAULT NULL
) ENGINE=InnoDB DEFAULT CHARSET=utf8mb4 COLLATE=utf8mb4_general_ci;

--
-- Tablo döküm verisi `markets`
--

INSERT INTO `markets` (`m_id`, `m_name`, `c_id`) VALUES
(1, 'SOK', 1),
(2, 'MIGROS', 1),
(3, 'BIZIM', 1),
(4, 'MOPAS', 1),
(5, 'A-101', 1),
(6, 'METRO', 2),
(7, 'KIPA', 2),
(8, 'SOK', 2),
(9, 'MIGROS', 2),
(10, 'MOPAS', 2),
(11, 'MOPAS', 3),
(12, 'A-101', 3),
(13, 'METRO', 3),
(14, 'BIZIM', 3),
(15, 'KIPA', 3),
(16, 'ONUR', 4),
(17, 'MOPAS', 4),
(18, 'BIM', 4),
(19, 'A-101', 4),
(20, 'KIPA', 4),
(21, 'ONUR', 5),
(22, 'BIZIM', 5),
(23, 'SOK', 5),
(24, 'MIGROS', 5),
(25, 'BIM', 5),
(26, 'SOK', 6),
(27, 'MIGROS', 6),
(28, 'KIPA', 6),
(29, 'ONUR', 6),
(30, 'BIZIM', 6),
(31, 'A-101', 7),
(32, 'BIM', 7),
(33, 'KIPA', 7),
(34, 'MOPAS', 7),
(35, 'CAGRI', 7),
(36, 'BIM', 8),
(37, 'ONUR', 8),
(38, 'BIZIM', 8),
(39, 'MOPAS', 8),
(40, 'SOK', 8),
(41, 'MOPAS', 9),
(42, 'CAGRI', 9),
(43, 'ONUR', 9),
(44, 'BIM', 9),
(45, 'KIPA', 9),
(46, 'METRO', 10),
(47, 'ONUR', 10),
(48, 'MOPAS', 10),
(49, 'BIM', 10),
(50, 'SOK', 10),
(51, 'A-101', 11),
(52, 'BIM', 11),
(53, 'METRO', 11),
(54, 'ONUR', 11),
(55, 'SOK', 11),
(56, 'BIZIM', 12),
(57, 'SOK', 12),
(58, 'BIM', 12),
(59, 'KIPA', 12),
(60, 'CAGRI', 12),
(61, 'CAGRI', 13),
(62, 'ONUR', 13),
(63, 'A-101', 13),
(64, 'MIGROS', 13),
(65, 'METRO', 13),
(66, 'KIPA', 14),
(67, 'A-101', 14),
(68, 'SOK', 14),
(69, 'METRO', 14),
(70, 'CAGRI', 14),
(71, 'MIGROS', 15),
(72, 'ONUR', 15),
(73, 'CAGRI', 15),
(74, 'A-101', 15),
(75, 'BIM', 15),
(76, 'MOPAS', 16),
(77, 'METRO', 16),
(78, 'BIM', 16),
(79, 'A-101', 16),
(80, 'KIPA', 16),
(81, 'ONUR', 17),
(82, 'METRO', 17),
(83, 'BIZIM', 17),
(84, 'SOK', 17),
(85, 'MOPAS', 17),
(86, 'MOPAS', 18),
(87, 'CAGRI', 18),
(88, 'KIPA', 18),
(89, 'BIM', 18),
(90, 'MIGROS', 18),
(91, 'BIZIM', 19),
(92, 'KIPA', 19),
(93, 'SOK', 19),
(94, 'METRO', 19),
(95, 'MIGROS', 19),
(96, 'BIZIM', 20),
(97, 'METRO', 20),
(98, 'MIGROS', 20),
(99, 'CAGRI', 20),
(100, 'BIM', 20),
(101, 'METRO', 21),
(102, 'A-101', 21),
(103, 'MIGROS', 21),
(104, 'CAGRI', 21),
(105, 'BIM', 21),
(106, 'ONUR', 22),
(107, 'BIM', 22),
(108, 'BIZIM', 22),
(109, 'SOK', 22),
(110, 'KIPA', 22),
(111, 'BIM', 23),
(112, 'MOPAS', 23),
(113, 'METRO', 23),
(114, 'KIPA', 23),
(115, 'MIGROS', 23),
(116, 'ONUR', 24),
(117, 'BIZIM', 24),
(118, 'METRO', 24),
(119, 'KIPA', 24),
(120, 'MOPAS', 24),
(121, 'BIM', 25),
(122, 'SOK', 25),
(123, 'CAGRI', 25),
(124, 'MOPAS', 25),
(125, 'ONUR', 25),
(126, 'KIPA', 26),
(127, 'CAGRI', 26),
(128, 'SOK', 26),
(129, 'MOPAS', 26),
(130, 'METRO', 26),
(131, 'BIZIM', 27),
(132, 'BIM', 27),
(133, 'METRO', 27),
(134, 'SOK', 27),
(135, 'CAGRI', 27),
(136, 'BIM', 28),
(137, 'KIPA', 28),
(138, 'CAGRI', 28),
(139, 'MOPAS', 28),
(140, 'SOK', 28),
(141, 'BIZIM', 29),
(142, 'CAGRI', 29),
(143, 'SOK', 29),
(144, 'KIPA', 29),
(145, 'MOPAS', 29),
(146, 'BIM', 30),
(147, 'MOPAS', 30),
(148, 'A-101', 30),
(149, 'METRO', 30),
(150, 'SOK', 30),
(151, 'SOK', 31),
(152, 'CAGRI', 31),
(153, 'ONUR', 31),
(154, 'BIM', 31),
(155, 'METRO', 31),
(156, 'MIGROS', 32),
(157, 'CAGRI', 32),
(158, 'METRO', 32),
(159, 'ONUR', 32),
(160, 'MOPAS', 32),
(161, 'ONUR', 33),
(162, 'A-101', 33),
(163, 'CAGRI', 33),
(164, 'MOPAS', 33),
(165, 'BIM', 33),
(166, 'METRO', 34),
(167, 'KIPA', 34),
(168, 'BIZIM', 34),
(169, 'MOPAS', 34),
(170, 'MIGROS', 34),
(171, 'MOPAS', 35),
(172, 'BIZIM', 35),
(173, 'A-101', 35),
(174, 'METRO', 35),
(175, 'ONUR', 35),
(176, 'MIGROS', 36),
(177, 'MOPAS', 36),
(178, 'KIPA', 36),
(179, 'CAGRI', 36),
(180, 'BIZIM', 36),
(181, 'CAGRI', 37),
(182, 'BIM', 37),
(183, 'MIGROS', 37),
(184, 'MOPAS', 37),
(185, 'METRO', 37),
(186, 'BIZIM', 38),
(187, 'MOPAS', 38),
(188, 'KIPA', 38),
(189, 'MIGROS', 38),
(190, 'BIM', 38),
(191, 'CAGRI', 39),
(192, 'SOK', 39),
(193, 'MOPAS', 39),
(194, 'METRO', 39),
(195, 'A-101', 39),
(196, 'CAGRI', 40),
(197, 'A-101', 40),
(198, 'MIGROS', 40),
(199, 'SOK', 40),
(200, 'METRO', 40),
(201, 'MOPAS', 41),
(202, 'MIGROS', 41),
(203, 'METRO', 41),
(204, 'CAGRI', 41),
(205, 'BIZIM', 41),
(206, 'CAGRI', 42),
(207, 'MOPAS', 42),
(208, 'SOK', 42),
(209, 'MIGROS', 42),
(210, 'ONUR', 42),
(211, 'MOPAS', 43),
(212, 'BIM', 43),
(213, 'CAGRI', 43),
(214, 'A-101', 43),
(215, 'BIZIM', 43),
(216, 'ONUR', 44),
(217, 'KIPA', 44),
(218, 'BIM', 44),
(219, 'MOPAS', 44),
(220, 'MIGROS', 44),
(221, 'METRO', 45),
(222, 'SOK', 45),
(223, 'BIM', 45),
(224, 'KIPA', 45),
(225, 'CAGRI', 45),
(226, 'MIGROS', 46),
(227, 'CAGRI', 46),
(228, 'BIM', 46),
(229, 'ONUR', 46),
(230, 'MOPAS', 46),
(231, 'MIGROS', 47),
(232, 'CAGRI', 47),
(233, 'BIZIM', 47),
(234, 'ONUR', 47),
(235, 'SOK', 47),
(236, 'BIZIM', 48),
(237, 'ONUR', 48),
(238, 'MIGROS', 48),
(239, 'SOK', 48),
(240, 'METRO', 48),
(241, 'SOK', 49),
(242, 'CAGRI', 49),
(243, 'MIGROS', 49),
(244, 'ONUR', 49),
(245, 'BIZIM', 49),
(246, 'KIPA', 50),
(247, 'MOPAS', 50),
(248, 'MIGROS', 50),
(249, 'METRO', 50),
(250, 'BIM', 50),
(251, 'SOK', 51),
(252, 'ONUR', 51),
(253, 'MOPAS', 51),
(254, 'CAGRI', 51),
(255, 'KIPA', 51),
(256, 'METRO', 52),
(257, 'ONUR', 52),
(258, 'SOK', 52),
(259, 'MOPAS', 52),
(260, 'A-101', 52),
(261, 'ONUR', 53),
(262, 'MIGROS', 53),
(263, 'METRO', 53),
(264, 'SOK', 53),
(265, 'A-101', 53),
(266, 'MIGROS', 54),
(267, 'SOK', 54),
(268, 'A-101', 54),
(269, 'BIZIM', 54),
(270, 'KIPA', 54),
(271, 'ONUR', 55),
(272, 'CAGRI', 55),
(273, 'A-101', 55),
(274, 'MIGROS', 55),
(275, 'KIPA', 55),
(276, 'KIPA', 56),
(277, 'ONUR', 56),
(278, 'A-101', 56),
(279, 'BIZIM', 56),
(280, 'CAGRI', 56),
(281, 'A-101', 57),
(282, 'KIPA', 57),
(283, 'METRO', 57),
(284, 'MIGROS', 57),
(285, 'MOPAS', 57),
(286, 'KIPA', 58),
(287, 'MIGROS', 58),
(288, 'METRO', 58),
(289, 'BIM', 58),
(290, 'SOK', 58),
(291, 'SOK', 59),
(292, 'KIPA', 59),
(293, 'MOPAS', 59),
(294, 'BIZIM', 59),
(295, 'A-101', 59),
(296, 'A-101', 60),
(297, 'KIPA', 60),
(298, 'MIGROS', 60),
(299, 'SOK', 60),
(300, 'MOPAS', 60),
(301, 'METRO', 61),
(302, 'ONUR', 61),
(303, 'CAGRI', 61),
(304, 'MIGROS', 61),
(305, 'SOK', 61),
(306, 'KIPA', 62),
(307, 'MOPAS', 62),
(308, 'ONUR', 62),
(309, 'BIM', 62),
(310, 'METRO', 62),
(311, 'MOPAS', 63),
(312, 'BIZIM', 63),
(313, 'METRO', 63),
(314, 'A-101', 63),
(315, 'BIM', 63),
(316, 'KIPA', 64),
(317, 'CAGRI', 64),
(318, 'BIM', 64),
(319, 'SOK', 64),
(320, 'BIZIM', 64),
(321, 'MIGROS', 65),
(322, 'CAGRI', 65),
(323, 'METRO', 65),
(324, 'MOPAS', 65),
(325, 'BIM', 65),
(326, 'ONUR', 66),
(327, 'MIGROS', 66),
(328, 'BIM', 66),
(329, 'BIZIM', 66),
(330, 'SOK', 66),
(331, 'BIM', 67),
(332, 'KIPA', 67),
(333, 'A-101', 67),
(334, 'METRO', 67),
(335, 'ONUR', 67),
(336, 'MIGROS', 68),
(337, 'BIZIM', 68),
(338, 'CAGRI', 68),
(339, 'BIM', 68),
(340, 'SOK', 68),
(341, 'MOPAS', 69),
(342, 'BIZIM', 69),
(343, 'ONUR', 69),
(344, 'SOK', 69),
(345, 'CAGRI', 69),
(346, 'CAGRI', 70),
(347, 'SOK', 70),
(348, 'A-101', 70),
(349, 'MOPAS', 70),
(350, 'ONUR', 70),
(351, 'KIPA', 71),
(352, 'METRO', 71),
(353, 'A-101', 71),
(354, 'SOK', 71),
(355, 'MIGROS', 71),
(356, 'MIGROS', 72),
(357, 'MOPAS', 72),
(358, 'KIPA', 72),
(359, 'CAGRI', 72),
(360, 'BIM', 72),
(361, 'ONUR', 73),
(362, 'SOK', 73),
(363, 'BIM', 73),
(364, 'CAGRI', 73),
(365, 'BIZIM', 73),
(366, 'BIM', 74),
(367, 'METRO', 74),
(368, 'MOPAS', 74),
(369, 'SOK', 74),
(370, 'A-101', 74),
(371, 'BIM', 75),
(372, 'MIGROS', 75),
(373, 'BIZIM', 75),
(374, 'MOPAS', 75),
(375, 'CAGRI', 75),
(376, 'METRO', 76),
(377, 'MIGROS', 76),
(378, 'CAGRI', 76),
(379, 'BIM', 76),
(380, 'KIPA', 76),
(381, 'KIPA', 77),
(382, 'MOPAS', 77),
(383, 'METRO', 77),
(384, 'CAGRI', 77),
(385, 'BIM', 77),
(386, 'KIPA', 78),
(387, 'BIM', 78),
(388, 'MOPAS', 78),
(389, 'CAGRI', 78),
(390, 'ONUR', 78),
(391, 'MIGROS', 79),
(392, 'MOPAS', 79),
(393, 'A-101', 79),
(394, 'SOK', 79),
(395, 'CAGRI', 79),
(396, 'CAGRI', 80),
(397, 'BIZIM', 80),
(398, 'KIPA', 80),
(399, 'MOPAS', 80),
(400, 'METRO', 80),
(401, 'A-101', 81),
(402, 'ONUR', 81),
(403, 'SOK', 81),
(404, 'BIZIM', 81),
(405, 'CAGRI', 81);

-- --------------------------------------------------------

--
-- Tablo için tablo yapısı `products`
--

CREATE TABLE `products` (
  `p_id` int(11) NOT NULL,
  `p_name` varchar(100) COLLATE utf8mb4_general_ci DEFAULT NULL,
  `price` double DEFAULT NULL
) ENGINE=InnoDB DEFAULT CHARSET=utf8mb4 COLLATE=utf8mb4_general_ci;

--
-- Tablo döküm verisi `products`
--

INSERT INTO `products` (`p_id`, `p_name`, `price`) VALUES
(1, 'YOGURT', 8),
(2, 'SUT', 4.5),
(3, 'YUMURTA 12LI', 8.2),
(4, 'SUTLU CIKOLATA', 5),
(5, 'BITTER CIKOLATA', 5),
(6, 'FISTIKLI CIKOLATA', 6.5),
(7, 'FINDIKLI CIKOLATA', 5.5),
(8, 'KAHVALTI GEVREGI', 9.95),
(9, 'KONSERVE BIBER', 7.5),
(10, 'KONSERVE TURSU', 6),
(11, 'KONSERVE MISIR', 6.5),
(12, 'PATATES CIPS', 4.5),
(13, 'KOLA 330ML', 1.75),
(14, 'KOLA 500ML', 2.25),
(15, 'KOLA 1L', 3),
(16, 'KOLA 2L', 3.75),
(17, 'KOLA 2,5L', 6),
(18, 'BEBEK BEZI', 23),
(19, 'MARUL 1KG', 6),
(20, 'MAYDANOZ 1KG', 7),
(21, 'MASA LAMBASI', 35),
(22, 'SALATALIK 1KG', 4.5),
(23, 'DOMATES 1KG', 7),
(24, 'BIBER 1KG', 6),
(25, 'PATLICAN 1KG', 8.5),
(26, 'KONSERVE PATLICAN', 5.5),
(27, 'FASULYE 1KG', 10),
(28, 'KONSERVE FASULYE', 6),
(29, 'DANA KUSBASI 1KG', 55.5),
(30, 'DANA KIYMA 1KG', 52),
(31, 'TAVUK BAGET 500G', 9),
(32, 'TAVUK BAGET 1KG', 17.99),
(33, 'TAVUK 250G', 4.5),
(34, 'TAVUK 500G', 9),
(35, 'TAVUK 1KG', 18),
(36, 'CIKOLATA SOSU', 12),
(37, 'PAKET CEKIRDEK', 7.5),
(38, 'PAKET AY CEKIRDEGI', 8),
(39, 'PAKET ANTEP FISTIGI', 10),
(40, 'PAKET FISTIK', 8),
(41, 'PAKET FINDIK', 7),
(42, 'PAKET SAKIZ', 2.5),
(43, 'PAKET SEKER', 4),
(44, 'MEYVELI YOGURT', 7.5),
(45, 'SISE SIRKE', 17),
(46, 'DANA BONFILE 500G', 27),
(47, 'DANA BONFILE 1KG', 52),
(48, 'DETERJAN 5KG', 13),
(49, 'SU 500ML', 0.5),
(50, 'SU 1L', 1.25),
(51, 'SU 2L', 2),
(52, 'SU 5L', 3.75),
(53, 'ZEYTINYAGI 5L', 100),
(54, 'ZEYTINYAGI 8L', 120),
(55, 'AYCICEGIYAGI 5L', 45),
(56, 'AYCICEGIYAGI 8L', 60),
(57, 'PATATES 1KG', 9),
(58, 'DONDURMA KORNET', 4.25),
(59, 'DONDURMA KUCUK PAKET', 5),
(60, 'DONDURMA ORTA PAKET', 10),
(61, 'DONDURMA BUYUK PAKET', 15),
(62, 'PAKET PATLAMIS MISIR', 2.5),
(63, 'KIRMIZI NOT DEFTERI 60SF', 8),
(64, 'KIRMIZI NOT DEFTERI 120SF', 15),
(65, 'MAVI NOT DEFTERI 60SF', 8),
(66, 'MAVI NOT DEFTERI 120SF', 15),
(67, 'KIRMIZI OKUL DEFTERI 100SF', 13),
(68, 'KIRMIZI OKUL DEFTERI 150SF', 18),
(69, 'MAVI OKUL DEFTERI 100SF', 13),
(70, 'MAVI OKUL DEFTERI 150SF', 18),
(71, 'SARI OYUNCAK ARABA', 20),
(72, 'MAVI OYUNCAK ARABA', 20),
(73, 'KIRMIZI OYUNCAK ARABA', 20),
(74, 'KREM', 15),
(75, 'KETCAP 1 PAKET', 12),
(76, 'MAYONEZ 1 PAKET', 13),
(77, 'BALLI HARDAL 1 PAKET', 8.75),
(78, 'RANCH SOS 1 PAKET', 9),
(79, 'ACILI MAYONEZ 1 PAKET', 10),
(80, 'BARBEKU SOS 1 PAKET', 7.75),
(81, 'KREMA 250G', 4.25),
(82, 'KREMA 500G', 8),
(83, 'CIKOLATALI SUT 500ML', 5),
(84, 'CIKOLATALI SUT 1L', 8),
(85, 'PAKET FIRIN SUTLAC', 7),
(86, 'PAKET KESKUL', 7),
(87, 'PAKET SUPANGLE', 7),
(88, 'HAZIR CORBA DOMATES', 4),
(89, 'HAZIR CORBA EZOGELIN', 4),
(90, 'HAZIR CORBA TARHANA', 4),
(91, 'HAZIR CORBA MERCIMEK', 4),
(92, 'HAZIR CORBA YAYLA', 4),
(93, 'PAKET BISKUVI', 3),
(94, 'PAKET CIKOLATALI BISKUVI', 3.5),
(95, 'EKMEK', 1.75),
(96, 'SANDVIC EKMEGI', 2.25),
(97, 'PAKET SPAGETTI', 2.25),
(98, 'PAKET BURGU MAKARNA', 2),
(99, 'DONDURULMUS PIZZA', 12.25),
(100, 'PAKET FIYONK MAKARNA', 2.25),
(101, 'PAKET KELEBEK MAKARNA', 2.25),
(102, 'PAKET DIRSEK MAKARNA', 2),
(103, 'PAKET KALEM MAKARNA', 2),
(104, 'BROWNIE', 4),
(105, 'DONDURULMUS BALIK 1KG', 17),
(106, 'VISNE MEYVE SUYU', 4),
(107, 'SEFTALI MEYVE SUYU', 4),
(108, 'KAYISI MEYVE SUYU', 4),
(109, 'KARISIK MEYVE SUYU', 5),
(110, 'PORTAKAL SUYU', 6),
(111, 'PAKET KURSUN KALEM', 8),
(112, 'KURSUN KALEM', 2),
(113, 'UCLU KALEM', 4),
(114, 'PAKET UC', 10),
(115, 'LIMONLU SODA', 2.25),
(116, 'PORTAKALLI SODA', 3.75),
(117, 'SADE SODA', 2),
(118, 'PAKET SADE SODA', 10),
(119, 'KONSERVE ACACAGI', 12),
(120, 'DETERJAN 2KG', 24),
(121, 'SIVI SABUN', 10),
(122, 'KALIP SABUN', 8),
(123, 'DIS MACUNU', 5),
(124, 'DIS FIRCASI', 6),
(125, 'DIS IPI', 4),
(126, 'PAKET DIS IPI', 12),
(127, 'PAKET DIS MACUNU', 15),
(128, 'PAKET DIS FIRCASI', 18),
(129, 'TEMIZLIK SUPURGESI', 21),
(130, 'PAKET MARGARIN', 4.5),
(131, 'PAKET TEREYAGI', 5.5),
(132, 'AYRAN 500ML', 0.75),
(133, 'AYRAN 1L', 1.5),
(134, 'LİMON KOLONYASI', 6.25),
(135, 'TUTUN KOLONYASI', 5.5),
(136, 'PAKET ISLAK MENDIL', 3.75),
(137, 'PAKET KURU MENDIL', 2.5),
(138, 'AYRAN 2L', 3),
(139, 'PAKET BALON', 5.5),
(140, 'ISPANAK 1KG', 9),
(141, 'DEREOTU 1KG', 7),
(142, 'KARA LAHANA 1KG', 6.5),
(143, 'KARNABAHAR 1KG', 7.5),
(144, 'AVOKADO 1KG', 25),
(145, 'PAKET LIMON', 18),
(146, 'PAKET KARABIBER', 15),
(147, 'PAKET PULBIBER', 15),
(148, 'SARIMSAK', 5),
(149, 'PAKET TUZ', 10),
(150, 'SOGAN', 6),
(151, 'KIRMIZI SOGAN', 7),
(152, 'TAZE SOGAN', 8),
(153, 'ENGINAR', 10),
(154, 'ARMUT 1KG', 7),
(155, 'AYVA 1KG', 18),
(156, 'ELMA 1KG', 14),
(157, 'ANANAS 1KG', 35),
(158, 'KIVI 1KG', 45),
(159, 'KARPUZ 1KG', 5),
(160, 'KAVUN 1KG', 6),
(161, 'KIRAZ 1KG', 7),
(162, 'VISNE 1KG', 6),
(163, 'PORTAKAL 1KG', 10),
(164, 'MANDALINA 1KG', 9),
(165, 'GREYFURT 1KG', 15),
(166, 'MUZ 1KG', 18),
(167, 'AHUDUDU 1KG', 24),
(168, 'CILEK 1KG', 20),
(169, 'PIRINC 1KG', 3.99),
(170, 'PIRINC 5KG', 19.95),
(171, 'BULGUR 1KG', 2.5),
(172, 'BULGUR 5KG', 12.5),
(173, 'DONDURULMUS DONER', 18.99),
(174, 'DONDURULMUS KOFTE', 15.99),
(175, 'DUT 1KG', 12.99),
(176, 'INCIR 1KG', 15.99),
(177, 'UZUM 1KG', 9),
(178, 'SIYAH UZUM 1KG', 11),
(179, 'SALKIM UZUM', 2),
(180, 'SALKIM SIYAH UZUM', 3),
(181, 'PAKET YESIL CAY', 15),
(182, 'PAKET SIYAH CAY', 18),
(183, 'PAPATYA CAYI', 25),
(184, 'YASEMIN CAYI', 27),
(185, 'KUSBURNU', 34),
(186, 'SALLAMA YESIL CAY', 3),
(187, 'SALLAMA SIYAH CAY', 4),
(188, 'IHLAMUR', 25),
(189, 'KAVANOZ BAL', 33.3),
(190, 'FINDIK EZMESI', 18),
(191, 'FISTIK EZMESI', 21),
(192, 'OKUL CANTASI', 45),
(193, 'HIKAYE KITABI', 30),
(194, 'MASAL KITABI', 30),
(195, 'ROMAN', 35),
(196, 'CIZGI ROMAN', 25),
(197, 'CIZIM KITABI', 18),
(198, 'PAKET TEMIZLIK ELDIVENI', 34),
(199, 'KAGIT HAVLU', 15),
(200, 'TUVALET KAGIDI', 10);

-- --------------------------------------------------------

--
-- Tablo için tablo yapısı `sales`
--

CREATE TABLE `sales` (
  `sale_id` int(11) NOT NULL,
  `sale_date` date DEFAULT NULL,
  `cus_id` int(11) DEFAULT NULL,
  `s_id` int(11) DEFAULT NULL,
  `p_id` int(11) DEFAULT NULL
) ENGINE=InnoDB DEFAULT CHARSET=utf8mb4 COLLATE=utf8mb4_general_ci;

--
-- Tablo döküm verisi `sales`
--

INSERT INTO `sales` (`sale_id`, `sale_date`, `cus_id`, `s_id`, `p_id`) VALUES
(1, '2020-05-30', 1, 528, 35),
(2, '2020-05-30', 2, 975, 186),
(3, '2020-05-30', 2, 420, 12),
(4, '2020-05-30', 3, 443, 5),
(5, '2020-05-30', 3, 897, 69),
(6, '2020-05-30', 3, 390, 39),
(7, '2020-05-30', 3, 1123, 169),
(8, '2020-05-30', 4, 535, 43),
(9, '2020-05-30', 4, 597, 95),
(10, '2020-05-30', 4, 245, 195),
(11, '2020-05-30', 5, 198, 121),
(12, '2020-05-30', 6, 1155, 118),
(13, '2020-05-30', 7, 581, 82),
(14, '2020-05-30', 7, 344, 4),
(15, '2020-05-30', 8, 107, 26),
(16, '2020-05-30', 8, 495, 149),
(17, '2020-05-30', 9, 563, 50),
(18, '2020-05-30', 9, 206, 52),
(19, '2020-05-30', 10, 1193, 26),
(20, '2020-05-30', 10, 34, 7),
(21, '2020-05-30', 11, 932, 86),
(22, '2020-05-30', 11, 489, 132),
(23, '2020-05-30', 12, 404, 168),
(24, '2020-05-30', 12, 81, 39),
(25, '2020-05-30', 12, 1179, 139),
(26, '2020-05-30', 12, 405, 135),
(27, '2020-05-30', 12, 115, 42),
(28, '2020-05-30', 13, 166, 50),
(29, '2020-05-30', 13, 255, 164),
(30, '2020-05-30', 14, 1097, 104),
(31, '2020-05-30', 14, 901, 70),
(32, '2020-05-30', 14, 843, 172),
(33, '2020-05-30', 14, 1009, 198),
(34, '2020-05-30', 15, 1040, 101),
(35, '2020-05-30', 15, 65, 108),
(36, '2020-05-30', 15, 1035, 8),
(37, '2020-05-30', 15, 818, 87),
(38, '2020-05-30', 16, 721, 123),
(39, '2020-05-30', 16, 506, 79),
(40, '2020-05-30', 16, 478, 97),
(41, '2020-05-30', 16, 574, 136),
(42, '2020-05-30', 16, 1152, 65),
(43, '2020-05-30', 17, 282, 194),
(44, '2020-05-30', 17, 642, 4),
(45, '2020-05-30', 17, 810, 180),
(46, '2020-05-30', 17, 485, 149),
(47, '2020-05-30', 17, 341, 119),
(48, '2020-05-30', 18, 353, 9),
(49, '2020-05-30', 19, 1188, 96),
(50, '2020-05-30', 20, 706, 138),
(51, '2020-05-30', 20, 627, 48),
(52, '2020-05-30', 20, 736, 164),
(53, '2020-05-30', 20, 1124, 46),
(54, '2020-05-30', 21, 1202, 25),
(55, '2020-05-30', 21, 499, 180),
(56, '2020-05-30', 21, 839, 155),
(57, '2020-05-30', 21, 398, 148),
(58, '2020-05-30', 22, 437, 89),
(59, '2020-05-30', 22, 864, 8),
(60, '2020-05-30', 22, 1155, 158),
(61, '2020-05-30', 23, 78, 92),
(62, '2020-05-30', 23, 253, 174),
(63, '2020-05-30', 23, 806, 103),
(64, '2020-05-30', 23, 408, 32),
(65, '2020-05-30', 23, 422, 122),
(66, '2020-05-30', 24, 656, 89),
(67, '2020-05-30', 24, 236, 117),
(68, '2020-05-30', 25, 387, 23),
(69, '2020-05-30', 25, 647, 168),
(70, '2020-05-30', 25, 1191, 35),
(71, '2020-05-30', 25, 853, 140),
(72, '2020-05-30', 26, 278, 111),
(73, '2020-05-30', 26, 989, 76),
(74, '2020-05-30', 26, 75, 33),
(75, '2020-05-30', 26, 424, 177),
(76, '2020-05-30', 26, 1156, 8),
(77, '2020-05-30', 27, 1005, 20),
(78, '2020-05-30', 27, 718, 60),
(79, '2020-05-30', 27, 377, 80),
(80, '2020-05-30', 27, 683, 138),
(81, '2020-05-30', 28, 619, 193),
(82, '2020-05-30', 29, 724, 90),
(83, '2020-05-30', 29, 687, 25),
(84, '2020-05-30', 29, 425, 102),
(85, '2020-05-30', 29, 1171, 129),
(86, '2020-05-30', 29, 129, 39),
(87, '2020-05-30', 30, 456, 132),
(88, '2020-05-30', 31, 998, 125),
(89, '2020-05-30', 31, 594, 32),
(90, '2020-05-30', 31, 720, 84),
(91, '2020-05-30', 31, 376, 85),
(92, '2020-05-30', 31, 1084, 32),
(93, '2020-05-30', 32, 1105, 185),
(94, '2020-05-30', 32, 384, 22),
(95, '2020-05-30', 32, 837, 140),
(96, '2020-05-30', 32, 1153, 44),
(97, '2020-05-30', 33, 56, 91),
(98, '2020-05-30', 34, 428, 73),
(99, '2020-05-30', 34, 749, 77),
(100, '2020-05-30', 34, 1120, 55),
(101, '2020-05-30', 34, 114, 196),
(102, '2020-05-30', 35, 1024, 166),
(103, '2020-05-30', 35, 1125, 15),
(104, '2020-05-30', 35, 948, 85),
(105, '2020-05-30', 35, 1182, 17),
(106, '2020-05-30', 35, 818, 116),
(107, '2020-05-30', 36, 934, 154),
(108, '2020-05-30', 37, 318, 30),
(109, '2020-05-30', 37, 768, 95),
(110, '2020-05-30', 37, 815, 53),
(111, '2020-05-30', 37, 294, 134),
(112, '2020-05-30', 37, 613, 31),
(113, '2020-05-30', 38, 539, 61),
(114, '2020-05-30', 39, 250, 126),
(115, '2020-05-30', 39, 414, 191),
(116, '2020-05-30', 39, 595, 90),
(117, '2020-05-30', 40, 561, 199),
(118, '2020-05-30', 40, 899, 126),
(119, '2020-05-30', 41, 992, 21),
(120, '2020-05-30', 41, 997, 43),
(121, '2020-05-30', 41, 192, 193),
(122, '2020-05-30', 42, 612, 10),
(123, '2020-05-30', 42, 400, 30),
(124, '2020-05-30', 42, 964, 62),
(125, '2020-05-30', 43, 1093, 12),
(126, '2020-05-30', 43, 1047, 96),
(127, '2020-05-30', 43, 476, 68),
(128, '2020-05-30', 44, 399, 165),
(129, '2020-05-30', 44, 1180, 84),
(130, '2020-05-30', 44, 514, 108),
(131, '2020-05-30', 44, 749, 152),
(132, '2020-05-30', 45, 429, 148),
(133, '2020-05-30', 45, 469, 179),
(134, '2020-05-30', 45, 112, 27),
(135, '2020-05-30', 46, 321, 29),
(136, '2020-05-30', 46, 697, 145),
(137, '2020-05-30', 47, 721, 60),
(138, '2020-05-30', 48, 808, 80),
(139, '2020-05-30', 48, 365, 135),
(140, '2020-05-30', 48, 579, 183),
(141, '2020-05-30', 48, 689, 4),
(142, '2020-05-30', 49, 767, 16),
(143, '2020-05-30', 50, 506, 183),
(144, '2020-05-30', 50, 848, 61),
(145, '2020-05-30', 50, 814, 116),
(146, '2020-05-30', 50, 763, 96),
(147, '2020-05-30', 50, 1177, 173),
(148, '2020-05-30', 51, 521, 157),
(149, '2020-05-30', 51, 511, 186),
(150, '2020-05-30', 51, 1212, 146),
(151, '2020-05-30', 51, 1201, 88),
(152, '2020-05-30', 52, 1199, 162),
(153, '2020-05-30', 52, 60, 182),
(154, '2020-05-30', 52, 875, 161),
(155, '2020-05-30', 53, 864, 60),
(156, '2020-05-30', 54, 1055, 59),
(157, '2020-05-30', 54, 975, 190),
(158, '2020-05-30', 54, 844, 184),
(159, '2020-05-30', 55, 265, 66),
(160, '2020-05-30', 55, 308, 11),
(161, '2020-05-30', 55, 1190, 148),
(162, '2020-05-30', 55, 112, 174),
(163, '2020-05-30', 55, 806, 170),
(164, '2020-05-30', 56, 262, 176),
(165, '2020-05-30', 56, 570, 86),
(166, '2020-05-30', 56, 356, 151),
(167, '2020-05-30', 57, 586, 163),
(168, '2020-05-30', 57, 633, 138),
(169, '2020-05-30', 57, 902, 42),
(170, '2020-05-30', 57, 190, 147),
(171, '2020-05-30', 58, 1074, 176),
(172, '2020-05-30', 59, 1141, 81),
(173, '2020-05-30', 59, 1189, 1),
(174, '2020-05-30', 60, 683, 120),
(175, '2020-05-30', 60, 313, 63),
(176, '2020-05-30', 60, 730, 32),
(177, '2020-05-30', 60, 461, 89),
(178, '2020-05-30', 61, 1, 89),
(179, '2020-05-30', 61, 305, 14),
(180, '2020-05-30', 61, 921, 66),
(181, '2020-05-30', 62, 1205, 63),
(182, '2020-05-30', 62, 958, 41),
(183, '2020-05-30', 62, 295, 11),
(184, '2020-05-30', 62, 807, 158),
(185, '2020-05-30', 63, 676, 93),
(186, '2020-05-30', 63, 227, 164),
(187, '2020-05-30', 63, 748, 84),
(188, '2020-05-30', 63, 150, 15),
(189, '2020-05-30', 63, 621, 152),
(190, '2020-05-30', 64, 464, 46),
(191, '2020-05-30', 65, 1185, 25),
(192, '2020-05-30', 65, 424, 64),
(193, '2020-05-30', 66, 1083, 60),
(194, '2020-05-30', 66, 618, 46),
(195, '2020-05-30', 66, 1207, 152),
(196, '2020-05-30', 66, 1150, 87),
(197, '2020-05-30', 67, 1162, 168),
(198, '2020-05-30', 68, 1012, 49),
(199, '2020-05-30', 68, 878, 192),
(200, '2020-05-30', 68, 552, 92),
(201, '2020-05-30', 69, 2, 32),
(202, '2020-05-30', 69, 253, 38),
(203, '2020-05-30', 69, 1032, 94),
(204, '2020-05-30', 69, 415, 118),
(205, '2020-05-30', 70, 448, 46),
(206, '2020-05-30', 70, 224, 15),
(207, '2020-05-30', 70, 556, 100),
(208, '2020-05-30', 71, 1194, 17),
(209, '2020-05-30', 72, 461, 55),
(210, '2020-05-30', 72, 1163, 41),
(211, '2020-05-30', 72, 646, 126),
(212, '2020-05-30', 72, 723, 108),
(213, '2020-05-30', 73, 720, 120),
(214, '2020-05-30', 73, 838, 126),
(215, '2020-05-30', 74, 291, 90),
(216, '2020-05-30', 74, 238, 47),
(217, '2020-05-30', 75, 515, 158),
(218, '2020-05-30', 75, 205, 60),
(219, '2020-05-30', 75, 1179, 129),
(220, '2020-05-30', 75, 1205, 153),
(221, '2020-05-30', 76, 209, 83),
(222, '2020-05-30', 76, 924, 96),
(223, '2020-05-30', 76, 1067, 190),
(224, '2020-05-30', 77, 134, 65),
(225, '2020-05-30', 78, 150, 91),
(226, '2020-05-30', 78, 575, 190),
(227, '2020-05-30', 79, 560, 139),
(228, '2020-05-30', 79, 1121, 134),
(229, '2020-05-30', 80, 765, 170),
(230, '2020-05-30', 81, 694, 67),
(231, '2020-05-30', 81, 889, 196),
(232, '2020-05-30', 82, 785, 131),
(233, '2020-05-30', 82, 434, 39),
(234, '2020-05-30', 82, 715, 152),
(235, '2020-05-30', 83, 401, 96),
(236, '2020-05-30', 84, 595, 171),
(237, '2020-05-30', 84, 745, 88),
(238, '2020-05-30', 84, 745, 189),
(239, '2020-05-30', 84, 51, 121),
(240, '2020-05-30', 85, 599, 194),
(241, '2020-05-30', 85, 224, 174),
(242, '2020-05-30', 85, 880, 1),
(243, '2020-05-30', 86, 169, 84),
(244, '2020-05-30', 86, 338, 163),
(245, '2020-05-30', 87, 832, 37),
(246, '2020-05-30', 87, 816, 66),
(247, '2020-05-30', 87, 1197, 37),
(248, '2020-05-30', 87, 220, 21),
(249, '2020-05-30', 88, 471, 107),
(250, '2020-05-30', 89, 453, 53),
(251, '2020-05-30', 89, 496, 184),
(252, '2020-05-30', 89, 759, 146),
(253, '2020-05-30', 89, 728, 25),
(254, '2020-05-30', 89, 60, 194),
(255, '2020-05-30', 90, 726, 82),
(256, '2020-05-30', 90, 678, 68),
(257, '2020-05-30', 91, 460, 34),
(258, '2020-05-30', 91, 334, 109),
(259, '2020-05-30', 91, 163, 94),
(260, '2020-05-30', 91, 43, 67),
(261, '2020-05-30', 91, 30, 121),
(262, '2020-05-30', 92, 371, 19),
(263, '2020-05-30', 93, 803, 129),
(264, '2020-05-30', 93, 443, 58),
(265, '2020-05-30', 93, 350, 167),
(266, '2020-05-30', 93, 386, 22),
(267, '2020-05-30', 94, 49, 106),
(268, '2020-05-30', 94, 397, 90),
(269, '2020-05-30', 94, 945, 80),
(270, '2020-05-30', 94, 22, 66),
(271, '2020-05-30', 95, 494, 62),
(272, '2020-05-30', 95, 1210, 115),
(273, '2020-05-30', 96, 889, 146),
(274, '2020-05-30', 96, 262, 133),
(275, '2020-05-30', 97, 1009, 54),
(276, '2020-05-30', 98, 713, 135),
(277, '2020-05-30', 99, 450, 146),
(278, '2020-05-30', 99, 1032, 139),
(279, '2020-05-30', 100, 637, 189),
(280, '2020-05-30', 100, 536, 68),
(281, '2020-05-30', 100, 332, 35),
(282, '2020-05-30', 100, 719, 196),
(283, '2020-05-30', 101, 409, 8),
(284, '2020-05-30', 101, 566, 173),
(285, '2020-05-30', 101, 1033, 71),
(286, '2020-05-30', 102, 437, 50),
(287, '2020-05-30', 102, 634, 176),
(288, '2020-05-30', 102, 559, 190),
(289, '2020-05-30', 102, 950, 99),
(290, '2020-05-30', 102, 593, 198),
(291, '2020-05-30', 103, 595, 163),
(292, '2020-05-30', 103, 334, 100),
(293, '2020-05-30', 104, 797, 32),
(294, '2020-05-30', 105, 830, 71),
(295, '2020-05-30', 105, 646, 129),
(296, '2020-05-30', 106, 704, 195),
(297, '2020-05-30', 106, 925, 47),
(298, '2020-05-30', 106, 720, 190),
(299, '2020-05-30', 106, 781, 136),
(300, '2020-05-30', 106, 715, 8),
(301, '2020-05-30', 107, 427, 141),
(302, '2020-05-30', 107, 269, 139),
(303, '2020-05-30', 107, 152, 24),
(304, '2020-05-30', 107, 597, 111),
(305, '2020-05-30', 107, 976, 163),
(306, '2020-05-30', 108, 783, 28),
(307, '2020-05-30', 108, 1064, 117),
(308, '2020-05-30', 108, 144, 25),
(309, '2020-05-30', 109, 606, 8),
(310, '2020-05-30', 109, 932, 106),
(311, '2020-05-30', 110, 306, 73),
(312, '2020-05-30', 110, 71, 88),
(313, '2020-05-30', 110, 1066, 119),
(314, '2020-05-30', 110, 726, 148),
(315, '2020-05-30', 111, 422, 186),
(316, '2020-05-30', 111, 894, 52),
(317, '2020-05-30', 111, 1111, 104),
(318, '2020-05-30', 112, 519, 31),
(319, '2020-05-30', 113, 583, 176),
(320, '2020-05-30', 114, 252, 18),
(321, '2020-05-30', 114, 27, 4),
(322, '2020-05-30', 115, 1120, 156),
(323, '2020-05-30', 116, 906, 121),
(324, '2020-05-30', 117, 1147, 95),
(325, '2020-05-30', 117, 534, 34),
(326, '2020-05-30', 118, 171, 31),
(327, '2020-05-30', 118, 564, 136),
(328, '2020-05-30', 118, 339, 52),
(329, '2020-05-30', 118, 1171, 19),
(330, '2020-05-30', 119, 965, 108),
(331, '2020-05-30', 120, 458, 161),
(332, '2020-05-30', 120, 558, 83),
(333, '2020-05-30', 120, 473, 147),
(334, '2020-05-30', 120, 536, 11),
(335, '2020-05-30', 120, 204, 156),
(336, '2020-05-30', 121, 679, 108),
(337, '2020-05-30', 122, 971, 14),
(338, '2020-05-30', 122, 1170, 148),
(339, '2020-05-30', 122, 505, 197),
(340, '2020-05-30', 123, 1002, 47),
(341, '2020-05-30', 123, 559, 89),
(342, '2020-05-30', 123, 670, 21),
(343, '2020-05-30', 123, 8, 40),
(344, '2020-05-30', 124, 1007, 96),
(345, '2020-05-30', 125, 1046, 149),
(346, '2020-05-30', 125, 1041, 89),
(347, '2020-05-30', 125, 1044, 135),
(348, '2020-05-30', 126, 969, 124),
(349, '2020-05-30', 126, 1062, 44),
(350, '2020-05-30', 127, 1145, 29),
(351, '2020-05-30', 127, 357, 88),
(352, '2020-05-30', 128, 451, 187),
(353, '2020-05-30', 128, 288, 70),
(354, '2020-05-30', 128, 897, 24),
(355, '2020-05-30', 129, 885, 171),
(356, '2020-05-30', 130, 102, 191),
(357, '2020-05-30', 130, 134, 189),
(358, '2020-05-30', 130, 1024, 38),
(359, '2020-05-30', 130, 705, 79),
(360, '2020-05-30', 131, 747, 142),
(361, '2020-05-30', 131, 751, 45),
(362, '2020-05-30', 131, 1093, 37),
(363, '2020-05-30', 131, 619, 44),
(364, '2020-05-30', 132, 908, 186),
(365, '2020-05-30', 132, 922, 5),
(366, '2020-05-30', 133, 650, 111),
(367, '2020-05-30', 134, 332, 48),
(368, '2020-05-30', 134, 1115, 165),
(369, '2020-05-30', 134, 53, 161),
(370, '2020-05-30', 134, 953, 156),
(371, '2020-05-30', 134, 478, 123),
(372, '2020-05-30', 135, 106, 154),
(373, '2020-05-30', 135, 510, 104),
(374, '2020-05-30', 135, 435, 125),
(375, '2020-05-30', 136, 128, 138),
(376, '2020-05-30', 136, 177, 32),
(377, '2020-05-30', 137, 450, 22),
(378, '2020-05-30', 137, 81, 163),
(379, '2020-05-30', 137, 263, 67),
(380, '2020-05-30', 137, 177, 142),
(381, '2020-05-30', 138, 1192, 160),
(382, '2020-05-30', 138, 1026, 99),
(383, '2020-05-30', 138, 1151, 198),
(384, '2020-05-30', 138, 409, 69),
(385, '2020-05-30', 139, 1204, 147),
(386, '2020-05-30', 139, 1082, 197),
(387, '2020-05-30', 139, 1111, 7),
(388, '2020-05-30', 139, 366, 48),
(389, '2020-05-30', 140, 1209, 98),
(390, '2020-05-30', 140, 1205, 178),
(391, '2020-05-30', 141, 395, 188),
(392, '2020-05-30', 141, 676, 52),
(393, '2020-05-30', 141, 340, 156),
(394, '2020-05-30', 141, 391, 86),
(395, '2020-05-30', 142, 389, 166),
(396, '2020-05-30', 142, 402, 163),
(397, '2020-05-30', 142, 496, 128),
(398, '2020-05-30', 143, 105, 15),
(399, '2020-05-30', 143, 49, 69),
(400, '2020-05-30', 143, 1215, 163),
(401, '2020-05-30', 144, 273, 107),
(402, '2020-05-30', 144, 1095, 63),
(403, '2020-05-30', 144, 1116, 159),
(404, '2020-05-30', 145, 802, 175),
(405, '2020-05-30', 146, 524, 132),
(406, '2020-05-30', 146, 1028, 9),
(407, '2020-05-30', 146, 595, 148),
(408, '2020-05-30', 147, 560, 79),
(409, '2020-05-30', 147, 388, 49),
(410, '2020-05-30', 148, 568, 197),
(411, '2020-05-30', 149, 293, 100),
(412, '2020-05-30', 150, 638, 162),
(413, '2020-05-30', 151, 844, 121),
(414, '2020-05-30', 152, 477, 108),
(415, '2020-05-30', 152, 1177, 199),
(416, '2020-05-30', 152, 989, 159),
(417, '2020-05-30', 153, 52, 186),
(418, '2020-05-30', 154, 898, 13),
(419, '2020-05-30', 155, 1075, 166),
(420, '2020-05-30', 155, 692, 128),
(421, '2020-05-30', 155, 406, 185),
(422, '2020-05-30', 155, 258, 43),
(423, '2020-05-30', 155, 1207, 50),
(424, '2020-05-30', 156, 172, 196),
(425, '2020-05-30', 156, 877, 104),
(426, '2020-05-30', 156, 587, 49),
(427, '2020-05-30', 156, 660, 37),
(428, '2020-05-30', 156, 847, 159),
(429, '2020-05-30', 157, 926, 35),
(430, '2020-05-30', 158, 667, 115),
(431, '2020-05-30', 158, 56, 65),
(432, '2020-05-30', 158, 120, 141),
(433, '2020-05-30', 158, 444, 176),
(434, '2020-05-30', 159, 1125, 197),
(435, '2020-05-30', 160, 560, 143),
(436, '2020-05-30', 161, 392, 43),
(437, '2020-05-30', 162, 428, 54),
(438, '2020-05-30', 163, 720, 162),
(439, '2020-05-30', 164, 835, 170),
(440, '2020-05-30', 164, 1166, 46),
(441, '2020-05-30', 164, 807, 115),
(442, '2020-05-30', 164, 290, 176),
(443, '2020-05-30', 165, 684, 68),
(444, '2020-05-30', 166, 240, 175),
(445, '2020-05-30', 166, 778, 104),
(446, '2020-05-30', 166, 845, 42),
(447, '2020-05-30', 166, 312, 158),
(448, '2020-05-30', 166, 66, 150),
(449, '2020-05-30', 167, 357, 82),
(450, '2020-05-30', 167, 128, 49),
(451, '2020-05-30', 168, 456, 96),
(452, '2020-05-30', 168, 95, 175),
(453, '2020-05-30', 169, 782, 52),
(454, '2020-05-30', 169, 1151, 140),
(455, '2020-05-30', 169, 938, 163),
(456, '2020-05-30', 169, 566, 177),
(457, '2020-05-30', 169, 615, 190),
(458, '2020-05-30', 170, 62, 163),
(459, '2020-05-30', 170, 139, 64),
(460, '2020-05-30', 170, 245, 109),
(461, '2020-05-30', 171, 374, 184),
(462, '2020-05-30', 172, 1078, 177),
(463, '2020-05-30', 173, 796, 105),
(464, '2020-05-30', 173, 354, 26),
(465, '2020-05-30', 173, 221, 66),
(466, '2020-05-30', 173, 571, 9),
(467, '2020-05-30', 173, 456, 146),
(468, '2020-05-30', 174, 668, 197),
(469, '2020-05-30', 175, 1063, 56),
(470, '2020-05-30', 176, 262, 40),
(471, '2020-05-30', 176, 155, 14),
(472, '2020-05-30', 176, 177, 144),
(473, '2020-05-30', 176, 307, 168),
(474, '2020-05-30', 176, 334, 25),
(475, '2020-05-30', 177, 1167, 139),
(476, '2020-05-30', 177, 596, 124),
(477, '2020-05-30', 177, 105, 15),
(478, '2020-05-30', 178, 1209, 175),
(479, '2020-05-30', 178, 108, 89),
(480, '2020-05-30', 178, 490, 5),
(481, '2020-05-30', 179, 157, 60),
(482, '2020-05-30', 179, 550, 135),
(483, '2020-05-30', 179, 315, 105),
(484, '2020-05-30', 179, 591, 158),
(485, '2020-05-30', 179, 481, 56),
(486, '2020-05-30', 180, 174, 181),
(487, '2020-05-30', 180, 1162, 76),
(488, '2020-05-30', 180, 716, 173),
(489, '2020-05-30', 180, 718, 67),
(490, '2020-05-30', 180, 120, 122),
(491, '2020-05-30', 181, 411, 162),
(492, '2020-05-30', 182, 759, 117),
(493, '2020-05-30', 183, 1081, 195),
(494, '2020-05-30', 183, 93, 77),
(495, '2020-05-30', 184, 851, 50),
(496, '2020-05-30', 184, 482, 170),
(497, '2020-05-30', 184, 526, 153),
(498, '2020-05-30', 184, 731, 95),
(499, '2020-05-30', 184, 108, 15),
(500, '2020-05-30', 185, 788, 17),
(501, '2020-05-30', 186, 1061, 11),
(502, '2020-05-30', 187, 559, 167),
(503, '2020-05-30', 187, 1045, 62),
(504, '2020-05-30', 187, 704, 96),
(505, '2020-05-30', 187, 1088, 150),
(506, '2020-05-30', 188, 180, 103),
(507, '2020-05-30', 189, 509, 86),
(508, '2020-05-30', 189, 124, 141),
(509, '2020-05-30', 189, 84, 7),
(510, '2020-05-30', 190, 517, 103),
(511, '2020-05-30', 190, 788, 149),
(512, '2020-05-30', 190, 680, 113),
(513, '2020-05-30', 190, 1148, 117),
(514, '2020-05-30', 190, 230, 140),
(515, '2020-05-30', 191, 1198, 61),
(516, '2020-05-30', 191, 532, 20),
(517, '2020-05-30', 192, 723, 129),
(518, '2020-05-30', 193, 308, 47),
(519, '2020-05-30', 193, 1123, 143),
(520, '2020-05-30', 193, 872, 138),
(521, '2020-05-30', 193, 619, 196),
(522, '2020-05-30', 194, 872, 102),
(523, '2020-05-30', 195, 130, 61),
(524, '2020-05-30', 196, 1077, 188),
(525, '2020-05-30', 196, 1190, 22),
(526, '2020-05-30', 196, 657, 94),
(527, '2020-05-30', 196, 434, 199),
(528, '2020-05-30', 196, 215, 82),
(529, '2020-05-30', 197, 1130, 19),
(530, '2020-05-30', 197, 88, 176),
(531, '2020-05-30', 198, 324, 190),
(532, '2020-05-30', 199, 634, 44),
(533, '2020-05-30', 199, 928, 112),
(534, '2020-05-30', 200, 22, 197),
(535, '2020-05-30', 200, 8, 67),
(536, '2020-05-30', 200, 104, 163),
(537, '2020-05-30', 201, 346, 22),
(538, '2020-05-30', 201, 1166, 29),
(539, '2020-05-30', 201, 307, 175),
(540, '2020-05-30', 201, 810, 68),
(541, '2020-05-30', 201, 302, 105),
(542, '2020-05-30', 202, 1122, 199),
(543, '2020-05-30', 203, 47, 110),
(544, '2020-05-30', 203, 283, 153),
(545, '2020-05-30', 203, 1041, 38),
(546, '2020-05-30', 203, 1024, 20),
(547, '2020-05-30', 203, 119, 102),
(548, '2020-05-30', 204, 30, 18),
(549, '2020-05-30', 204, 147, 200),
(550, '2020-05-30', 205, 338, 196),
(551, '2020-05-30', 206, 334, 53),
(552, '2020-05-30', 207, 1032, 9),
(553, '2020-05-30', 207, 1199, 128),
(554, '2020-05-30', 208, 469, 21),
(555, '2020-05-30', 208, 798, 192),
(556, '2020-05-30', 209, 829, 4),
(557, '2020-05-30', 210, 602, 74),
(558, '2020-05-30', 210, 547, 180),
(559, '2020-05-30', 211, 555, 103),
(560, '2020-05-30', 212, 411, 11),
(561, '2020-05-30', 212, 1206, 120),
(562, '2020-05-30', 213, 605, 43),
(563, '2020-05-30', 213, 1009, 46),
(564, '2020-05-30', 213, 1076, 134),
(565, '2020-05-30', 213, 373, 142),
(566, '2020-05-30', 213, 295, 81),
(567, '2020-05-30', 214, 1147, 11),
(568, '2020-05-30', 214, 1147, 104),
(569, '2020-05-30', 214, 336, 13),
(570, '2020-05-30', 214, 993, 156),
(571, '2020-05-30', 215, 273, 63),
(572, '2020-05-30', 215, 778, 191),
(573, '2020-05-30', 215, 338, 54),
(574, '2020-05-30', 216, 396, 184),
(575, '2020-05-30', 216, 773, 87),
(576, '2020-05-30', 216, 210, 91),
(577, '2020-05-30', 217, 265, 117),
(578, '2020-05-30', 217, 226, 15),
(579, '2020-05-30', 218, 668, 192),
(580, '2020-05-30', 218, 1029, 172),
(581, '2020-05-30', 219, 285, 137),
(582, '2020-05-30', 220, 405, 73),
(583, '2020-05-30', 221, 704, 44),
(584, '2020-05-30', 221, 498, 42),
(585, '2020-05-30', 222, 791, 34),
(586, '2020-05-30', 222, 789, 74),
(587, '2020-05-30', 222, 884, 112),
(588, '2020-05-30', 222, 78, 7),
(589, '2020-05-30', 223, 796, 66),
(590, '2020-05-30', 223, 138, 14),
(591, '2020-05-30', 223, 282, 163),
(592, '2020-05-30', 223, 779, 52),
(593, '2020-05-30', 223, 184, 141),
(594, '2020-05-30', 224, 1021, 165),
(595, '2020-05-30', 225, 821, 55),
(596, '2020-05-30', 225, 968, 191),
(597, '2020-05-30', 225, 987, 166),
(598, '2020-05-30', 225, 626, 147),
(599, '2020-05-30', 225, 105, 164),
(600, '2020-05-30', 226, 882, 54),
(601, '2020-05-30', 226, 1061, 58),
(602, '2020-05-30', 227, 1124, 193),
(603, '2020-05-30', 227, 320, 63),
(604, '2020-05-30', 228, 1082, 174),
(605, '2020-05-30', 229, 1125, 112),
(606, '2020-05-30', 229, 549, 165),
(607, '2020-05-30', 230, 682, 159),
(608, '2020-05-30', 230, 497, 50),
(609, '2020-05-30', 231, 894, 112),
(610, '2020-05-30', 231, 1126, 4),
(611, '2020-05-30', 231, 318, 193),
(612, '2020-05-30', 231, 718, 132),
(613, '2020-05-30', 231, 82, 81),
(614, '2020-05-30', 232, 50, 58),
(615, '2020-05-30', 232, 5, 1),
(616, '2020-05-30', 232, 605, 50),
(617, '2020-05-30', 232, 703, 21),
(618, '2020-05-30', 233, 141, 115),
(619, '2020-05-30', 233, 371, 15),
(620, '2020-05-30', 234, 800, 19),
(621, '2020-05-30', 234, 968, 176),
(622, '2020-05-30', 234, 1139, 56),
(623, '2020-05-30', 235, 354, 200),
(624, '2020-05-30', 235, 295, 129),
(625, '2020-05-30', 235, 659, 180),
(626, '2020-05-30', 236, 1144, 103),
(627, '2020-05-30', 236, 662, 84),
(628, '2020-05-30', 236, 898, 121),
(629, '2020-05-30', 237, 798, 136),
(630, '2020-05-30', 237, 268, 106),
(631, '2020-05-30', 237, 660, 99),
(632, '2020-05-30', 237, 1039, 122),
(633, '2020-05-30', 237, 1157, 89),
(634, '2020-05-30', 238, 706, 68),
(635, '2020-05-30', 238, 1003, 84),
(636, '2020-05-30', 238, 2, 158),
(637, '2020-05-30', 238, 1185, 147),
(638, '2020-05-30', 238, 364, 84),
(639, '2020-05-30', 239, 385, 189),
(640, '2020-05-30', 239, 129, 49),
(641, '2020-05-30', 239, 151, 7),
(642, '2020-05-30', 239, 299, 176),
(643, '2020-05-30', 239, 725, 9),
(644, '2020-05-30', 240, 1110, 56),
(645, '2020-05-30', 240, 19, 178),
(646, '2020-05-30', 240, 718, 27),
(647, '2020-05-30', 241, 350, 22),
(648, '2020-05-30', 241, 520, 90),
(649, '2020-05-30', 241, 993, 44),
(650, '2020-05-30', 241, 1150, 37),
(651, '2020-05-30', 242, 373, 19),
(652, '2020-05-30', 242, 1122, 79),
(653, '2020-05-30', 242, 364, 199),
(654, '2020-05-30', 242, 1025, 125),
(655, '2020-05-30', 243, 87, 17),
(656, '2020-05-30', 243, 1039, 193),
(657, '2020-05-30', 243, 1008, 38),
(658, '2020-05-30', 243, 435, 132),
(659, '2020-05-30', 243, 326, 197),
(660, '2020-05-30', 244, 161, 148),
(661, '2020-05-30', 244, 526, 90),
(662, '2020-05-30', 244, 382, 192),
(663, '2020-05-30', 245, 687, 168),
(664, '2020-05-30', 245, 187, 49),
(665, '2020-05-30', 245, 1164, 172),
(666, '2020-05-30', 245, 632, 45),
(667, '2020-05-30', 245, 402, 174),
(668, '2020-05-30', 246, 313, 89),
(669, '2020-05-30', 247, 433, 119),
(670, '2020-05-30', 247, 868, 148),
(671, '2020-05-30', 247, 973, 128),
(672, '2020-05-30', 247, 920, 97),
(673, '2020-05-30', 248, 435, 197),
(674, '2020-05-30', 248, 399, 86),
(675, '2020-05-30', 248, 638, 79),
(676, '2020-05-30', 248, 422, 37),
(677, '2020-05-30', 248, 115, 196),
(678, '2020-05-30', 249, 353, 115),
(679, '2020-05-30', 250, 1098, 90),
(680, '2020-05-30', 250, 1154, 131),
(681, '2020-05-30', 250, 748, 151),
(682, '2020-05-30', 251, 1174, 137),
(683, '2020-05-30', 251, 1166, 124),
(684, '2020-05-30', 251, 933, 4),
(685, '2020-05-30', 251, 32, 104),
(686, '2020-05-30', 252, 595, 65),
(687, '2020-05-30', 252, 373, 71),
(688, '2020-05-30', 252, 784, 183),
(689, '2020-05-30', 253, 147, 29),
(690, '2020-05-30', 254, 287, 64),
(691, '2020-05-30', 255, 1192, 94),
(692, '2020-05-30', 255, 391, 180),
(693, '2020-05-30', 255, 963, 103),
(694, '2020-05-30', 255, 325, 178),
(695, '2020-05-30', 256, 1197, 172),
(696, '2020-05-30', 256, 244, 35),
(697, '2020-05-30', 256, 590, 173),
(698, '2020-05-30', 257, 1035, 132),
(699, '2020-05-30', 257, 771, 26),
(700, '2020-05-30', 257, 312, 139),
(701, '2020-05-30', 257, 773, 163),
(702, '2020-05-30', 257, 424, 151),
(703, '2020-05-30', 258, 661, 192),
(704, '2020-05-30', 258, 378, 169),
(705, '2020-05-30', 258, 833, 38),
(706, '2020-05-30', 258, 259, 49),
(707, '2020-05-30', 259, 745, 138),
(708, '2020-05-30', 259, 1045, 153),
(709, '2020-05-30', 259, 601, 186),
(710, '2020-05-30', 259, 358, 49),
(711, '2020-05-30', 259, 97, 54),
(712, '2020-05-30', 260, 267, 73),
(713, '2020-05-30', 260, 63, 75),
(714, '2020-05-30', 261, 440, 107),
(715, '2020-05-30', 262, 227, 34),
(716, '2020-05-30', 262, 1123, 8),
(717, '2020-05-30', 263, 27, 35),
(718, '2020-05-30', 264, 980, 135),
(719, '2020-05-30', 265, 387, 115),
(720, '2020-05-30', 265, 1109, 61),
(721, '2020-05-30', 266, 544, 13),
(722, '2020-05-30', 266, 459, 68),
(723, '2020-05-30', 266, 103, 39),
(724, '2020-05-30', 267, 981, 76),
(725, '2020-05-30', 268, 1180, 52),
(726, '2020-05-30', 269, 989, 191),
(727, '2020-05-30', 270, 474, 27),
(728, '2020-05-30', 270, 631, 12),
(729, '2020-05-30', 271, 634, 82),
(730, '2020-05-30', 271, 967, 92),
(731, '2020-05-30', 271, 1157, 25),
(732, '2020-05-30', 271, 250, 114),
(733, '2020-05-30', 271, 452, 73),
(734, '2020-05-30', 272, 1144, 38),
(735, '2020-05-30', 272, 176, 46),
(736, '2020-05-30', 272, 258, 184),
(737, '2020-05-30', 272, 1133, 29),
(738, '2020-05-30', 272, 518, 155),
(739, '2020-05-30', 273, 1078, 46),
(740, '2020-05-30', 273, 224, 200),
(741, '2020-05-30', 273, 570, 113),
(742, '2020-05-30', 274, 756, 92),
(743, '2020-05-30', 274, 1078, 15),
(744, '2020-05-30', 274, 357, 126),
(745, '2020-05-30', 274, 308, 150),
(746, '2020-05-30', 275, 918, 41),
(747, '2020-05-30', 275, 608, 33),
(748, '2020-05-30', 276, 368, 125),
(749, '2020-05-30', 276, 798, 84),
(750, '2020-05-30', 276, 512, 108),
(751, '2020-05-30', 276, 503, 50),
(752, '2020-05-30', 277, 559, 21),
(753, '2020-05-30', 278, 343, 72),
(754, '2020-05-30', 279, 924, 197),
(755, '2020-05-30', 279, 688, 194),
(756, '2020-05-30', 279, 125, 177),
(757, '2020-05-30', 279, 838, 90),
(758, '2020-05-30', 280, 800, 177),
(759, '2020-05-30', 280, 526, 73),
(760, '2020-05-30', 280, 670, 177),
(761, '2020-05-30', 281, 346, 119),
(762, '2020-05-30', 281, 914, 103),
(763, '2020-05-30', 281, 909, 199),
(764, '2020-05-30', 282, 1127, 13),
(765, '2020-05-30', 282, 970, 11),
(766, '2020-05-30', 282, 681, 168),
(767, '2020-05-30', 282, 1143, 178),
(768, '2020-05-30', 282, 716, 127),
(769, '2020-05-30', 283, 902, 10),
(770, '2020-05-30', 284, 1175, 73),
(771, '2020-05-30', 284, 473, 118),
(772, '2020-05-30', 284, 922, 36),
(773, '2020-05-30', 285, 324, 96),
(774, '2020-05-30', 285, 462, 127),
(775, '2020-05-30', 286, 542, 8),
(776, '2020-05-30', 286, 949, 65),
(777, '2020-05-30', 286, 383, 194),
(778, '2020-05-30', 287, 986, 45),
(779, '2020-05-30', 287, 1173, 173),
(780, '2020-05-30', 287, 911, 150),
(781, '2020-05-30', 287, 18, 38),
(782, '2020-05-30', 287, 1138, 197),
(783, '2020-05-30', 288, 925, 125),
(784, '2020-05-30', 288, 103, 138),
(785, '2020-05-30', 289, 799, 53),
(786, '2020-05-30', 289, 1144, 54),
(787, '2020-05-30', 289, 729, 70),
(788, '2020-05-30', 289, 322, 98),
(789, '2020-05-30', 289, 1148, 142),
(790, '2020-05-30', 290, 696, 74),
(791, '2020-05-30', 290, 217, 35),
(792, '2020-05-30', 290, 155, 106),
(793, '2020-05-30', 290, 1116, 129),
(794, '2020-05-30', 290, 804, 77),
(795, '2020-05-30', 291, 323, 81),
(796, '2020-05-30', 292, 1147, 144),
(797, '2020-05-30', 292, 995, 171),
(798, '2020-05-30', 292, 164, 137),
(799, '2020-05-30', 292, 235, 103),
(800, '2020-05-30', 292, 98, 62),
(801, '2020-05-30', 293, 1091, 18),
(802, '2020-05-30', 293, 1158, 75),
(803, '2020-05-30', 294, 609, 63),
(804, '2020-05-30', 294, 760, 106),
(805, '2020-05-30', 294, 1206, 118),
(806, '2020-05-30', 294, 764, 154),
(807, '2020-05-30', 294, 566, 44),
(808, '2020-05-30', 295, 912, 38),
(809, '2020-05-30', 295, 1078, 32),
(810, '2020-05-30', 295, 1151, 138),
(811, '2020-05-30', 296, 485, 2),
(812, '2020-05-30', 296, 1135, 105),
(813, '2020-05-30', 296, 988, 42),
(814, '2020-05-30', 297, 107, 66),
(815, '2020-05-30', 298, 316, 176),
(816, '2020-05-30', 298, 287, 30),
(817, '2020-05-30', 299, 1058, 198),
(818, '2020-05-30', 299, 66, 7),
(819, '2020-05-30', 299, 280, 178),
(820, '2020-05-30', 299, 996, 123),
(821, '2020-05-30', 299, 723, 17),
(822, '2020-05-30', 300, 515, 75),
(823, '2020-05-30', 300, 521, 74),
(824, '2020-05-30', 300, 1150, 121),
(825, '2020-05-30', 301, 1049, 150),
(826, '2020-05-30', 301, 983, 12),
(827, '2020-05-30', 301, 58, 108),
(828, '2020-05-30', 301, 927, 82),
(829, '2020-05-30', 302, 9, 71),
(830, '2020-05-30', 302, 53, 59),
(831, '2020-05-30', 302, 988, 51),
(832, '2020-05-30', 302, 622, 118),
(833, '2020-05-30', 303, 893, 152),
(834, '2020-05-30', 304, 270, 147),
(835, '2020-05-30', 305, 714, 159),
(836, '2020-05-30', 305, 318, 194),
(837, '2020-05-30', 305, 1008, 35),
(838, '2020-05-30', 305, 211, 61),
(839, '2020-05-30', 305, 651, 18),
(840, '2020-05-30', 306, 1155, 182),
(841, '2020-05-30', 306, 521, 57),
(842, '2020-05-30', 306, 1007, 34),
(843, '2020-05-30', 306, 348, 47),
(844, '2020-05-30', 307, 946, 21),
(845, '2020-05-30', 307, 165, 124),
(846, '2020-05-30', 308, 841, 96),
(847, '2020-05-30', 308, 381, 178),
(848, '2020-05-30', 308, 867, 114),
(849, '2020-05-30', 308, 985, 179),
(850, '2020-05-30', 308, 360, 78),
(851, '2020-05-30', 309, 620, 184),
(852, '2020-05-30', 309, 712, 133),
(853, '2020-05-30', 309, 104, 125),
(854, '2020-05-30', 309, 431, 146),
(855, '2020-05-30', 309, 780, 165),
(856, '2020-05-30', 310, 368, 105),
(857, '2020-05-30', 310, 127, 167),
(858, '2020-05-30', 310, 1174, 50),
(859, '2020-05-30', 310, 1002, 169),
(860, '2020-05-30', 310, 1204, 171),
(861, '2020-05-30', 311, 893, 13),
(862, '2020-05-30', 311, 1105, 118),
(863, '2020-05-30', 312, 125, 183),
(864, '2020-05-30', 312, 126, 103),
(865, '2020-05-30', 312, 1139, 51),
(866, '2020-05-30', 312, 614, 148),
(867, '2020-05-30', 312, 645, 98),
(868, '2020-05-30', 313, 723, 59),
(869, '2020-05-30', 313, 1026, 183),
(870, '2020-05-30', 313, 486, 113),
(871, '2020-05-30', 313, 903, 29),
(872, '2020-05-30', 314, 521, 187),
(873, '2020-05-30', 314, 166, 173),
(874, '2020-05-30', 314, 893, 125),
(875, '2020-05-30', 314, 1209, 88),
(876, '2020-05-30', 315, 915, 11),
(877, '2020-05-30', 315, 957, 151),
(878, '2020-05-30', 315, 426, 156),
(879, '2020-05-30', 316, 881, 126),
(880, '2020-05-30', 316, 694, 187),
(881, '2020-05-30', 316, 594, 82),
(882, '2020-05-30', 317, 853, 112),
(883, '2020-05-30', 317, 531, 3),
(884, '2020-05-30', 317, 921, 170),
(885, '2020-05-30', 318, 52, 200),
(886, '2020-05-30', 318, 822, 190),
(887, '2020-05-30', 318, 849, 128),
(888, '2020-05-30', 318, 207, 38),
(889, '2020-05-30', 318, 135, 4),
(890, '2020-05-30', 319, 872, 95),
(891, '2020-05-30', 319, 25, 193),
(892, '2020-05-30', 319, 964, 33),
(893, '2020-05-30', 320, 303, 172),
(894, '2020-05-30', 320, 86, 193),
(895, '2020-05-30', 320, 134, 4),
(896, '2020-05-30', 320, 979, 152),
(897, '2020-05-30', 320, 1075, 24),
(898, '2020-05-30', 321, 668, 123),
(899, '2020-05-30', 321, 958, 146),
(900, '2020-05-30', 321, 601, 150),
(901, '2020-05-30', 321, 701, 55),
(902, '2020-05-30', 322, 1149, 132),
(903, '2020-05-30', 322, 340, 135),
(904, '2020-05-30', 322, 17, 40),
(905, '2020-05-30', 323, 370, 18),
(906, '2020-05-30', 323, 1191, 149),
(907, '2020-05-30', 323, 557, 27),
(908, '2020-05-30', 324, 399, 31),
(909, '2020-05-30', 324, 549, 113),
(910, '2020-05-30', 324, 377, 114),
(911, '2020-05-30', 325, 109, 147),
(912, '2020-05-30', 326, 358, 62),
(913, '2020-05-30', 327, 234, 125),
(914, '2020-05-30', 327, 232, 73),
(915, '2020-05-30', 327, 55, 162),
(916, '2020-05-30', 327, 999, 151),
(917, '2020-05-30', 327, 804, 191),
(918, '2020-05-30', 328, 134, 159),
(919, '2020-05-30', 329, 442, 113),
(920, '2020-05-30', 329, 58, 20),
(921, '2020-05-30', 329, 281, 69),
(922, '2020-05-30', 330, 470, 14),
(923, '2020-05-30', 331, 289, 56),
(924, '2020-05-30', 331, 885, 53),
(925, '2020-05-30', 331, 573, 14),
(926, '2020-05-30', 331, 951, 142),
(927, '2020-05-30', 331, 472, 191),
(928, '2020-05-30', 332, 498, 159),
(929, '2020-05-30', 333, 1178, 152),
(930, '2020-05-30', 334, 9, 127),
(931, '2020-05-30', 335, 506, 158),
(932, '2020-05-30', 335, 805, 139),
(933, '2020-05-30', 335, 1207, 82),
(934, '2020-05-30', 335, 594, 21),
(935, '2020-05-30', 335, 1029, 131),
(936, '2020-05-30', 336, 516, 154),
(937, '2020-05-30', 336, 1047, 179),
(938, '2020-05-30', 336, 100, 135),
(939, '2020-05-30', 337, 366, 64),
(940, '2020-05-30', 337, 212, 186),
(941, '2020-05-30', 338, 711, 53),
(942, '2020-05-30', 338, 87, 110),
(943, '2020-05-30', 338, 147, 5),
(944, '2020-05-30', 338, 361, 78),
(945, '2020-05-30', 338, 78, 150),
(946, '2020-05-30', 339, 408, 90),
(947, '2020-05-30', 339, 784, 32),
(948, '2020-05-30', 340, 881, 13),
(949, '2020-05-30', 340, 668, 137),
(950, '2020-05-30', 340, 1156, 76),
(951, '2020-05-30', 341, 779, 65),
(952, '2020-05-30', 341, 469, 122),
(953, '2020-05-30', 341, 60, 102),
(954, '2020-05-30', 341, 474, 34),
(955, '2020-05-30', 342, 747, 167),
(956, '2020-05-30', 342, 265, 32),
(957, '2020-05-30', 343, 557, 184),
(958, '2020-05-30', 344, 408, 98),
(959, '2020-05-30', 344, 111, 69),
(960, '2020-05-30', 344, 915, 92),
(961, '2020-05-30', 344, 302, 117),
(962, '2020-05-30', 344, 159, 44),
(963, '2020-05-30', 345, 1073, 16),
(964, '2020-05-30', 345, 1117, 58),
(965, '2020-05-30', 345, 831, 143),
(966, '2020-05-30', 345, 1094, 94),
(967, '2020-05-30', 346, 856, 56),
(968, '2020-05-30', 346, 667, 144),
(969, '2020-05-30', 346, 879, 10),
(970, '2020-05-30', 346, 1147, 127),
(971, '2020-05-30', 347, 1073, 3),
(972, '2020-05-30', 347, 71, 128),
(973, '2020-05-30', 347, 1197, 151),
(974, '2020-05-30', 347, 142, 115),
(975, '2020-05-30', 347, 487, 124),
(976, '2020-05-30', 348, 90, 149),
(977, '2020-05-30', 348, 111, 61),
(978, '2020-05-30', 349, 1161, 188),
(979, '2020-05-30', 349, 329, 76),
(980, '2020-05-30', 349, 1202, 64),
(981, '2020-05-30', 349, 460, 150),
(982, '2020-05-30', 350, 132, 56),
(983, '2020-05-30', 350, 1192, 168),
(984, '2020-05-30', 350, 318, 95),
(985, '2020-05-30', 351, 748, 126),
(986, '2020-05-30', 351, 1168, 29),
(987, '2020-05-30', 351, 497, 104),
(988, '2020-05-30', 352, 839, 79),
(989, '2020-05-30', 352, 330, 111),
(990, '2020-05-30', 353, 703, 35),
(991, '2020-05-30', 353, 213, 33),
(992, '2020-05-30', 353, 8, 177),
(993, '2020-05-30', 353, 755, 186),
(994, '2020-05-30', 353, 627, 152),
(995, '2020-05-30', 354, 293, 133),
(996, '2020-05-30', 354, 672, 84),
(997, '2020-05-30', 354, 657, 86),
(998, '2020-05-30', 354, 533, 164),
(999, '2020-05-30', 355, 689, 34),
(1000, '2020-05-30', 356, 103, 141),
(1001, '2020-05-30', 356, 890, 170),
(1002, '2020-05-30', 356, 988, 125),
(1003, '2020-05-30', 356, 1048, 124),
(1004, '2020-05-30', 356, 19, 79),
(1005, '2020-05-30', 357, 418, 79),
(1006, '2020-05-30', 358, 967, 32),
(1007, '2020-05-30', 358, 727, 144),
(1008, '2020-05-30', 359, 998, 47),
(1009, '2020-05-30', 359, 1034, 148),
(1010, '2020-05-30', 359, 556, 134),
(1011, '2020-05-30', 359, 1020, 193),
(1012, '2020-05-30', 360, 481, 24),
(1013, '2020-05-30', 360, 873, 179),
(1014, '2020-05-30', 360, 30, 16),
(1015, '2020-05-30', 360, 538, 33),
(1016, '2020-05-30', 361, 907, 147),
(1017, '2020-05-30', 361, 65, 44),
(1018, '2020-05-30', 362, 722, 167),
(1019, '2020-05-30', 362, 72, 76),
(1020, '2020-05-30', 362, 1097, 134),
(1021, '2020-05-30', 362, 970, 131),
(1022, '2020-05-30', 362, 419, 80),
(1023, '2020-05-30', 363, 830, 77),
(1024, '2020-05-30', 363, 780, 135),
(1025, '2020-05-30', 363, 52, 83),
(1026, '2020-05-30', 363, 344, 108),
(1027, '2020-05-30', 363, 379, 55),
(1028, '2020-05-30', 364, 352, 58),
(1029, '2020-05-30', 365, 845, 134),
(1030, '2020-05-30', 366, 998, 104),
(1031, '2020-05-30', 366, 32, 141),
(1032, '2020-05-30', 367, 1058, 174),
(1033, '2020-05-30', 368, 818, 80),
(1034, '2020-05-30', 369, 1177, 193),
(1035, '2020-05-30', 369, 514, 81),
(1036, '2020-05-30', 370, 921, 174),
(1037, '2020-05-30', 370, 1167, 60),
(1038, '2020-05-30', 371, 331, 110),
(1039, '2020-05-30', 371, 225, 55),
(1040, '2020-05-30', 371, 162, 58),
(1041, '2020-05-30', 372, 852, 6),
(1042, '2020-05-30', 372, 917, 6),
(1043, '2020-05-30', 372, 221, 32),
(1044, '2020-05-30', 372, 1184, 134),
(1045, '2020-05-30', 372, 1072, 53),
(1046, '2020-05-30', 373, 902, 75),
(1047, '2020-05-30', 373, 414, 115),
(1048, '2020-05-30', 373, 1198, 29),
(1049, '2020-05-30', 374, 628, 112),
(1050, '2020-05-30', 374, 219, 89),
(1051, '2020-05-30', 374, 590, 6),
(1052, '2020-05-30', 375, 13, 100),
(1053, '2020-05-30', 375, 985, 130),
(1054, '2020-05-30', 375, 1103, 174),
(1055, '2020-05-30', 375, 525, 190),
(1056, '2020-05-30', 376, 925, 54),
(1057, '2020-05-30', 377, 106, 102),
(1058, '2020-05-30', 377, 342, 131),
(1059, '2020-05-30', 378, 607, 66),
(1060, '2020-05-30', 378, 1054, 68),
(1061, '2020-05-30', 378, 501, 198),
(1062, '2020-05-30', 378, 813, 187),
(1063, '2020-05-30', 378, 268, 117),
(1064, '2020-05-30', 379, 312, 23),
(1065, '2020-05-30', 379, 1143, 139),
(1066, '2020-05-30', 379, 1145, 17),
(1067, '2020-05-30', 379, 1070, 105),
(1068, '2020-05-30', 379, 251, 103),
(1069, '2020-05-30', 380, 456, 4),
(1070, '2020-05-30', 380, 33, 165),
(1071, '2020-05-30', 381, 232, 9),
(1072, '2020-05-30', 381, 1009, 130),
(1073, '2020-05-30', 382, 1003, 139),
(1074, '2020-05-30', 382, 198, 67),
(1075, '2020-05-30', 382, 161, 20),
(1076, '2020-05-30', 382, 109, 64),
(1077, '2020-05-30', 383, 497, 103),
(1078, '2020-05-30', 383, 836, 42),
(1079, '2020-05-30', 383, 763, 172),
(1080, '2020-05-30', 383, 408, 107),
(1081, '2020-05-30', 383, 619, 146),
(1082, '2020-05-30', 384, 349, 124),
(1083, '2020-05-30', 384, 547, 88),
(1084, '2020-05-30', 384, 50, 91),
(1085, '2020-05-30', 384, 506, 94),
(1086, '2020-05-30', 385, 417, 175),
(1087, '2020-05-30', 385, 567, 71),
(1088, '2020-05-30', 385, 210, 177),
(1089, '2020-05-30', 385, 907, 27),
(1090, '2020-05-30', 385, 956, 192),
(1091, '2020-05-30', 386, 777, 200),
(1092, '2020-05-30', 386, 1134, 174),
(1093, '2020-05-30', 386, 719, 141),
(1094, '2020-05-30', 386, 585, 6),
(1095, '2020-05-30', 386, 361, 167),
(1096, '2020-05-30', 387, 170, 32),
(1097, '2020-05-30', 388, 13, 62),
(1098, '2020-05-30', 388, 973, 22),
(1099, '2020-05-30', 389, 1046, 11),
(1100, '2020-05-30', 389, 843, 158),
(1101, '2020-05-30', 389, 718, 166),
(1102, '2020-05-30', 389, 472, 199),
(1103, '2020-05-30', 389, 1010, 161),
(1104, '2020-05-30', 390, 439, 107),
(1105, '2020-05-30', 390, 63, 96),
(1106, '2020-05-30', 390, 755, 184),
(1107, '2020-05-30', 390, 225, 4),
(1108, '2020-05-30', 391, 1184, 137),
(1109, '2020-05-30', 391, 327, 166),
(1110, '2020-05-30', 391, 942, 137),
(1111, '2020-05-30', 391, 221, 154),
(1112, '2020-05-30', 392, 987, 143),
(1113, '2020-05-30', 392, 966, 106),
(1114, '2020-05-30', 392, 1005, 114),
(1115, '2020-05-30', 393, 1070, 57),
(1116, '2020-05-30', 393, 802, 136),
(1117, '2020-05-30', 393, 1092, 44),
(1118, '2020-05-30', 393, 407, 52),
(1119, '2020-05-30', 394, 754, 98),
(1120, '2020-05-30', 394, 1069, 180),
(1121, '2020-05-30', 394, 172, 130),
(1122, '2020-05-30', 394, 1002, 191),
(1123, '2020-05-30', 394, 700, 7),
(1124, '2020-05-30', 395, 882, 67),
(1125, '2020-05-30', 395, 6, 155),
(1126, '2020-05-30', 396, 961, 168),
(1127, '2020-05-30', 396, 520, 66),
(1128, '2020-05-30', 396, 99, 170),
(1129, '2020-05-30', 396, 840, 125),
(1130, '2020-05-30', 396, 1045, 70),
(1131, '2020-05-30', 397, 635, 153),
(1132, '2020-05-30', 397, 599, 75),
(1133, '2020-05-30', 397, 876, 117),
(1134, '2020-05-30', 398, 694, 158),
(1135, '2020-05-30', 398, 194, 24),
(1136, '2020-05-30', 398, 274, 187),
(1137, '2020-05-30', 398, 351, 45),
(1138, '2020-05-30', 399, 202, 39),
(1139, '2020-05-30', 399, 266, 73),
(1140, '2020-05-30', 399, 136, 94),
(1141, '2020-05-30', 400, 894, 140),
(1142, '2020-05-30', 400, 372, 129),
(1143, '2020-05-30', 400, 242, 28),
(1144, '2020-05-30', 400, 364, 135),
(1145, '2020-05-30', 401, 588, 133),
(1146, '2020-05-30', 402, 728, 73),
(1147, '2020-05-30', 402, 560, 131),
(1148, '2020-05-30', 402, 390, 110),
(1149, '2020-05-30', 403, 1196, 49),
(1150, '2020-05-30', 403, 892, 15),
(1151, '2020-05-30', 403, 1193, 142),
(1152, '2020-05-30', 403, 1123, 176),
(1153, '2020-05-30', 404, 871, 190),
(1154, '2020-05-30', 404, 256, 81),
(1155, '2020-05-30', 404, 938, 125),
(1156, '2020-05-30', 405, 509, 179),
(1157, '2020-05-30', 405, 877, 147),
(1158, '2020-05-30', 405, 1165, 52),
(1159, '2020-05-30', 405, 272, 75),
(1160, '2020-05-30', 406, 804, 73),
(1161, '2020-05-30', 406, 1055, 21),
(1162, '2020-05-30', 406, 834, 94),
(1163, '2020-05-30', 406, 814, 144),
(1164, '2020-05-30', 406, 550, 162),
(1165, '2020-05-30', 407, 1145, 91),
(1166, '2020-05-30', 407, 732, 47),
(1167, '2020-05-30', 408, 897, 110),
(1168, '2020-05-30', 408, 591, 126),
(1169, '2020-05-30', 408, 651, 83),
(1170, '2020-05-30', 409, 127, 164),
(1171, '2020-05-30', 410, 778, 143),
(1172, '2020-05-30', 410, 677, 163),
(1173, '2020-05-30', 410, 790, 181),
(1174, '2020-05-30', 410, 458, 32),
(1175, '2020-05-30', 410, 503, 30),
(1176, '2020-05-30', 411, 948, 77),
(1177, '2020-05-30', 411, 1127, 110),
(1178, '2020-05-30', 412, 524, 89),
(1179, '2020-05-30', 412, 152, 197),
(1180, '2020-05-30', 413, 948, 20),
(1181, '2020-05-30', 413, 55, 80),
(1182, '2020-05-30', 414, 437, 81),
(1183, '2020-05-30', 415, 785, 18),
(1184, '2020-05-30', 415, 1121, 39),
(1185, '2020-05-30', 415, 6, 94),
(1186, '2020-05-30', 416, 411, 163),
(1187, '2020-05-30', 416, 534, 53),
(1188, '2020-05-30', 416, 593, 26),
(1189, '2020-05-30', 416, 1078, 58),
(1190, '2020-05-30', 417, 228, 57),
(1191, '2020-05-30', 417, 802, 143),
(1192, '2020-05-30', 418, 65, 84),
(1193, '2020-05-30', 418, 931, 78),
(1194, '2020-05-30', 418, 569, 60),
(1195, '2020-05-30', 419, 494, 155),
(1196, '2020-05-30', 419, 452, 70),
(1197, '2020-05-30', 419, 1144, 173),
(1198, '2020-05-30', 420, 406, 155),
(1199, '2020-05-30', 420, 543, 189),
(1200, '2020-05-30', 421, 61, 197),
(1201, '2020-05-30', 421, 696, 59),
(1202, '2020-05-30', 421, 797, 129),
(1203, '2020-05-30', 422, 638, 184),
(1204, '2020-05-30', 422, 1159, 129),
(1205, '2020-05-30', 423, 640, 39),
(1206, '2020-05-30', 423, 1068, 1),
(1207, '2020-05-30', 423, 194, 84),
(1208, '2020-05-30', 423, 1214, 136),
(1209, '2020-05-30', 423, 976, 144),
(1210, '2020-05-30', 424, 1099, 146),
(1211, '2020-05-30', 424, 1213, 176),
(1212, '2020-05-30', 424, 741, 199),
(1213, '2020-05-30', 425, 408, 128),
(1214, '2020-05-30', 425, 1173, 144),
(1215, '2020-05-30', 426, 1015, 7),
(1216, '2020-05-30', 426, 641, 47),
(1217, '2020-05-30', 426, 116, 79),
(1218, '2020-05-30', 426, 937, 51),
(1219, '2020-05-30', 426, 536, 169),
(1220, '2020-05-30', 427, 59, 198),
(1221, '2020-05-30', 428, 595, 174),
(1222, '2020-05-30', 428, 776, 2),
(1223, '2020-05-30', 429, 824, 87),
(1224, '2020-05-30', 429, 1042, 61),
(1225, '2020-05-30', 429, 1212, 11),
(1226, '2020-05-30', 430, 1125, 66),
(1227, '2020-05-30', 431, 248, 25),
(1228, '2020-05-30', 431, 500, 166),
(1229, '2020-05-30', 431, 852, 13),
(1230, '2020-05-30', 432, 912, 82),
(1231, '2020-05-30', 432, 384, 3),
(1232, '2020-05-30', 432, 310, 4),
(1233, '2020-05-30', 433, 520, 59),
(1234, '2020-05-30', 433, 1067, 72),
(1235, '2020-05-30', 434, 1175, 62),
(1236, '2020-05-30', 434, 410, 101),
(1237, '2020-05-30', 434, 904, 141),
(1238, '2020-05-30', 435, 827, 132),
(1239, '2020-05-30', 435, 102, 179),
(1240, '2020-05-30', 435, 801, 160),
(1241, '2020-05-30', 435, 333, 180),
(1242, '2020-05-30', 435, 687, 114),
(1243, '2020-05-30', 436, 407, 68),
(1244, '2020-05-30', 436, 393, 120),
(1245, '2020-05-30', 436, 902, 115),
(1246, '2020-05-30', 436, 925, 114),
(1247, '2020-05-30', 436, 652, 154),
(1248, '2020-05-30', 437, 104, 105),
(1249, '2020-05-30', 437, 562, 84),
(1250, '2020-05-30', 437, 601, 173),
(1251, '2020-05-30', 437, 75, 172),
(1252, '2020-05-30', 437, 558, 112),
(1253, '2020-05-30', 438, 515, 42),
(1254, '2020-05-30', 438, 596, 118),
(1255, '2020-05-30', 438, 621, 92),
(1256, '2020-05-30', 438, 779, 15),
(1257, '2020-05-30', 439, 182, 178),
(1258, '2020-05-30', 439, 204, 7),
(1259, '2020-05-30', 439, 765, 109),
(1260, '2020-05-30', 439, 804, 67),
(1261, '2020-05-30', 439, 436, 70),
(1262, '2020-05-30', 440, 460, 119),
(1263, '2020-05-30', 440, 1067, 145),
(1264, '2020-05-30', 440, 52, 121),
(1265, '2020-05-30', 440, 158, 79),
(1266, '2020-05-30', 440, 170, 158),
(1267, '2020-05-30', 441, 1128, 8),
(1268, '2020-05-30', 441, 601, 31),
(1269, '2020-05-30', 442, 425, 24),
(1270, '2020-05-30', 443, 827, 1),
(1271, '2020-05-30', 443, 944, 68),
(1272, '2020-05-30', 443, 694, 167),
(1273, '2020-05-30', 443, 82, 154),
(1274, '2020-05-30', 444, 381, 91),
(1275, '2020-05-30', 444, 487, 30),
(1276, '2020-05-30', 444, 313, 23),
(1277, '2020-05-30', 444, 591, 120),
(1278, '2020-05-30', 444, 413, 105),
(1279, '2020-05-30', 445, 511, 5),
(1280, '2020-05-30', 445, 657, 107),
(1281, '2020-05-30', 445, 1123, 153),
(1282, '2020-05-30', 445, 444, 20),
(1283, '2020-05-30', 446, 519, 184),
(1284, '2020-05-30', 446, 363, 87),
(1285, '2020-05-30', 446, 21, 28),
(1286, '2020-05-30', 447, 312, 23),
(1287, '2020-05-30', 447, 100, 172),
(1288, '2020-05-30', 448, 689, 162),
(1289, '2020-05-30', 448, 152, 121),
(1290, '2020-05-30', 448, 118, 38),
(1291, '2020-05-30', 448, 265, 174),
(1292, '2020-05-30', 448, 247, 34),
(1293, '2020-05-30', 449, 117, 18),
(1294, '2020-05-30', 449, 911, 67),
(1295, '2020-05-30', 449, 47, 138),
(1296, '2020-05-30', 450, 965, 59),
(1297, '2020-05-30', 450, 1188, 167),
(1298, '2020-05-30', 450, 392, 67),
(1299, '2020-05-30', 450, 1204, 63),
(1300, '2020-05-30', 450, 873, 20),
(1301, '2020-05-30', 451, 213, 44),
(1302, '2020-05-30', 451, 630, 137),
(1303, '2020-05-30', 451, 93, 172),
(1304, '2020-05-30', 451, 480, 200),
(1305, '2020-05-30', 452, 497, 115),
(1306, '2020-05-30', 453, 489, 143),
(1307, '2020-05-30', 453, 787, 13),
(1308, '2020-05-30', 453, 14, 72),
(1309, '2020-05-30', 453, 761, 158),
(1310, '2020-05-30', 454, 340, 39),
(1311, '2020-05-30', 454, 877, 11),
(1312, '2020-05-30', 454, 581, 71),
(1313, '2020-05-30', 454, 42, 189),
(1314, '2020-05-30', 455, 826, 39),
(1315, '2020-05-30', 456, 485, 145),
(1316, '2020-05-30', 457, 588, 177),
(1317, '2020-05-30', 457, 1125, 50),
(1318, '2020-05-30', 458, 290, 133),
(1319, '2020-05-30', 458, 447, 145),
(1320, '2020-05-30', 459, 54, 172),
(1321, '2020-05-30', 459, 1100, 15),
(1322, '2020-05-30', 460, 501, 78),
(1323, '2020-05-30', 460, 1190, 189),
(1324, '2020-05-30', 460, 872, 53),
(1325, '2020-05-30', 461, 768, 82),
(1326, '2020-05-30', 461, 269, 88),
(1327, '2020-05-30', 462, 2, 51),
(1328, '2020-05-30', 462, 1087, 147),
(1329, '2020-05-30', 462, 94, 109),
(1330, '2020-05-30', 463, 381, 190),
(1331, '2020-05-30', 463, 147, 11),
(1332, '2020-05-30', 464, 679, 101),
(1333, '2020-05-30', 464, 136, 64),
(1334, '2020-05-30', 464, 630, 21),
(1335, '2020-05-30', 464, 59, 1),
(1336, '2020-05-30', 465, 1082, 106),
(1337, '2020-05-30', 465, 494, 44),
(1338, '2020-05-30', 465, 434, 128),
(1339, '2020-05-30', 466, 517, 67),
(1340, '2020-05-30', 466, 792, 78),
(1341, '2020-05-30', 466, 932, 170),
(1342, '2020-05-30', 466, 246, 30),
(1343, '2020-05-30', 466, 936, 130),
(1344, '2020-05-30', 467, 110, 103),
(1345, '2020-05-30', 467, 1132, 151),
(1346, '2020-05-30', 467, 979, 25),
(1347, '2020-05-30', 468, 286, 120),
(1348, '2020-05-30', 468, 295, 32),
(1349, '2020-05-30', 469, 309, 1),
(1350, '2020-05-30', 469, 288, 160),
(1351, '2020-05-30', 469, 261, 161),
(1352, '2020-05-30', 470, 605, 149),
(1353, '2020-05-30', 470, 288, 167),
(1354, '2020-05-30', 470, 797, 196),
(1355, '2020-05-30', 470, 495, 10),
(1356, '2020-05-30', 471, 535, 42),
(1357, '2020-05-30', 471, 1205, 143),
(1358, '2020-05-30', 471, 867, 69),
(1359, '2020-05-30', 471, 150, 113),
(1360, '2020-05-30', 472, 1047, 189),
(1361, '2020-05-30', 473, 426, 37),
(1362, '2020-05-30', 473, 572, 101),
(1363, '2020-05-30', 473, 13, 115),
(1364, '2020-05-30', 474, 771, 10),
(1365, '2020-05-30', 474, 144, 155),
(1366, '2020-05-30', 475, 987, 6),
(1367, '2020-05-30', 475, 1065, 140),
(1368, '2020-05-30', 475, 590, 194),
(1369, '2020-05-30', 475, 1157, 48),
(1370, '2020-05-30', 476, 544, 53),
(1371, '2020-05-30', 477, 409, 149),
(1372, '2020-05-30', 477, 964, 68),
(1373, '2020-05-30', 477, 883, 29),
(1374, '2020-05-30', 477, 862, 195),
(1375, '2020-05-30', 478, 92, 159),
(1376, '2020-05-30', 479, 831, 146),
(1377, '2020-05-30', 479, 466, 38),
(1378, '2020-05-30', 479, 486, 170),
(1379, '2020-05-30', 479, 63, 14),
(1380, '2020-05-30', 480, 83, 175),
(1381, '2020-05-30', 480, 1087, 126),
(1382, '2020-05-30', 480, 88, 176),
(1383, '2020-05-30', 480, 317, 70),
(1384, '2020-05-30', 480, 396, 122),
(1385, '2020-05-30', 481, 382, 177),
(1386, '2020-05-30', 481, 1138, 30),
(1387, '2020-05-30', 481, 450, 68),
(1388, '2020-05-30', 481, 747, 20),
(1389, '2020-05-30', 481, 541, 120),
(1390, '2020-05-30', 482, 247, 47),
(1391, '2020-05-30', 482, 709, 22),
(1392, '2020-05-30', 482, 891, 184),
(1393, '2020-05-30', 482, 396, 172),
(1394, '2020-05-30', 482, 62, 3),
(1395, '2020-05-30', 483, 820, 68),
(1396, '2020-05-30', 483, 884, 165),
(1397, '2020-05-30', 483, 955, 118),
(1398, '2020-05-30', 484, 106, 16),
(1399, '2020-05-30', 484, 1183, 84),
(1400, '2020-05-30', 484, 114, 22),
(1401, '2020-05-30', 484, 124, 8),
(1402, '2020-05-30', 485, 771, 168),
(1403, '2020-05-30', 485, 658, 29),
(1404, '2020-05-30', 486, 1021, 97),
(1405, '2020-05-30', 486, 7, 72),
(1406, '2020-05-30', 486, 1037, 16),
(1407, '2020-05-30', 486, 1104, 76),
(1408, '2020-05-30', 487, 328, 26),
(1409, '2020-05-30', 487, 928, 3),
(1410, '2020-05-30', 487, 800, 87),
(1411, '2020-05-30', 487, 1088, 11),
(1412, '2020-05-30', 488, 961, 87),
(1413, '2020-05-30', 488, 987, 182),
(1414, '2020-05-30', 488, 421, 169),
(1415, '2020-05-30', 488, 1026, 172),
(1416, '2020-05-30', 489, 894, 19),
(1417, '2020-05-30', 489, 606, 142),
(1418, '2020-05-30', 489, 1113, 103),
(1419, '2020-05-30', 489, 217, 127),
(1420, '2020-05-30', 490, 77, 109),
(1421, '2020-05-30', 490, 813, 49),
(1422, '2020-05-30', 490, 361, 91),
(1423, '2020-05-30', 490, 565, 7),
(1424, '2020-05-30', 491, 236, 147),
(1425, '2020-05-30', 491, 918, 104),
(1426, '2020-05-30', 491, 945, 120),
(1427, '2020-05-30', 492, 832, 38),
(1428, '2020-05-30', 492, 1077, 68),
(1429, '2020-05-30', 492, 45, 115),
(1430, '2020-05-30', 493, 1115, 156),
(1431, '2020-05-30', 493, 976, 39),
(1432, '2020-05-30', 493, 421, 113),
(1433, '2020-05-30', 494, 1159, 130),
(1434, '2020-05-30', 494, 732, 192),
(1435, '2020-05-30', 495, 494, 173),
(1436, '2020-05-30', 495, 92, 86),
(1437, '2020-05-30', 495, 296, 51),
(1438, '2020-05-30', 496, 181, 148),
(1439, '2020-05-30', 497, 324, 76),
(1440, '2020-05-30', 497, 240, 194),
(1441, '2020-05-30', 497, 1041, 150),
(1442, '2020-05-30', 497, 143, 156),
(1443, '2020-05-30', 498, 275, 42),
(1444, '2020-05-30', 498, 342, 158),
(1445, '2020-05-30', 498, 274, 65),
(1446, '2020-05-30', 499, 325, 171),
(1447, '2020-05-30', 499, 1064, 48),
(1448, '2020-05-30', 499, 726, 81),
(1449, '2020-05-30', 499, 991, 6),
(1450, '2020-05-30', 499, 917, 16),
(1451, '2020-05-30', 500, 1148, 111),
(1452, '2020-05-30', 500, 351, 111),
(1453, '2020-05-30', 500, 1065, 113),
(1454, '2020-05-30', 501, 590, 50),
(1455, '2020-05-30', 501, 1029, 76),
(1456, '2020-05-30', 501, 210, 150),
(1457, '2020-05-30', 501, 45, 168),
(1458, '2020-05-30', 502, 1070, 129),
(1459, '2020-05-30', 502, 762, 45),
(1460, '2020-05-30', 502, 319, 41),
(1461, '2020-05-30', 503, 883, 106),
(1462, '2020-05-30', 503, 326, 97),
(1463, '2020-05-30', 504, 682, 165),
(1464, '2020-05-30', 505, 563, 81),
(1465, '2020-05-30', 505, 301, 106),
(1466, '2020-05-30', 505, 689, 120),
(1467, '2020-05-30', 505, 584, 196),
(1468, '2020-05-30', 506, 509, 41),
(1469, '2020-05-30', 506, 1154, 127),
(1470, '2020-05-30', 506, 385, 23),
(1471, '2020-05-30', 507, 982, 179),
(1472, '2020-05-30', 507, 456, 112),
(1473, '2020-05-30', 507, 973, 162),
(1474, '2020-05-30', 508, 913, 120),
(1475, '2020-05-30', 508, 393, 146),
(1476, '2020-05-30', 509, 1210, 180),
(1477, '2020-05-30', 510, 789, 36),
(1478, '2020-05-30', 510, 716, 104),
(1479, '2020-05-30', 510, 522, 177),
(1480, '2020-05-30', 510, 562, 168),
(1481, '2020-05-30', 511, 29, 182),
(1482, '2020-05-30', 512, 719, 86),
(1483, '2020-05-30', 513, 202, 187),
(1484, '2020-05-30', 513, 700, 7);
INSERT INTO `sales` (`sale_id`, `sale_date`, `cus_id`, `s_id`, `p_id`) VALUES
(1485, '2020-05-30', 513, 501, 84),
(1486, '2020-05-30', 514, 846, 169),
(1487, '2020-05-30', 514, 155, 110),
(1488, '2020-05-30', 515, 920, 182),
(1489, '2020-05-30', 516, 947, 62),
(1490, '2020-05-30', 516, 454, 1),
(1491, '2020-05-30', 516, 652, 76),
(1492, '2020-05-30', 516, 284, 6),
(1493, '2020-05-30', 517, 1108, 18),
(1494, '2020-05-30', 517, 951, 70),
(1495, '2020-05-30', 517, 579, 110),
(1496, '2020-05-30', 517, 1061, 194),
(1497, '2020-05-30', 517, 1181, 43),
(1498, '2020-05-30', 518, 233, 37),
(1499, '2020-05-30', 518, 1175, 158),
(1500, '2020-05-30', 518, 668, 181),
(1501, '2020-05-30', 519, 272, 29),
(1502, '2020-05-30', 519, 644, 38),
(1503, '2020-05-30', 519, 123, 135),
(1504, '2020-05-30', 519, 1133, 183),
(1505, '2020-05-30', 519, 720, 140),
(1506, '2020-05-30', 520, 133, 50),
(1507, '2020-05-30', 521, 502, 169),
(1508, '2020-05-30', 522, 331, 184),
(1509, '2020-05-30', 522, 688, 181),
(1510, '2020-05-30', 522, 816, 78),
(1511, '2020-05-30', 523, 440, 18),
(1512, '2020-05-30', 523, 1001, 178),
(1513, '2020-05-30', 523, 592, 178),
(1514, '2020-05-30', 524, 730, 112),
(1515, '2020-05-30', 525, 299, 200),
(1516, '2020-05-30', 525, 538, 199),
(1517, '2020-05-30', 525, 1146, 55),
(1518, '2020-05-30', 526, 616, 22),
(1519, '2020-05-30', 526, 511, 42),
(1520, '2020-05-30', 526, 276, 152),
(1521, '2020-05-30', 526, 425, 192),
(1522, '2020-05-30', 527, 786, 152),
(1523, '2020-05-30', 527, 534, 139),
(1524, '2020-05-30', 527, 587, 146),
(1525, '2020-05-30', 527, 1005, 105),
(1526, '2020-05-30', 528, 952, 150),
(1527, '2020-05-30', 528, 353, 98),
(1528, '2020-05-30', 528, 285, 15),
(1529, '2020-05-30', 529, 130, 117),
(1530, '2020-05-30', 529, 108, 10),
(1531, '2020-05-30', 529, 920, 68),
(1532, '2020-05-30', 529, 381, 127),
(1533, '2020-05-30', 530, 444, 23),
(1534, '2020-05-30', 530, 501, 163),
(1535, '2020-05-30', 530, 726, 82),
(1536, '2020-05-30', 530, 550, 114),
(1537, '2020-05-30', 530, 1167, 120),
(1538, '2020-05-30', 531, 495, 103),
(1539, '2020-05-30', 531, 790, 183),
(1540, '2020-05-30', 532, 1019, 55),
(1541, '2020-05-30', 533, 549, 83),
(1542, '2020-05-30', 533, 903, 77),
(1543, '2020-05-30', 533, 597, 117),
(1544, '2020-05-30', 533, 881, 6),
(1545, '2020-05-30', 533, 214, 57),
(1546, '2020-05-30', 534, 441, 120),
(1547, '2020-05-30', 534, 891, 72),
(1548, '2020-05-30', 534, 41, 21),
(1549, '2020-05-30', 534, 860, 82),
(1550, '2020-05-30', 534, 879, 91),
(1551, '2020-05-30', 535, 68, 200),
(1552, '2020-05-30', 535, 43, 165),
(1553, '2020-05-30', 535, 1167, 104),
(1554, '2020-05-30', 535, 240, 39),
(1555, '2020-05-30', 535, 496, 115),
(1556, '2020-05-30', 536, 528, 30),
(1557, '2020-05-30', 536, 697, 76),
(1558, '2020-05-30', 536, 675, 147),
(1559, '2020-05-30', 536, 1181, 19),
(1560, '2020-05-30', 537, 627, 126),
(1561, '2020-05-30', 538, 718, 193),
(1562, '2020-05-30', 538, 181, 7),
(1563, '2020-05-30', 538, 95, 158),
(1564, '2020-05-30', 538, 1148, 105),
(1565, '2020-05-30', 538, 169, 137),
(1566, '2020-05-30', 539, 334, 75),
(1567, '2020-05-30', 539, 1039, 148),
(1568, '2020-05-30', 540, 906, 45),
(1569, '2020-05-30', 540, 306, 28),
(1570, '2020-05-30', 541, 919, 188),
(1571, '2020-05-30', 541, 415, 175),
(1572, '2020-05-30', 542, 298, 41),
(1573, '2020-05-30', 542, 139, 171),
(1574, '2020-05-30', 542, 1106, 148),
(1575, '2020-05-30', 542, 804, 49),
(1576, '2020-05-30', 543, 816, 171),
(1577, '2020-05-30', 543, 831, 149),
(1578, '2020-05-30', 544, 994, 63),
(1579, '2020-05-30', 544, 287, 191),
(1580, '2020-05-30', 544, 653, 133),
(1581, '2020-05-30', 545, 312, 41),
(1582, '2020-05-30', 546, 222, 37),
(1583, '2020-05-30', 546, 389, 128),
(1584, '2020-05-30', 546, 21, 91),
(1585, '2020-05-30', 547, 691, 47),
(1586, '2020-05-30', 547, 806, 37),
(1587, '2020-05-30', 548, 649, 168),
(1588, '2020-05-30', 548, 661, 199),
(1589, '2020-05-30', 548, 223, 88),
(1590, '2020-05-30', 548, 79, 130),
(1591, '2020-05-30', 548, 779, 41),
(1592, '2020-05-30', 549, 232, 12),
(1593, '2020-05-30', 550, 250, 148),
(1594, '2020-05-30', 550, 207, 121),
(1595, '2020-05-30', 550, 191, 95),
(1596, '2020-05-30', 550, 801, 64),
(1597, '2020-05-30', 551, 545, 134),
(1598, '2020-05-30', 551, 10, 18),
(1599, '2020-05-30', 551, 21, 80),
(1600, '2020-05-30', 551, 867, 75),
(1601, '2020-05-30', 551, 368, 165),
(1602, '2020-05-30', 552, 289, 79),
(1603, '2020-05-30', 553, 552, 96),
(1604, '2020-05-30', 553, 12, 139),
(1605, '2020-05-30', 554, 225, 152),
(1606, '2020-05-30', 554, 639, 19),
(1607, '2020-05-30', 554, 336, 191),
(1608, '2020-05-30', 554, 519, 178),
(1609, '2020-05-30', 554, 435, 180),
(1610, '2020-05-30', 555, 1118, 151),
(1611, '2020-05-30', 555, 264, 179),
(1612, '2020-05-30', 555, 918, 194),
(1613, '2020-05-30', 555, 679, 4),
(1614, '2020-05-30', 555, 27, 63),
(1615, '2020-05-30', 556, 860, 45),
(1616, '2020-05-30', 556, 659, 179),
(1617, '2020-05-30', 557, 350, 153),
(1618, '2020-05-30', 557, 836, 72),
(1619, '2020-05-30', 557, 855, 188),
(1620, '2020-05-30', 557, 992, 124),
(1621, '2020-05-30', 557, 1048, 117),
(1622, '2020-05-30', 558, 504, 119),
(1623, '2020-05-30', 558, 32, 121),
(1624, '2020-05-30', 558, 103, 82),
(1625, '2020-05-30', 559, 536, 184),
(1626, '2020-05-30', 559, 383, 39),
(1627, '2020-05-30', 560, 25, 53),
(1628, '2020-05-30', 560, 648, 37),
(1629, '2020-05-30', 560, 228, 169),
(1630, '2020-05-30', 561, 868, 109),
(1631, '2020-05-30', 562, 228, 47),
(1632, '2020-05-30', 562, 782, 6),
(1633, '2020-05-30', 562, 81, 77),
(1634, '2020-05-30', 562, 676, 162),
(1635, '2020-05-30', 562, 1106, 19),
(1636, '2020-05-30', 563, 1132, 194),
(1637, '2020-05-30', 564, 9, 193),
(1638, '2020-05-30', 564, 624, 113),
(1639, '2020-05-30', 565, 1055, 46),
(1640, '2020-05-30', 565, 376, 81),
(1641, '2020-05-30', 566, 1044, 137),
(1642, '2020-05-30', 566, 1046, 107),
(1643, '2020-05-30', 566, 200, 155),
(1644, '2020-05-30', 566, 1091, 6),
(1645, '2020-05-30', 567, 346, 181),
(1646, '2020-05-30', 567, 205, 109),
(1647, '2020-05-30', 568, 225, 28),
(1648, '2020-05-30', 568, 83, 191),
(1649, '2020-05-30', 569, 328, 68),
(1650, '2020-05-30', 569, 463, 44),
(1651, '2020-05-30', 569, 66, 172),
(1652, '2020-05-30', 569, 1022, 104),
(1653, '2020-05-30', 569, 438, 12),
(1654, '2020-05-30', 570, 1134, 17),
(1655, '2020-05-30', 570, 1166, 198),
(1656, '2020-05-30', 570, 406, 116),
(1657, '2020-05-30', 571, 282, 47),
(1658, '2020-05-30', 571, 912, 121),
(1659, '2020-05-30', 571, 1142, 46),
(1660, '2020-05-30', 572, 1063, 81),
(1661, '2020-05-30', 572, 210, 127),
(1662, '2020-05-30', 572, 101, 8),
(1663, '2020-05-30', 573, 844, 152),
(1664, '2020-05-30', 573, 1059, 101),
(1665, '2020-05-30', 574, 997, 101),
(1666, '2020-05-30', 574, 229, 7),
(1667, '2020-05-30', 575, 553, 113),
(1668, '2020-05-30', 575, 1127, 144),
(1669, '2020-05-30', 576, 1187, 4),
(1670, '2020-05-30', 576, 252, 18),
(1671, '2020-05-30', 576, 47, 143),
(1672, '2020-05-30', 577, 583, 111),
(1673, '2020-05-30', 577, 1163, 158),
(1674, '2020-05-30', 578, 1056, 139),
(1675, '2020-05-30', 578, 103, 155),
(1676, '2020-05-30', 578, 242, 26),
(1677, '2020-05-30', 578, 61, 163),
(1678, '2020-05-30', 578, 1053, 199),
(1679, '2020-05-30', 579, 729, 147),
(1680, '2020-05-30', 579, 484, 100),
(1681, '2020-05-30', 579, 331, 132),
(1682, '2020-05-30', 579, 585, 116),
(1683, '2020-05-30', 580, 1205, 89),
(1684, '2020-05-30', 580, 486, 14),
(1685, '2020-05-30', 580, 603, 71),
(1686, '2020-05-30', 580, 1039, 64),
(1687, '2020-05-30', 580, 934, 127),
(1688, '2020-05-30', 581, 32, 95),
(1689, '2020-05-30', 582, 158, 40),
(1690, '2020-05-30', 582, 158, 163),
(1691, '2020-05-30', 582, 95, 122),
(1692, '2020-05-30', 582, 369, 144),
(1693, '2020-05-30', 583, 905, 61),
(1694, '2020-05-30', 583, 592, 158),
(1695, '2020-05-30', 583, 1076, 24),
(1696, '2020-05-30', 584, 697, 200),
(1697, '2020-05-30', 585, 462, 54),
(1698, '2020-05-30', 585, 964, 60),
(1699, '2020-05-30', 585, 676, 152),
(1700, '2020-05-30', 585, 89, 146),
(1701, '2020-05-30', 585, 393, 63),
(1702, '2020-05-30', 586, 428, 184),
(1703, '2020-05-30', 586, 294, 116),
(1704, '2020-05-30', 586, 929, 85),
(1705, '2020-05-30', 586, 817, 95),
(1706, '2020-05-30', 586, 1203, 153),
(1707, '2020-05-30', 587, 385, 18),
(1708, '2020-05-30', 587, 207, 198),
(1709, '2020-05-30', 587, 95, 151),
(1710, '2020-05-30', 587, 575, 5),
(1711, '2020-05-30', 587, 920, 105),
(1712, '2020-05-30', 588, 247, 93),
(1713, '2020-05-30', 588, 1007, 178),
(1714, '2020-05-30', 588, 696, 39),
(1715, '2020-05-30', 588, 166, 164),
(1716, '2020-05-30', 588, 595, 85),
(1717, '2020-05-30', 589, 387, 44),
(1718, '2020-05-30', 589, 333, 117),
(1719, '2020-05-30', 589, 989, 74),
(1720, '2020-05-30', 589, 271, 59),
(1721, '2020-05-30', 589, 617, 56),
(1722, '2020-05-30', 590, 545, 121),
(1723, '2020-05-30', 590, 290, 167),
(1724, '2020-05-30', 590, 885, 90),
(1725, '2020-05-30', 591, 655, 6),
(1726, '2020-05-30', 591, 1166, 56),
(1727, '2020-05-30', 591, 13, 169),
(1728, '2020-05-30', 591, 223, 31),
(1729, '2020-05-30', 592, 1068, 70),
(1730, '2020-05-30', 592, 56, 40),
(1731, '2020-05-30', 592, 946, 24),
(1732, '2020-05-30', 592, 1090, 2),
(1733, '2020-05-30', 592, 490, 113),
(1734, '2020-05-30', 593, 1162, 119),
(1735, '2020-05-30', 593, 978, 157),
(1736, '2020-05-30', 593, 47, 192),
(1737, '2020-05-30', 593, 414, 138),
(1738, '2020-05-30', 593, 637, 196),
(1739, '2020-05-30', 594, 958, 54),
(1740, '2020-05-30', 595, 318, 135),
(1741, '2020-05-30', 595, 1177, 21),
(1742, '2020-05-30', 595, 717, 108),
(1743, '2020-05-30', 595, 1110, 141),
(1744, '2020-05-30', 596, 932, 98),
(1745, '2020-05-30', 596, 807, 22),
(1746, '2020-05-30', 596, 1155, 192),
(1747, '2020-05-30', 596, 873, 65),
(1748, '2020-05-30', 596, 955, 139),
(1749, '2020-05-30', 597, 885, 58),
(1750, '2020-05-30', 598, 179, 3),
(1751, '2020-05-30', 599, 506, 87),
(1752, '2020-05-30', 599, 531, 124),
(1753, '2020-05-30', 599, 953, 131),
(1754, '2020-05-30', 600, 884, 143),
(1755, '2020-05-30', 600, 434, 185),
(1756, '2020-05-30', 600, 932, 45),
(1757, '2020-05-30', 600, 350, 14),
(1758, '2020-05-30', 601, 746, 60),
(1759, '2020-05-30', 601, 652, 146),
(1760, '2020-05-30', 602, 698, 115),
(1761, '2020-05-30', 602, 922, 81),
(1762, '2020-05-30', 602, 924, 23),
(1763, '2020-05-30', 602, 807, 74),
(1764, '2020-05-30', 602, 840, 89),
(1765, '2020-05-30', 603, 718, 194),
(1766, '2020-05-30', 603, 583, 125),
(1767, '2020-05-30', 603, 1083, 186),
(1768, '2020-05-30', 603, 1188, 169),
(1769, '2020-05-30', 604, 241, 184),
(1770, '2020-05-30', 604, 1150, 35),
(1771, '2020-05-30', 604, 227, 48),
(1772, '2020-05-30', 604, 467, 85),
(1773, '2020-05-30', 604, 707, 23),
(1774, '2020-05-30', 605, 622, 170),
(1775, '2020-05-30', 605, 620, 70),
(1776, '2020-05-30', 605, 180, 108),
(1777, '2020-05-30', 605, 1002, 111),
(1778, '2020-05-30', 606, 1079, 152),
(1779, '2020-05-30', 607, 390, 122),
(1780, '2020-05-30', 607, 1160, 184),
(1781, '2020-05-30', 607, 841, 121),
(1782, '2020-05-30', 608, 1176, 196),
(1783, '2020-05-30', 608, 638, 49),
(1784, '2020-05-30', 608, 877, 170),
(1785, '2020-05-30', 609, 1050, 76),
(1786, '2020-05-30', 609, 1067, 30),
(1787, '2020-05-30', 610, 1116, 151),
(1788, '2020-05-30', 610, 784, 106),
(1789, '2020-05-30', 611, 352, 138),
(1790, '2020-05-30', 611, 259, 185),
(1791, '2020-05-30', 611, 774, 193),
(1792, '2020-05-30', 611, 273, 192),
(1793, '2020-05-30', 611, 1074, 123),
(1794, '2020-05-30', 612, 1048, 86),
(1795, '2020-05-30', 612, 452, 131),
(1796, '2020-05-30', 613, 52, 58),
(1797, '2020-05-30', 613, 38, 200),
(1798, '2020-05-30', 613, 38, 159),
(1799, '2020-05-30', 613, 554, 43),
(1800, '2020-05-30', 613, 916, 42),
(1801, '2020-05-30', 614, 942, 123),
(1802, '2020-05-30', 614, 1052, 139),
(1803, '2020-05-30', 614, 1035, 95),
(1804, '2020-05-30', 614, 899, 190),
(1805, '2020-05-30', 614, 218, 46),
(1806, '2020-05-30', 615, 656, 81),
(1807, '2020-05-30', 615, 319, 36),
(1808, '2020-05-30', 616, 390, 5),
(1809, '2020-05-30', 616, 285, 176),
(1810, '2020-05-30', 616, 905, 193),
(1811, '2020-05-30', 616, 10, 5),
(1812, '2020-05-30', 617, 1039, 123),
(1813, '2020-05-30', 617, 280, 139),
(1814, '2020-05-30', 617, 180, 36),
(1815, '2020-05-30', 618, 752, 133),
(1816, '2020-05-30', 618, 591, 16),
(1817, '2020-05-30', 618, 568, 136),
(1818, '2020-05-30', 618, 850, 185),
(1819, '2020-05-30', 618, 456, 79),
(1820, '2020-05-30', 619, 719, 111),
(1821, '2020-05-30', 619, 531, 128),
(1822, '2020-05-30', 619, 465, 153),
(1823, '2020-05-30', 619, 690, 42),
(1824, '2020-05-30', 620, 292, 193),
(1825, '2020-05-30', 620, 39, 145),
(1826, '2020-05-30', 620, 771, 16),
(1827, '2020-05-30', 620, 565, 186),
(1828, '2020-05-30', 620, 897, 65),
(1829, '2020-05-30', 621, 1168, 183),
(1830, '2020-05-30', 622, 891, 156),
(1831, '2020-05-30', 622, 1175, 121),
(1832, '2020-05-30', 623, 290, 102),
(1833, '2020-05-30', 623, 766, 38),
(1834, '2020-05-30', 624, 503, 1),
(1835, '2020-05-30', 624, 557, 125),
(1836, '2020-05-30', 624, 601, 140),
(1837, '2020-05-30', 625, 175, 161),
(1838, '2020-05-30', 625, 1104, 121),
(1839, '2020-05-30', 625, 319, 20),
(1840, '2020-05-30', 625, 76, 27),
(1841, '2020-05-30', 626, 1131, 95),
(1842, '2020-05-30', 626, 622, 189),
(1843, '2020-05-30', 626, 64, 8),
(1844, '2020-05-30', 626, 196, 169),
(1845, '2020-05-30', 627, 596, 29),
(1846, '2020-05-30', 627, 617, 163),
(1847, '2020-05-30', 627, 422, 157),
(1848, '2020-05-30', 627, 960, 82),
(1849, '2020-05-30', 628, 456, 9),
(1850, '2020-05-30', 628, 658, 92),
(1851, '2020-05-30', 629, 244, 117),
(1852, '2020-05-30', 629, 72, 63),
(1853, '2020-05-30', 629, 70, 186),
(1854, '2020-05-30', 630, 173, 22),
(1855, '2020-05-30', 630, 559, 124),
(1856, '2020-05-30', 630, 1062, 83),
(1857, '2020-05-30', 630, 928, 161),
(1858, '2020-05-30', 630, 943, 18),
(1859, '2020-05-30', 631, 978, 177),
(1860, '2020-05-30', 631, 1122, 18),
(1861, '2020-05-30', 631, 956, 198),
(1862, '2020-05-30', 631, 994, 170),
(1863, '2020-05-30', 632, 1166, 11),
(1864, '2020-05-30', 632, 830, 162),
(1865, '2020-05-30', 632, 908, 48),
(1866, '2020-05-30', 633, 443, 163),
(1867, '2020-05-30', 633, 493, 87),
(1868, '2020-05-30', 633, 634, 194),
(1869, '2020-05-30', 634, 1206, 37),
(1870, '2020-05-30', 634, 366, 193),
(1871, '2020-05-30', 635, 147, 148),
(1872, '2020-05-30', 636, 1060, 54),
(1873, '2020-05-30', 636, 38, 186),
(1874, '2020-05-30', 636, 680, 48),
(1875, '2020-05-30', 637, 263, 91),
(1876, '2020-05-30', 637, 125, 99),
(1877, '2020-05-30', 638, 1122, 80),
(1878, '2020-05-30', 638, 888, 19),
(1879, '2020-05-30', 638, 326, 5),
(1880, '2020-05-30', 638, 571, 58),
(1881, '2020-05-30', 639, 1081, 52),
(1882, '2020-05-30', 640, 1168, 118),
(1883, '2020-05-30', 640, 1132, 158),
(1884, '2020-05-30', 641, 649, 45),
(1885, '2020-05-30', 641, 81, 112),
(1886, '2020-05-30', 641, 399, 195),
(1887, '2020-05-30', 642, 111, 111),
(1888, '2020-05-30', 642, 751, 42),
(1889, '2020-05-30', 643, 984, 83),
(1890, '2020-05-30', 643, 883, 163),
(1891, '2020-05-30', 643, 346, 16),
(1892, '2020-05-30', 643, 927, 153),
(1893, '2020-05-30', 643, 926, 14),
(1894, '2020-05-30', 644, 579, 124),
(1895, '2020-05-30', 644, 1018, 174),
(1896, '2020-05-30', 644, 729, 175),
(1897, '2020-05-30', 645, 482, 160),
(1898, '2020-05-30', 645, 707, 15),
(1899, '2020-05-30', 645, 342, 13),
(1900, '2020-05-30', 645, 244, 97),
(1901, '2020-05-30', 645, 228, 64),
(1902, '2020-05-30', 646, 209, 115),
(1903, '2020-05-30', 647, 952, 185),
(1904, '2020-05-30', 647, 670, 68),
(1905, '2020-05-30', 647, 131, 25),
(1906, '2020-05-30', 647, 922, 24),
(1907, '2020-05-30', 647, 966, 170),
(1908, '2020-05-30', 648, 1194, 78),
(1909, '2020-05-30', 648, 854, 66),
(1910, '2020-05-30', 648, 857, 53),
(1911, '2020-05-30', 648, 1020, 2),
(1912, '2020-05-30', 649, 135, 171),
(1913, '2020-05-30', 650, 557, 29),
(1914, '2020-05-30', 650, 1106, 136),
(1915, '2020-05-30', 650, 748, 115),
(1916, '2020-05-30', 651, 693, 146),
(1917, '2020-05-30', 651, 157, 124),
(1918, '2020-05-30', 651, 534, 161),
(1919, '2020-05-30', 651, 837, 43),
(1920, '2020-05-30', 651, 828, 65),
(1921, '2020-05-30', 652, 448, 40),
(1922, '2020-05-30', 652, 309, 65),
(1923, '2020-05-30', 652, 816, 10),
(1924, '2020-05-30', 653, 57, 85),
(1925, '2020-05-30', 653, 458, 150),
(1926, '2020-05-30', 653, 438, 132),
(1927, '2020-05-30', 654, 208, 148),
(1928, '2020-05-30', 654, 542, 156),
(1929, '2020-05-30', 654, 582, 21),
(1930, '2020-05-30', 655, 519, 16),
(1931, '2020-05-30', 655, 20, 165),
(1932, '2020-05-30', 655, 304, 60),
(1933, '2020-05-30', 656, 130, 117),
(1934, '2020-05-30', 656, 429, 13),
(1935, '2020-05-30', 656, 865, 139),
(1936, '2020-05-30', 656, 628, 87),
(1937, '2020-05-30', 656, 363, 166),
(1938, '2020-05-30', 657, 1029, 168),
(1939, '2020-05-30', 657, 1001, 48),
(1940, '2020-05-30', 657, 855, 16),
(1941, '2020-05-30', 657, 739, 110),
(1942, '2020-05-30', 658, 1090, 72),
(1943, '2020-05-30', 658, 42, 80),
(1944, '2020-05-30', 659, 919, 60),
(1945, '2020-05-30', 659, 682, 122),
(1946, '2020-05-30', 660, 974, 22),
(1947, '2020-05-30', 660, 440, 93),
(1948, '2020-05-30', 661, 26, 189),
(1949, '2020-05-30', 661, 439, 174),
(1950, '2020-05-30', 662, 20, 77),
(1951, '2020-05-30', 663, 102, 158),
(1952, '2020-05-30', 663, 462, 126),
(1953, '2020-05-30', 663, 1086, 153),
(1954, '2020-05-30', 663, 677, 72),
(1955, '2020-05-30', 663, 661, 136),
(1956, '2020-05-30', 664, 279, 127),
(1957, '2020-05-30', 665, 491, 187),
(1958, '2020-05-30', 665, 1180, 42),
(1959, '2020-05-30', 665, 252, 84),
(1960, '2020-05-30', 665, 1121, 155),
(1961, '2020-05-30', 665, 134, 133),
(1962, '2020-05-30', 666, 993, 171),
(1963, '2020-05-30', 666, 1044, 65),
(1964, '2020-05-30', 666, 428, 170),
(1965, '2020-05-30', 666, 1116, 85),
(1966, '2020-05-30', 666, 1141, 23),
(1967, '2020-05-30', 667, 221, 185),
(1968, '2020-05-30', 667, 89, 11),
(1969, '2020-05-30', 667, 629, 187),
(1970, '2020-05-30', 667, 336, 143),
(1971, '2020-05-30', 668, 499, 15),
(1972, '2020-05-30', 668, 601, 91),
(1973, '2020-05-30', 668, 200, 187),
(1974, '2020-05-30', 668, 1177, 118),
(1975, '2020-05-30', 669, 215, 14),
(1976, '2020-05-30', 669, 343, 18),
(1977, '2020-05-30', 670, 185, 70),
(1978, '2020-05-30', 670, 946, 122),
(1979, '2020-05-30', 670, 731, 163),
(1980, '2020-05-30', 670, 331, 88),
(1981, '2020-05-30', 671, 335, 102),
(1982, '2020-05-30', 671, 1114, 177),
(1983, '2020-05-30', 671, 597, 49),
(1984, '2020-05-30', 671, 681, 87),
(1985, '2020-05-30', 671, 896, 146),
(1986, '2020-05-30', 672, 968, 150),
(1987, '2020-05-30', 672, 142, 76),
(1988, '2020-05-30', 672, 584, 58),
(1989, '2020-05-30', 673, 1090, 196),
(1990, '2020-05-30', 673, 659, 153),
(1991, '2020-05-30', 674, 697, 67),
(1992, '2020-05-30', 674, 941, 161),
(1993, '2020-05-30', 674, 606, 1),
(1994, '2020-05-30', 674, 205, 48),
(1995, '2020-05-30', 675, 600, 189),
(1996, '2020-05-30', 675, 51, 151),
(1997, '2020-05-30', 676, 66, 55),
(1998, '2020-05-30', 676, 1015, 174),
(1999, '2020-05-30', 676, 284, 197),
(2000, '2020-05-30', 677, 327, 171),
(2001, '2020-05-30', 677, 534, 68),
(2002, '2020-05-30', 677, 210, 140),
(2003, '2020-05-30', 677, 1007, 154),
(2004, '2020-05-30', 678, 666, 196),
(2005, '2020-05-30', 678, 879, 199),
(2006, '2020-05-30', 678, 385, 38),
(2007, '2020-05-30', 678, 1023, 25),
(2008, '2020-05-30', 678, 968, 10),
(2009, '2020-05-30', 679, 609, 41),
(2010, '2020-05-30', 679, 487, 118),
(2011, '2020-05-30', 679, 987, 49),
(2012, '2020-05-30', 679, 351, 83),
(2013, '2020-05-30', 679, 767, 127),
(2014, '2020-05-30', 680, 509, 58),
(2015, '2020-05-30', 680, 464, 118),
(2016, '2020-05-30', 680, 1104, 149),
(2017, '2020-05-30', 680, 110, 22),
(2018, '2020-05-30', 681, 482, 126),
(2019, '2020-05-30', 681, 986, 53),
(2020, '2020-05-30', 681, 119, 34),
(2021, '2020-05-30', 681, 357, 142),
(2022, '2020-05-30', 682, 975, 108),
(2023, '2020-05-30', 682, 1178, 16),
(2024, '2020-05-30', 682, 270, 14),
(2025, '2020-05-30', 683, 828, 46),
(2026, '2020-05-30', 684, 1018, 31),
(2027, '2020-05-30', 684, 479, 163),
(2028, '2020-05-30', 685, 460, 131),
(2029, '2020-05-30', 685, 45, 105),
(2030, '2020-05-30', 685, 677, 91),
(2031, '2020-05-30', 685, 164, 9),
(2032, '2020-05-30', 686, 928, 143),
(2033, '2020-05-30', 686, 959, 168),
(2034, '2020-05-30', 686, 913, 195),
(2035, '2020-05-30', 686, 651, 164),
(2036, '2020-05-30', 687, 915, 162),
(2037, '2020-05-30', 687, 847, 45),
(2038, '2020-05-30', 687, 773, 96),
(2039, '2020-05-30', 687, 1078, 34),
(2040, '2020-05-30', 688, 260, 46),
(2041, '2020-05-30', 688, 464, 177),
(2042, '2020-05-30', 688, 283, 76),
(2043, '2020-05-30', 688, 1173, 81),
(2044, '2020-05-30', 689, 681, 12),
(2045, '2020-05-30', 689, 1072, 65),
(2046, '2020-05-30', 689, 894, 166),
(2047, '2020-05-30', 689, 1040, 58),
(2048, '2020-05-30', 689, 1020, 21),
(2049, '2020-05-30', 690, 255, 113),
(2050, '2020-05-30', 691, 595, 3),
(2051, '2020-05-30', 691, 580, 105),
(2052, '2020-05-30', 691, 197, 18),
(2053, '2020-05-30', 691, 670, 107),
(2054, '2020-05-30', 691, 378, 177),
(2055, '2020-05-30', 692, 626, 32),
(2056, '2020-05-30', 692, 411, 1),
(2057, '2020-05-30', 693, 267, 83),
(2058, '2020-05-30', 694, 80, 191),
(2059, '2020-05-30', 695, 897, 54),
(2060, '2020-05-30', 695, 1141, 58),
(2061, '2020-05-30', 695, 922, 181),
(2062, '2020-05-30', 696, 1042, 52),
(2063, '2020-05-30', 696, 722, 122),
(2064, '2020-05-30', 696, 55, 47),
(2065, '2020-05-30', 697, 1153, 69),
(2066, '2020-05-30', 697, 1085, 76),
(2067, '2020-05-30', 697, 365, 167),
(2068, '2020-05-30', 697, 104, 158),
(2069, '2020-05-30', 698, 736, 80),
(2070, '2020-05-30', 698, 400, 60),
(2071, '2020-05-30', 698, 712, 77),
(2072, '2020-05-30', 698, 367, 27),
(2073, '2020-05-30', 698, 526, 123),
(2074, '2020-05-30', 699, 258, 194),
(2075, '2020-05-30', 699, 373, 63),
(2076, '2020-05-30', 699, 322, 145),
(2077, '2020-05-30', 699, 423, 40),
(2078, '2020-05-30', 699, 719, 93),
(2079, '2020-05-30', 700, 904, 99),
(2080, '2020-05-30', 700, 927, 142),
(2081, '2020-05-30', 701, 407, 139),
(2082, '2020-05-30', 701, 239, 83),
(2083, '2020-05-30', 701, 829, 4),
(2084, '2020-05-30', 701, 1026, 160),
(2085, '2020-05-30', 702, 985, 79),
(2086, '2020-05-30', 702, 773, 144),
(2087, '2020-05-30', 702, 916, 170),
(2088, '2020-05-30', 702, 124, 118),
(2089, '2020-05-30', 702, 151, 63),
(2090, '2020-05-30', 703, 86, 66),
(2091, '2020-05-30', 703, 65, 28),
(2092, '2020-05-30', 703, 246, 126),
(2093, '2020-05-30', 703, 340, 107),
(2094, '2020-05-30', 703, 140, 82),
(2095, '2020-05-30', 704, 869, 186),
(2096, '2020-05-30', 704, 98, 42),
(2097, '2020-05-30', 704, 248, 44),
(2098, '2020-05-30', 704, 753, 77),
(2099, '2020-05-30', 704, 874, 100),
(2100, '2020-05-30', 705, 858, 63),
(2101, '2020-05-30', 705, 582, 173),
(2102, '2020-05-30', 705, 753, 153),
(2103, '2020-05-30', 705, 1211, 153),
(2104, '2020-05-30', 705, 574, 58),
(2105, '2020-05-30', 706, 217, 77),
(2106, '2020-05-30', 706, 1070, 159),
(2107, '2020-05-30', 706, 1125, 91),
(2108, '2020-05-30', 707, 487, 197),
(2109, '2020-05-30', 707, 787, 171),
(2110, '2020-05-30', 708, 899, 130),
(2111, '2020-05-30', 708, 56, 175),
(2112, '2020-05-30', 708, 736, 47),
(2113, '2020-05-30', 708, 1193, 57),
(2114, '2020-05-30', 709, 822, 153),
(2115, '2020-05-30', 709, 669, 187),
(2116, '2020-05-30', 710, 396, 7),
(2117, '2020-05-30', 710, 750, 55),
(2118, '2020-05-30', 710, 246, 34),
(2119, '2020-05-30', 711, 7, 46),
(2120, '2020-05-30', 711, 425, 168),
(2121, '2020-05-30', 711, 305, 191),
(2122, '2020-05-30', 712, 1095, 195),
(2123, '2020-05-30', 712, 1188, 131),
(2124, '2020-05-30', 713, 663, 129),
(2125, '2020-05-30', 713, 420, 139),
(2126, '2020-05-30', 713, 182, 54),
(2127, '2020-05-30', 714, 591, 99),
(2128, '2020-05-30', 714, 1094, 20),
(2129, '2020-05-30', 714, 698, 74),
(2130, '2020-05-30', 715, 688, 200),
(2131, '2020-05-30', 715, 604, 86),
(2132, '2020-05-30', 715, 305, 2),
(2133, '2020-05-30', 716, 706, 156),
(2134, '2020-05-30', 716, 589, 10),
(2135, '2020-05-30', 716, 1124, 89),
(2136, '2020-05-30', 716, 441, 61),
(2137, '2020-05-30', 717, 253, 164),
(2138, '2020-05-30', 717, 1141, 193),
(2139, '2020-05-30', 718, 1006, 55),
(2140, '2020-05-30', 718, 371, 23),
(2141, '2020-05-30', 719, 413, 47),
(2142, '2020-05-30', 719, 34, 195),
(2143, '2020-05-30', 719, 459, 122),
(2144, '2020-05-30', 720, 576, 35),
(2145, '2020-05-30', 720, 369, 179),
(2146, '2020-05-30', 720, 434, 99),
(2147, '2020-05-30', 721, 106, 58),
(2148, '2020-05-30', 721, 856, 195),
(2149, '2020-05-30', 722, 971, 194),
(2150, '2020-05-30', 722, 683, 128),
(2151, '2020-05-30', 723, 35, 20),
(2152, '2020-05-30', 723, 263, 199),
(2153, '2020-05-30', 723, 433, 33),
(2154, '2020-05-30', 723, 143, 85),
(2155, '2020-05-30', 724, 313, 197),
(2156, '2020-05-30', 724, 1032, 7),
(2157, '2020-05-30', 724, 126, 167),
(2158, '2020-05-30', 724, 785, 184),
(2159, '2020-05-30', 725, 1036, 148),
(2160, '2020-05-30', 725, 300, 111),
(2161, '2020-05-30', 726, 442, 192),
(2162, '2020-05-30', 726, 78, 120),
(2163, '2020-05-30', 726, 911, 35),
(2164, '2020-05-30', 726, 812, 140),
(2165, '2020-05-30', 727, 262, 128),
(2166, '2020-05-30', 727, 59, 109),
(2167, '2020-05-30', 727, 415, 179),
(2168, '2020-05-30', 727, 991, 15),
(2169, '2020-05-30', 727, 192, 146),
(2170, '2020-05-30', 728, 744, 191),
(2171, '2020-05-30', 728, 798, 95),
(2172, '2020-05-30', 729, 224, 185),
(2173, '2020-05-30', 729, 118, 135),
(2174, '2020-05-30', 730, 704, 167),
(2175, '2020-05-30', 730, 1040, 126),
(2176, '2020-05-30', 730, 109, 107),
(2177, '2020-05-30', 730, 303, 151),
(2178, '2020-05-30', 731, 1105, 104),
(2179, '2020-05-30', 731, 804, 107),
(2180, '2020-05-30', 731, 102, 71),
(2181, '2020-05-30', 732, 86, 179),
(2182, '2020-05-30', 732, 326, 56),
(2183, '2020-05-30', 733, 750, 117),
(2184, '2020-05-30', 733, 661, 165),
(2185, '2020-05-30', 733, 67, 156),
(2186, '2020-05-30', 733, 664, 60),
(2187, '2020-05-30', 734, 884, 117),
(2188, '2020-05-30', 735, 122, 134),
(2189, '2020-05-30', 735, 917, 169),
(2190, '2020-05-30', 735, 769, 95),
(2191, '2020-05-30', 735, 652, 26),
(2192, '2020-05-30', 736, 46, 66),
(2193, '2020-05-30', 736, 407, 42),
(2194, '2020-05-30', 736, 664, 166),
(2195, '2020-05-30', 736, 913, 181),
(2196, '2020-05-30', 737, 158, 73),
(2197, '2020-05-30', 737, 482, 23),
(2198, '2020-05-30', 737, 266, 113),
(2199, '2020-05-30', 738, 1014, 118),
(2200, '2020-05-30', 738, 806, 66),
(2201, '2020-05-30', 738, 199, 145),
(2202, '2020-05-30', 738, 796, 170),
(2203, '2020-05-30', 738, 437, 173),
(2204, '2020-05-30', 739, 1167, 185),
(2205, '2020-05-30', 740, 1099, 98),
(2206, '2020-05-30', 740, 242, 33),
(2207, '2020-05-30', 740, 803, 61),
(2208, '2020-05-30', 741, 1160, 23),
(2209, '2020-05-30', 741, 6, 46),
(2210, '2020-05-30', 741, 840, 108),
(2211, '2020-05-30', 741, 1053, 140),
(2212, '2020-05-30', 742, 1192, 108),
(2213, '2020-05-30', 742, 1138, 179),
(2214, '2020-05-30', 742, 1209, 71),
(2215, '2020-05-30', 743, 623, 64),
(2216, '2020-05-30', 743, 324, 59),
(2217, '2020-05-30', 743, 64, 63),
(2218, '2020-05-30', 743, 572, 167),
(2219, '2020-05-30', 744, 1214, 99),
(2220, '2020-05-30', 744, 776, 162),
(2221, '2020-05-30', 744, 303, 102),
(2222, '2020-05-30', 744, 70, 187),
(2223, '2020-05-30', 744, 543, 52),
(2224, '2020-05-30', 745, 515, 173),
(2225, '2020-05-30', 745, 376, 93),
(2226, '2020-05-30', 745, 742, 155),
(2227, '2020-05-30', 746, 1017, 128),
(2228, '2020-05-30', 746, 1181, 185),
(2229, '2020-05-30', 746, 290, 185),
(2230, '2020-05-30', 747, 466, 174),
(2231, '2020-05-30', 748, 1195, 67),
(2232, '2020-05-30', 748, 894, 192),
(2233, '2020-05-30', 748, 144, 5),
(2234, '2020-05-30', 748, 1049, 145),
(2235, '2020-05-30', 749, 201, 199),
(2236, '2020-05-30', 749, 482, 181),
(2237, '2020-05-30', 750, 261, 56),
(2238, '2020-05-30', 751, 1153, 43),
(2239, '2020-05-30', 751, 800, 165),
(2240, '2020-05-30', 751, 1024, 84),
(2241, '2020-05-30', 751, 1043, 98),
(2242, '2020-05-30', 752, 578, 182),
(2243, '2020-05-30', 752, 684, 68),
(2244, '2020-05-30', 752, 570, 60),
(2245, '2020-05-30', 752, 438, 10),
(2246, '2020-05-30', 752, 400, 144),
(2247, '2020-05-30', 753, 228, 95),
(2248, '2020-05-30', 753, 711, 100),
(2249, '2020-05-30', 753, 95, 155),
(2250, '2020-05-30', 753, 817, 113),
(2251, '2020-05-30', 753, 347, 54),
(2252, '2020-05-30', 754, 139, 47),
(2253, '2020-05-30', 755, 410, 8),
(2254, '2020-05-30', 756, 137, 94),
(2255, '2020-05-30', 757, 792, 119),
(2256, '2020-05-30', 757, 347, 82),
(2257, '2020-05-30', 757, 408, 95),
(2258, '2020-05-30', 757, 850, 83),
(2259, '2020-05-30', 757, 1142, 45),
(2260, '2020-05-30', 758, 55, 176),
(2261, '2020-05-30', 759, 120, 71),
(2262, '2020-05-30', 759, 965, 168),
(2263, '2020-05-30', 759, 756, 60),
(2264, '2020-05-30', 760, 711, 116),
(2265, '2020-05-30', 760, 1104, 79),
(2266, '2020-05-30', 760, 161, 76),
(2267, '2020-05-30', 761, 373, 112),
(2268, '2020-05-30', 761, 266, 67),
(2269, '2020-05-30', 761, 1098, 161),
(2270, '2020-05-30', 762, 1059, 59),
(2271, '2020-05-30', 762, 719, 119),
(2272, '2020-05-30', 762, 139, 140),
(2273, '2020-05-30', 762, 1146, 41),
(2274, '2020-05-30', 763, 1195, 66),
(2275, '2020-05-30', 764, 775, 14),
(2276, '2020-05-30', 764, 343, 97),
(2277, '2020-05-30', 764, 1040, 38),
(2278, '2020-05-30', 764, 78, 20),
(2279, '2020-05-30', 765, 1168, 182),
(2280, '2020-05-30', 765, 67, 171),
(2281, '2020-05-30', 766, 50, 86),
(2282, '2020-05-30', 766, 92, 165),
(2283, '2020-05-30', 766, 588, 172),
(2284, '2020-05-30', 766, 648, 128),
(2285, '2020-05-30', 767, 1065, 28),
(2286, '2020-05-30', 767, 479, 49),
(2287, '2020-05-30', 768, 620, 115),
(2288, '2020-05-30', 768, 901, 156),
(2289, '2020-05-30', 768, 190, 129),
(2290, '2020-05-30', 769, 433, 188),
(2291, '2020-05-30', 769, 787, 161),
(2292, '2020-05-30', 769, 1089, 15),
(2293, '2020-05-30', 769, 308, 41),
(2294, '2020-05-30', 769, 3, 16),
(2295, '2020-05-30', 770, 462, 144),
(2296, '2020-05-30', 770, 894, 57),
(2297, '2020-05-30', 771, 89, 24),
(2298, '2020-05-30', 771, 756, 56),
(2299, '2020-05-30', 771, 646, 181),
(2300, '2020-05-30', 771, 463, 168),
(2301, '2020-05-30', 771, 297, 57),
(2302, '2020-05-30', 772, 445, 137),
(2303, '2020-05-30', 772, 533, 87),
(2304, '2020-05-30', 772, 874, 6),
(2305, '2020-05-30', 773, 924, 152),
(2306, '2020-05-30', 773, 727, 8),
(2307, '2020-05-30', 773, 13, 173),
(2308, '2020-05-30', 773, 1127, 192),
(2309, '2020-05-30', 774, 758, 101),
(2310, '2020-05-30', 775, 452, 196),
(2311, '2020-05-30', 776, 547, 177),
(2312, '2020-05-30', 776, 724, 25),
(2313, '2020-05-30', 776, 676, 32),
(2314, '2020-05-30', 776, 716, 70),
(2315, '2020-05-30', 777, 646, 45),
(2316, '2020-05-30', 778, 103, 51),
(2317, '2020-05-30', 779, 249, 124),
(2318, '2020-05-30', 780, 1002, 62),
(2319, '2020-05-30', 780, 91, 32),
(2320, '2020-05-30', 780, 17, 101),
(2321, '2020-05-30', 780, 862, 1),
(2322, '2020-05-30', 781, 1204, 47),
(2323, '2020-05-30', 781, 906, 7),
(2324, '2020-05-30', 781, 799, 121),
(2325, '2020-05-30', 782, 963, 129),
(2326, '2020-05-30', 782, 1160, 135),
(2327, '2020-05-30', 782, 484, 160),
(2328, '2020-05-30', 782, 483, 164),
(2329, '2020-05-30', 783, 1082, 64),
(2330, '2020-05-30', 783, 377, 108),
(2331, '2020-05-30', 783, 1037, 185),
(2332, '2020-05-30', 783, 183, 137),
(2333, '2020-05-30', 783, 1055, 27),
(2334, '2020-05-30', 784, 852, 42),
(2335, '2020-05-30', 784, 568, 47),
(2336, '2020-05-30', 784, 69, 41),
(2337, '2020-05-30', 785, 706, 74),
(2338, '2020-05-30', 786, 398, 192),
(2339, '2020-05-30', 786, 994, 35),
(2340, '2020-05-30', 786, 308, 75),
(2341, '2020-05-30', 786, 884, 143),
(2342, '2020-05-30', 786, 280, 60),
(2343, '2020-05-30', 787, 247, 190),
(2344, '2020-05-30', 787, 817, 180),
(2345, '2020-05-30', 787, 670, 157),
(2346, '2020-05-30', 787, 554, 116),
(2347, '2020-05-30', 788, 913, 85),
(2348, '2020-05-30', 788, 566, 137),
(2349, '2020-05-30', 789, 16, 44),
(2350, '2020-05-30', 789, 123, 109),
(2351, '2020-05-30', 789, 758, 153),
(2352, '2020-05-30', 789, 1134, 153),
(2353, '2020-05-30', 789, 744, 17),
(2354, '2020-05-30', 790, 663, 100),
(2355, '2020-05-30', 790, 918, 127),
(2356, '2020-05-30', 791, 853, 190),
(2357, '2020-05-30', 791, 661, 57),
(2358, '2020-05-30', 791, 192, 66),
(2359, '2020-05-30', 791, 911, 78),
(2360, '2020-05-30', 791, 1167, 81),
(2361, '2020-05-30', 792, 630, 125),
(2362, '2020-05-30', 792, 876, 178),
(2363, '2020-05-30', 792, 257, 101),
(2364, '2020-05-30', 792, 16, 21),
(2365, '2020-05-30', 792, 595, 71),
(2366, '2020-05-30', 793, 441, 79),
(2367, '2020-05-30', 793, 915, 8),
(2368, '2020-05-30', 794, 21, 13),
(2369, '2020-05-30', 794, 1196, 12),
(2370, '2020-05-30', 794, 736, 18),
(2371, '2020-05-30', 794, 329, 17),
(2372, '2020-05-30', 795, 1142, 38),
(2373, '2020-05-30', 795, 839, 129),
(2374, '2020-05-30', 795, 280, 85),
(2375, '2020-05-30', 795, 918, 10),
(2376, '2020-05-30', 796, 163, 59),
(2377, '2020-05-30', 797, 1183, 45),
(2378, '2020-05-30', 797, 727, 27),
(2379, '2020-05-30', 797, 986, 147),
(2380, '2020-05-30', 797, 88, 55),
(2381, '2020-05-30', 797, 1044, 132),
(2382, '2020-05-30', 798, 13, 17),
(2383, '2020-05-30', 798, 1059, 70),
(2384, '2020-05-30', 798, 1196, 168),
(2385, '2020-05-30', 798, 349, 130),
(2386, '2020-05-30', 798, 1070, 199),
(2387, '2020-05-30', 799, 712, 51),
(2388, '2020-05-30', 799, 993, 193),
(2389, '2020-05-30', 799, 724, 189),
(2390, '2020-05-30', 800, 377, 27),
(2391, '2020-05-30', 800, 541, 32),
(2392, '2020-05-30', 800, 406, 97),
(2393, '2020-05-30', 801, 717, 200),
(2394, '2020-05-30', 801, 477, 29),
(2395, '2020-05-30', 801, 1126, 122),
(2396, '2020-05-30', 802, 88, 59),
(2397, '2020-05-30', 802, 82, 22),
(2398, '2020-05-30', 803, 697, 121),
(2399, '2020-05-30', 803, 261, 184),
(2400, '2020-05-30', 803, 148, 167),
(2401, '2020-05-30', 803, 120, 165),
(2402, '2020-05-30', 803, 947, 147),
(2403, '2020-05-30', 804, 172, 177),
(2404, '2020-05-30', 804, 23, 149),
(2405, '2020-05-30', 804, 1112, 72),
(2406, '2020-05-30', 804, 233, 89),
(2407, '2020-05-30', 805, 346, 175),
(2408, '2020-05-30', 805, 431, 20),
(2409, '2020-05-30', 805, 588, 183),
(2410, '2020-05-30', 805, 3, 179),
(2411, '2020-05-30', 806, 849, 140),
(2412, '2020-05-30', 806, 271, 176),
(2413, '2020-05-30', 807, 1029, 170),
(2414, '2020-05-30', 807, 27, 145),
(2415, '2020-05-30', 807, 139, 107),
(2416, '2020-05-30', 807, 130, 119),
(2417, '2020-05-30', 807, 932, 139),
(2418, '2020-05-30', 808, 32, 151),
(2419, '2020-05-30', 808, 1066, 83),
(2420, '2020-05-30', 809, 611, 116),
(2421, '2020-05-30', 809, 878, 131),
(2422, '2020-05-30', 809, 576, 126),
(2423, '2020-05-30', 810, 992, 55),
(2424, '2020-05-30', 810, 840, 69),
(2425, '2020-05-30', 810, 1096, 200),
(2426, '2020-05-30', 810, 25, 31),
(2427, '2020-05-30', 810, 754, 73),
(2428, '2020-05-30', 811, 910, 8),
(2429, '2020-05-30', 811, 400, 174),
(2430, '2020-05-30', 812, 949, 195),
(2431, '2020-05-30', 812, 241, 152),
(2432, '2020-05-30', 812, 208, 63),
(2433, '2020-05-30', 812, 322, 81),
(2434, '2020-05-30', 813, 85, 38),
(2435, '2020-05-30', 813, 109, 185),
(2436, '2020-05-30', 813, 621, 110),
(2437, '2020-05-30', 813, 1168, 85),
(2438, '2020-05-30', 814, 1048, 106),
(2439, '2020-05-30', 814, 861, 43),
(2440, '2020-05-30', 815, 819, 18),
(2441, '2020-05-30', 815, 617, 113),
(2442, '2020-05-30', 815, 704, 158),
(2443, '2020-05-30', 815, 906, 84),
(2444, '2020-05-30', 815, 537, 174),
(2445, '2020-05-30', 816, 50, 122),
(2446, '2020-05-30', 816, 868, 86),
(2447, '2020-05-30', 816, 639, 163),
(2448, '2020-05-30', 817, 1124, 68),
(2449, '2020-05-30', 817, 825, 192),
(2450, '2020-05-30', 817, 1101, 100),
(2451, '2020-05-30', 818, 258, 89),
(2452, '2020-05-30', 818, 1125, 140),
(2453, '2020-05-30', 818, 200, 88),
(2454, '2020-05-30', 819, 237, 78),
(2455, '2020-05-30', 819, 1212, 200),
(2456, '2020-05-30', 819, 830, 69),
(2457, '2020-05-30', 819, 872, 134),
(2458, '2020-05-30', 819, 763, 20),
(2459, '2020-05-30', 820, 968, 158),
(2460, '2020-05-30', 820, 83, 121),
(2461, '2020-05-30', 820, 630, 180),
(2462, '2020-05-30', 820, 966, 178),
(2463, '2020-05-30', 821, 8, 83),
(2464, '2020-05-30', 821, 408, 174),
(2465, '2020-05-30', 822, 1030, 82),
(2466, '2020-05-30', 822, 609, 57),
(2467, '2020-05-30', 823, 305, 115),
(2468, '2020-05-30', 823, 595, 10),
(2469, '2020-05-30', 824, 123, 18),
(2470, '2020-05-30', 824, 96, 1),
(2471, '2020-05-30', 825, 381, 189),
(2472, '2020-05-30', 825, 1126, 16),
(2473, '2020-05-30', 825, 66, 152),
(2474, '2020-05-30', 825, 1057, 160),
(2475, '2020-05-30', 825, 179, 192),
(2476, '2020-05-30', 826, 764, 195),
(2477, '2020-05-30', 826, 365, 115),
(2478, '2020-05-30', 826, 532, 186),
(2479, '2020-05-30', 827, 497, 200),
(2480, '2020-05-30', 827, 400, 5),
(2481, '2020-05-30', 827, 235, 153),
(2482, '2020-05-30', 827, 925, 190),
(2483, '2020-05-30', 828, 521, 137),
(2484, '2020-05-30', 828, 1075, 187),
(2485, '2020-05-30', 829, 496, 73),
(2486, '2020-05-30', 829, 486, 52),
(2487, '2020-05-30', 829, 707, 192),
(2488, '2020-05-30', 829, 287, 129),
(2489, '2020-05-30', 829, 716, 84),
(2490, '2020-05-30', 830, 702, 134),
(2491, '2020-05-30', 830, 207, 94),
(2492, '2020-05-30', 830, 408, 87),
(2493, '2020-05-30', 831, 463, 83),
(2494, '2020-05-30', 832, 44, 101),
(2495, '2020-05-30', 832, 482, 74),
(2496, '2020-05-30', 832, 981, 41),
(2497, '2020-05-30', 832, 621, 16),
(2498, '2020-05-30', 832, 1031, 103),
(2499, '2020-05-30', 833, 571, 16),
(2500, '2020-05-30', 833, 478, 177),
(2501, '2020-05-30', 834, 782, 57),
(2502, '2020-05-30', 835, 620, 137),
(2503, '2020-05-30', 835, 644, 18),
(2504, '2020-05-30', 835, 447, 98),
(2505, '2020-05-30', 836, 1185, 169),
(2506, '2020-05-30', 836, 57, 90),
(2507, '2020-05-30', 836, 879, 121),
(2508, '2020-05-30', 837, 641, 7),
(2509, '2020-05-30', 838, 739, 45),
(2510, '2020-05-30', 838, 365, 78),
(2511, '2020-05-30', 838, 1050, 35),
(2512, '2020-05-30', 839, 218, 54),
(2513, '2020-05-30', 839, 239, 163),
(2514, '2020-05-30', 839, 1038, 17),
(2515, '2020-05-30', 839, 284, 42),
(2516, '2020-05-30', 840, 840, 168),
(2517, '2020-05-30', 841, 1178, 92),
(2518, '2020-05-30', 841, 985, 20),
(2519, '2020-05-30', 841, 615, 121),
(2520, '2020-05-30', 842, 424, 82),
(2521, '2020-05-30', 842, 33, 153),
(2522, '2020-05-30', 842, 29, 73),
(2523, '2020-05-30', 842, 155, 144),
(2524, '2020-05-30', 843, 1127, 4),
(2525, '2020-05-30', 843, 350, 94),
(2526, '2020-05-30', 844, 867, 144),
(2527, '2020-05-30', 844, 519, 73),
(2528, '2020-05-30', 844, 322, 60),
(2529, '2020-05-30', 844, 989, 85),
(2530, '2020-05-30', 845, 641, 5),
(2531, '2020-05-30', 845, 664, 72),
(2532, '2020-05-30', 846, 1156, 4),
(2533, '2020-05-30', 846, 191, 175),
(2534, '2020-05-30', 846, 60, 116),
(2535, '2020-05-30', 846, 133, 78),
(2536, '2020-05-30', 847, 159, 129),
(2537, '2020-05-30', 847, 976, 70),
(2538, '2020-05-30', 847, 508, 178),
(2539, '2020-05-30', 847, 83, 193),
(2540, '2020-05-30', 848, 43, 157),
(2541, '2020-05-30', 849, 752, 143),
(2542, '2020-05-30', 849, 1012, 5),
(2543, '2020-05-30', 849, 53, 2),
(2544, '2020-05-30', 849, 172, 196),
(2545, '2020-05-30', 850, 1191, 198),
(2546, '2020-05-30', 850, 105, 85),
(2547, '2020-05-30', 850, 589, 127),
(2548, '2020-05-30', 850, 720, 114),
(2549, '2020-05-30', 850, 1010, 190),
(2550, '2020-05-30', 851, 168, 62),
(2551, '2020-05-30', 852, 275, 168),
(2552, '2020-05-30', 852, 457, 131),
(2553, '2020-05-30', 853, 643, 12),
(2554, '2020-05-30', 853, 504, 180),
(2555, '2020-05-30', 853, 459, 167),
(2556, '2020-05-30', 853, 722, 102),
(2557, '2020-05-30', 853, 818, 184),
(2558, '2020-05-30', 854, 929, 104),
(2559, '2020-05-30', 854, 863, 185),
(2560, '2020-05-30', 854, 1020, 111),
(2561, '2020-05-30', 855, 181, 145),
(2562, '2020-05-30', 855, 543, 139),
(2563, '2020-05-30', 855, 536, 24),
(2564, '2020-05-30', 855, 555, 48),
(2565, '2020-05-30', 855, 880, 55),
(2566, '2020-05-30', 856, 107, 23),
(2567, '2020-05-30', 856, 63, 172),
(2568, '2020-05-30', 856, 1177, 124),
(2569, '2020-05-30', 856, 146, 56),
(2570, '2020-05-30', 856, 467, 176),
(2571, '2020-05-30', 857, 170, 58),
(2572, '2020-05-30', 857, 274, 65),
(2573, '2020-05-30', 858, 611, 135),
(2574, '2020-05-30', 858, 818, 175),
(2575, '2020-05-30', 858, 138, 66),
(2576, '2020-05-30', 858, 169, 162),
(2577, '2020-05-30', 858, 544, 185),
(2578, '2020-05-30', 859, 660, 154),
(2579, '2020-05-30', 859, 400, 25),
(2580, '2020-05-30', 859, 575, 85),
(2581, '2020-05-30', 859, 360, 149),
(2582, '2020-05-30', 860, 779, 74),
(2583, '2020-05-30', 860, 269, 16),
(2584, '2020-05-30', 861, 377, 189),
(2585, '2020-05-30', 861, 655, 49),
(2586, '2020-05-30', 862, 783, 169),
(2587, '2020-05-30', 862, 1024, 192),
(2588, '2020-05-30', 862, 1015, 81),
(2589, '2020-05-30', 863, 825, 154),
(2590, '2020-05-30', 863, 802, 108),
(2591, '2020-05-30', 864, 1137, 71),
(2592, '2020-05-30', 864, 524, 83),
(2593, '2020-05-30', 864, 1134, 167),
(2594, '2020-05-30', 864, 999, 48),
(2595, '2020-05-30', 864, 34, 36),
(2596, '2020-05-30', 865, 794, 181),
(2597, '2020-05-30', 865, 995, 118),
(2598, '2020-05-30', 865, 888, 23),
(2599, '2020-05-30', 865, 176, 67),
(2600, '2020-05-30', 865, 23, 143),
(2601, '2020-05-30', 866, 550, 14),
(2602, '2020-05-30', 866, 462, 18),
(2603, '2020-05-30', 866, 41, 79),
(2604, '2020-05-30', 867, 983, 101),
(2605, '2020-05-30', 868, 969, 132),
(2606, '2020-05-30', 868, 85, 45),
(2607, '2020-05-30', 869, 472, 118),
(2608, '2020-05-30', 869, 1031, 132),
(2609, '2020-05-30', 869, 237, 1),
(2610, '2020-05-30', 870, 465, 112),
(2611, '2020-05-30', 870, 715, 136),
(2612, '2020-05-30', 870, 519, 129),
(2613, '2020-05-30', 870, 281, 169),
(2614, '2020-05-30', 871, 292, 107),
(2615, '2020-05-30', 872, 124, 84),
(2616, '2020-05-30', 873, 63, 30),
(2617, '2020-05-30', 874, 454, 183),
(2618, '2020-05-30', 874, 1085, 155),
(2619, '2020-05-30', 874, 1113, 127),
(2620, '2020-05-30', 874, 393, 35),
(2621, '2020-05-30', 875, 1171, 21),
(2622, '2020-05-30', 876, 740, 195),
(2623, '2020-05-30', 877, 410, 152),
(2624, '2020-05-30', 878, 187, 24),
(2625, '2020-05-30', 878, 225, 38),
(2626, '2020-05-30', 878, 1052, 162),
(2627, '2020-05-30', 878, 1124, 157),
(2628, '2020-05-30', 878, 1073, 87),
(2629, '2020-05-30', 879, 452, 151),
(2630, '2020-05-30', 879, 262, 77),
(2631, '2020-05-30', 880, 226, 68),
(2632, '2020-05-30', 880, 1102, 41),
(2633, '2020-05-30', 880, 937, 119),
(2634, '2020-05-30', 880, 1209, 125),
(2635, '2020-05-30', 880, 755, 140),
(2636, '2020-05-30', 881, 314, 19),
(2637, '2020-05-30', 881, 226, 20),
(2638, '2020-05-30', 881, 233, 112),
(2639, '2020-05-30', 881, 1126, 66),
(2640, '2020-05-30', 882, 543, 27),
(2641, '2020-05-30', 882, 544, 6),
(2642, '2020-05-30', 882, 1126, 146),
(2643, '2020-05-30', 883, 1062, 148),
(2644, '2020-05-30', 884, 96, 85),
(2645, '2020-05-30', 884, 1090, 1),
(2646, '2020-05-30', 884, 255, 139),
(2647, '2020-05-30', 884, 564, 186),
(2648, '2020-05-30', 885, 729, 159),
(2649, '2020-05-30', 885, 934, 132),
(2650, '2020-05-30', 885, 199, 57),
(2651, '2020-05-30', 885, 243, 42),
(2652, '2020-05-30', 885, 941, 119),
(2653, '2020-05-30', 886, 267, 174),
(2654, '2020-05-30', 886, 933, 22),
(2655, '2020-05-30', 887, 887, 114),
(2656, '2020-05-30', 887, 1062, 189),
(2657, '2020-05-30', 887, 791, 7),
(2658, '2020-05-30', 888, 1078, 128),
(2659, '2020-05-30', 889, 850, 57),
(2660, '2020-05-30', 889, 331, 136),
(2661, '2020-05-30', 889, 510, 179),
(2662, '2020-05-30', 890, 676, 12),
(2663, '2020-05-30', 890, 479, 99),
(2664, '2020-05-30', 890, 679, 108),
(2665, '2020-05-30', 891, 490, 112),
(2666, '2020-05-30', 892, 167, 98),
(2667, '2020-05-30', 892, 45, 89),
(2668, '2020-05-30', 892, 595, 66),
(2669, '2020-05-30', 892, 1197, 173),
(2670, '2020-05-30', 892, 383, 199),
(2671, '2020-05-30', 893, 267, 30),
(2672, '2020-05-30', 893, 692, 80),
(2673, '2020-05-30', 893, 756, 145),
(2674, '2020-05-30', 893, 1133, 35),
(2675, '2020-05-30', 894, 484, 177),
(2676, '2020-05-30', 894, 970, 168),
(2677, '2020-05-30', 894, 484, 93),
(2678, '2020-05-30', 894, 689, 178),
(2679, '2020-05-30', 894, 435, 95),
(2680, '2020-05-30', 895, 516, 90),
(2681, '2020-05-30', 895, 831, 29),
(2682, '2020-05-30', 895, 291, 98),
(2683, '2020-05-30', 895, 570, 49),
(2684, '2020-05-30', 896, 109, 49),
(2685, '2020-05-30', 897, 316, 192),
(2686, '2020-05-30', 897, 627, 152),
(2687, '2020-05-30', 897, 1038, 86),
(2688, '2020-05-30', 897, 495, 42),
(2689, '2020-05-30', 897, 902, 28),
(2690, '2020-05-30', 898, 379, 5),
(2691, '2020-05-30', 898, 892, 52),
(2692, '2020-05-30', 899, 815, 174),
(2693, '2020-05-30', 899, 294, 48),
(2694, '2020-05-30', 900, 206, 53),
(2695, '2020-05-30', 900, 317, 165),
(2696, '2020-05-30', 901, 247, 85),
(2697, '2020-05-30', 902, 33, 135),
(2698, '2020-05-30', 902, 646, 171),
(2699, '2020-05-30', 902, 652, 178),
(2700, '2020-05-30', 903, 519, 87),
(2701, '2020-05-30', 903, 205, 193),
(2702, '2020-05-30', 903, 157, 115),
(2703, '2020-05-30', 903, 912, 94),
(2704, '2020-05-30', 904, 1051, 54),
(2705, '2020-05-30', 905, 812, 24),
(2706, '2020-05-30', 905, 481, 186),
(2707, '2020-05-30', 906, 215, 170),
(2708, '2020-05-30', 907, 257, 54),
(2709, '2020-05-30', 907, 90, 82),
(2710, '2020-05-30', 908, 895, 81),
(2711, '2020-05-30', 909, 423, 196),
(2712, '2020-05-30', 909, 439, 102),
(2713, '2020-05-30', 909, 1094, 182),
(2714, '2020-05-30', 909, 926, 96),
(2715, '2020-05-30', 910, 961, 166),
(2716, '2020-05-30', 910, 440, 114),
(2717, '2020-05-30', 910, 770, 25),
(2718, '2020-05-30', 910, 212, 28),
(2719, '2020-05-30', 910, 636, 162),
(2720, '2020-05-30', 911, 1109, 127),
(2721, '2020-05-30', 911, 408, 24),
(2722, '2020-05-30', 911, 68, 199),
(2723, '2020-05-30', 912, 704, 12),
(2724, '2020-05-30', 913, 786, 89),
(2725, '2020-05-30', 913, 592, 43),
(2726, '2020-05-30', 913, 1035, 53),
(2727, '2020-05-30', 913, 24, 27),
(2728, '2020-05-30', 914, 940, 94),
(2729, '2020-05-30', 914, 676, 126),
(2730, '2020-05-30', 914, 1088, 166),
(2731, '2020-05-30', 915, 609, 56),
(2732, '2020-05-30', 915, 126, 172),
(2733, '2020-05-30', 915, 99, 136),
(2734, '2020-05-30', 916, 213, 119),
(2735, '2020-05-30', 916, 124, 52),
(2736, '2020-05-30', 917, 607, 177),
(2737, '2020-05-30', 917, 903, 3),
(2738, '2020-05-30', 917, 156, 82),
(2739, '2020-05-30', 917, 301, 88),
(2740, '2020-05-30', 918, 189, 87),
(2741, '2020-05-30', 918, 742, 166),
(2742, '2020-05-30', 918, 181, 135),
(2743, '2020-05-30', 918, 355, 125),
(2744, '2020-05-30', 918, 90, 151),
(2745, '2020-05-30', 919, 209, 4),
(2746, '2020-05-30', 919, 138, 25),
(2747, '2020-05-30', 919, 785, 156),
(2748, '2020-05-30', 919, 367, 121),
(2749, '2020-05-30', 920, 555, 91),
(2750, '2020-05-30', 920, 622, 176),
(2751, '2020-05-30', 920, 86, 195),
(2752, '2020-05-30', 920, 478, 162),
(2753, '2020-05-30', 921, 1176, 171),
(2754, '2020-05-30', 921, 746, 166),
(2755, '2020-05-30', 921, 350, 80),
(2756, '2020-05-30', 921, 953, 153),
(2757, '2020-05-30', 922, 1108, 61),
(2758, '2020-05-30', 922, 697, 138),
(2759, '2020-05-30', 923, 399, 86),
(2760, '2020-05-30', 923, 156, 143),
(2761, '2020-05-30', 924, 753, 194),
(2762, '2020-05-30', 925, 17, 149),
(2763, '2020-05-30', 925, 606, 138),
(2764, '2020-05-30', 926, 1039, 167),
(2765, '2020-05-30', 926, 877, 177),
(2766, '2020-05-30', 926, 291, 7),
(2767, '2020-05-30', 927, 140, 111),
(2768, '2020-05-30', 927, 635, 73),
(2769, '2020-05-30', 927, 822, 197),
(2770, '2020-05-30', 927, 681, 174),
(2771, '2020-05-30', 928, 157, 60),
(2772, '2020-05-30', 928, 1009, 179),
(2773, '2020-05-30', 929, 1033, 193),
(2774, '2020-05-30', 929, 623, 99),
(2775, '2020-05-30', 929, 400, 200),
(2776, '2020-05-30', 930, 409, 28),
(2777, '2020-05-30', 930, 41, 169),
(2778, '2020-05-30', 930, 971, 50),
(2779, '2020-05-30', 930, 358, 43),
(2780, '2020-05-30', 930, 470, 40),
(2781, '2020-05-30', 931, 846, 51),
(2782, '2020-05-30', 931, 292, 51),
(2783, '2020-05-30', 931, 427, 172),
(2784, '2020-05-30', 932, 361, 138),
(2785, '2020-05-30', 932, 969, 140),
(2786, '2020-05-30', 932, 74, 181),
(2787, '2020-05-30', 933, 579, 96),
(2788, '2020-05-30', 933, 27, 91),
(2789, '2020-05-30', 934, 949, 27),
(2790, '2020-05-30', 935, 114, 173),
(2791, '2020-05-30', 935, 359, 155),
(2792, '2020-05-30', 935, 1, 53),
(2793, '2020-05-30', 935, 738, 60),
(2794, '2020-05-30', 936, 1125, 154),
(2795, '2020-05-30', 936, 312, 9),
(2796, '2020-05-30', 936, 280, 155),
(2797, '2020-05-30', 936, 109, 78),
(2798, '2020-05-30', 937, 113, 10),
(2799, '2020-05-30', 937, 542, 139),
(2800, '2020-05-30', 937, 102, 118),
(2801, '2020-05-30', 938, 351, 77),
(2802, '2020-05-30', 938, 563, 47),
(2803, '2020-05-30', 939, 1017, 186),
(2804, '2020-05-30', 939, 917, 85),
(2805, '2020-05-30', 939, 1178, 136),
(2806, '2020-05-30', 939, 183, 16),
(2807, '2020-05-30', 940, 1120, 124),
(2808, '2020-05-30', 940, 348, 176),
(2809, '2020-05-30', 940, 828, 96),
(2810, '2020-05-30', 940, 92, 83),
(2811, '2020-05-30', 941, 452, 156),
(2812, '2020-05-30', 942, 626, 157),
(2813, '2020-05-30', 942, 786, 18),
(2814, '2020-05-30', 942, 40, 98),
(2815, '2020-05-30', 943, 738, 114),
(2816, '2020-05-30', 943, 11, 158),
(2817, '2020-05-30', 943, 7, 167),
(2818, '2020-05-30', 943, 594, 93),
(2819, '2020-05-30', 943, 1153, 12),
(2820, '2020-05-30', 944, 523, 89),
(2821, '2020-05-30', 944, 999, 178),
(2822, '2020-05-30', 944, 288, 121),
(2823, '2020-05-30', 944, 335, 70),
(2824, '2020-05-30', 944, 447, 199),
(2825, '2020-05-30', 945, 1172, 179),
(2826, '2020-05-30', 945, 901, 75),
(2827, '2020-05-30', 945, 454, 49),
(2828, '2020-05-30', 945, 792, 102),
(2829, '2020-05-30', 946, 189, 128),
(2830, '2020-05-30', 946, 689, 7),
(2831, '2020-05-30', 946, 216, 181),
(2832, '2020-05-30', 946, 885, 73),
(2833, '2020-05-30', 947, 672, 102),
(2834, '2020-05-30', 948, 368, 47),
(2835, '2020-05-30', 948, 28, 133),
(2836, '2020-05-30', 949, 701, 101),
(2837, '2020-05-30', 949, 882, 81),
(2838, '2020-05-30', 949, 480, 40),
(2839, '2020-05-30', 949, 513, 184),
(2840, '2020-05-30', 950, 474, 125),
(2841, '2020-05-30', 951, 900, 17),
(2842, '2020-05-30', 952, 23, 168),
(2843, '2020-05-30', 952, 967, 172),
(2844, '2020-05-30', 952, 391, 183),
(2845, '2020-05-30', 952, 121, 112),
(2846, '2020-05-30', 952, 678, 156),
(2847, '2020-05-30', 953, 299, 199),
(2848, '2020-05-30', 953, 257, 22),
(2849, '2020-05-30', 953, 877, 133),
(2850, '2020-05-30', 954, 1215, 51),
(2851, '2020-05-30', 954, 943, 39),
(2852, '2020-05-30', 955, 771, 117),
(2853, '2020-05-30', 955, 1004, 173),
(2854, '2020-05-30', 955, 30, 28),
(2855, '2020-05-30', 955, 934, 172),
(2856, '2020-05-30', 956, 945, 122),
(2857, '2020-05-30', 956, 379, 135),
(2858, '2020-05-30', 957, 521, 172),
(2859, '2020-05-30', 957, 331, 30),
(2860, '2020-05-30', 958, 877, 122),
(2861, '2020-05-30', 958, 609, 150),
(2862, '2020-05-30', 958, 880, 75),
(2863, '2020-05-30', 958, 607, 60),
(2864, '2020-05-30', 958, 34, 64),
(2865, '2020-05-30', 959, 324, 73),
(2866, '2020-05-30', 959, 1114, 119),
(2867, '2020-05-30', 959, 672, 185),
(2868, '2020-05-30', 960, 191, 123),
(2869, '2020-05-30', 960, 289, 92),
(2870, '2020-05-30', 960, 258, 165),
(2871, '2020-05-30', 961, 159, 167),
(2872, '2020-05-30', 961, 367, 123),
(2873, '2020-05-30', 961, 800, 165),
(2874, '2020-05-30', 962, 635, 7),
(2875, '2020-05-30', 962, 576, 27),
(2876, '2020-05-30', 962, 389, 58),
(2877, '2020-05-30', 963, 1021, 156),
(2878, '2020-05-30', 963, 1136, 5),
(2879, '2020-05-30', 964, 783, 70),
(2880, '2020-05-30', 964, 365, 93),
(2881, '2020-05-30', 964, 138, 64),
(2882, '2020-05-30', 965, 105, 83),
(2883, '2020-05-30', 966, 148, 36),
(2884, '2020-05-30', 966, 1121, 72),
(2885, '2020-05-30', 967, 141, 45),
(2886, '2020-05-30', 967, 821, 107),
(2887, '2020-05-30', 967, 1029, 112),
(2888, '2020-05-30', 968, 579, 81),
(2889, '2020-05-30', 968, 30, 116),
(2890, '2020-05-30', 969, 181, 196),
(2891, '2020-05-30', 969, 720, 9),
(2892, '2020-05-30', 969, 1182, 119),
(2893, '2020-05-30', 970, 843, 93),
(2894, '2020-05-30', 970, 1120, 165),
(2895, '2020-05-30', 971, 830, 10),
(2896, '2020-05-30', 971, 1131, 187),
(2897, '2020-05-30', 971, 1114, 125),
(2898, '2020-05-30', 971, 1052, 166),
(2899, '2020-05-30', 972, 49, 156),
(2900, '2020-05-30', 972, 106, 89),
(2901, '2020-05-30', 972, 149, 185),
(2902, '2020-05-30', 972, 592, 21),
(2903, '2020-05-30', 972, 667, 171),
(2904, '2020-05-30', 973, 368, 19),
(2905, '2020-05-30', 973, 201, 64),
(2906, '2020-05-30', 973, 520, 97),
(2907, '2020-05-30', 973, 1070, 160),
(2908, '2020-05-30', 973, 1120, 182),
(2909, '2020-05-30', 974, 322, 153),
(2910, '2020-05-30', 974, 429, 113),
(2911, '2020-05-30', 974, 1134, 123),
(2912, '2020-05-30', 974, 655, 100),
(2913, '2020-05-30', 974, 409, 11),
(2914, '2020-05-30', 975, 211, 135),
(2915, '2020-05-30', 975, 239, 89),
(2916, '2020-05-30', 976, 1183, 126),
(2917, '2020-05-30', 976, 992, 8),
(2918, '2020-05-30', 976, 308, 18),
(2919, '2020-05-30', 976, 1142, 112),
(2920, '2020-05-30', 976, 502, 95),
(2921, '2020-05-30', 977, 592, 45),
(2922, '2020-05-30', 977, 57, 165),
(2923, '2020-05-30', 977, 464, 181),
(2924, '2020-05-30', 977, 36, 137),
(2925, '2020-05-30', 977, 565, 145),
(2926, '2020-05-30', 978, 127, 97),
(2927, '2020-05-30', 978, 788, 139),
(2928, '2020-05-30', 978, 258, 38);
INSERT INTO `sales` (`sale_id`, `sale_date`, `cus_id`, `s_id`, `p_id`) VALUES
(2929, '2020-05-30', 978, 208, 60),
(2930, '2020-05-30', 978, 320, 16),
(2931, '2020-05-30', 979, 14, 170),
(2932, '2020-05-30', 979, 511, 21),
(2933, '2020-05-30', 979, 478, 166),
(2934, '2020-05-30', 979, 790, 121),
(2935, '2020-05-30', 980, 1155, 61),
(2936, '2020-05-30', 980, 287, 50),
(2937, '2020-05-30', 980, 169, 143),
(2938, '2020-05-30', 981, 1124, 158),
(2939, '2020-05-30', 981, 363, 35),
(2940, '2020-05-30', 981, 873, 2),
(2941, '2020-05-30', 982, 292, 5),
(2942, '2020-05-30', 982, 705, 115),
(2943, '2020-05-30', 982, 541, 130),
(2944, '2020-05-30', 982, 1119, 147),
(2945, '2020-05-30', 983, 145, 48),
(2946, '2020-05-30', 984, 452, 111),
(2947, '2020-05-30', 984, 965, 179),
(2948, '2020-05-30', 985, 1002, 37),
(2949, '2020-05-30', 985, 622, 144),
(2950, '2020-05-30', 985, 284, 178),
(2951, '2020-05-30', 985, 779, 180),
(2952, '2020-05-30', 986, 688, 140),
(2953, '2020-05-30', 987, 245, 187),
(2954, '2020-05-30', 987, 259, 82),
(2955, '2020-05-30', 987, 1083, 138),
(2956, '2020-05-30', 987, 1209, 87),
(2957, '2020-05-30', 987, 719, 109),
(2958, '2020-05-30', 988, 825, 144),
(2959, '2020-05-30', 988, 933, 153),
(2960, '2020-05-30', 988, 370, 176),
(2961, '2020-05-30', 989, 589, 144),
(2962, '2020-05-30', 989, 758, 31),
(2963, '2020-05-30', 989, 1211, 84),
(2964, '2020-05-30', 989, 336, 99),
(2965, '2020-05-30', 990, 19, 149),
(2966, '2020-05-30', 990, 1090, 33),
(2967, '2020-05-30', 991, 872, 72),
(2968, '2020-05-30', 991, 248, 200),
(2969, '2020-05-30', 992, 465, 93),
(2970, '2020-05-30', 992, 197, 145),
(2971, '2020-05-30', 992, 779, 173),
(2972, '2020-05-30', 993, 1058, 179),
(2973, '2020-05-30', 993, 300, 181),
(2974, '2020-05-30', 993, 157, 97),
(2975, '2020-05-30', 993, 1018, 9),
(2976, '2020-05-30', 994, 645, 195),
(2977, '2020-05-30', 994, 552, 11),
(2978, '2020-05-30', 994, 557, 48),
(2979, '2020-05-30', 995, 374, 137),
(2980, '2020-05-30', 995, 1139, 17),
(2981, '2020-05-30', 995, 379, 22),
(2982, '2020-05-30', 995, 106, 52),
(2983, '2020-05-30', 995, 464, 115),
(2984, '2020-05-30', 996, 468, 149),
(2985, '2020-05-30', 997, 84, 72),
(2986, '2020-05-30', 997, 578, 15),
(2987, '2020-05-30', 997, 1061, 156),
(2988, '2020-05-30', 998, 1130, 168),
(2989, '2020-05-30', 998, 518, 120),
(2990, '2020-05-30', 998, 238, 17),
(2991, '2020-05-30', 998, 127, 116),
(2992, '2020-05-30', 998, 319, 100),
(2993, '2020-05-30', 999, 611, 71),
(2994, '2020-05-30', 999, 202, 18),
(2995, '2020-05-30', 999, 228, 164),
(2996, '2020-05-30', 999, 59, 174),
(2997, '2020-05-30', 999, 341, 114),
(2998, '2020-05-30', 1000, 101, 48),
(2999, '2020-05-30', 1000, 183, 132),
(3000, '2020-05-30', 1000, 379, 150),
(3001, '2020-05-30', 1001, 846, 36),
(3002, '2020-05-30', 1001, 110, 135),
(3003, '2020-05-30', 1001, 513, 113),
(3004, '2020-05-30', 1001, 423, 26),
(3005, '2020-05-30', 1001, 689, 156),
(3006, '2020-05-30', 1002, 1084, 114),
(3007, '2020-05-30', 1003, 480, 18),
(3008, '2020-05-30', 1004, 1207, 131),
(3009, '2020-05-30', 1005, 692, 112),
(3010, '2020-05-30', 1005, 411, 5),
(3011, '2020-05-30', 1005, 171, 198),
(3012, '2020-05-30', 1005, 843, 6),
(3013, '2020-05-30', 1005, 459, 88),
(3014, '2020-05-30', 1006, 154, 11),
(3015, '2020-05-30', 1006, 256, 165),
(3016, '2020-05-30', 1007, 943, 18),
(3017, '2020-05-30', 1008, 959, 28),
(3018, '2020-05-30', 1008, 1177, 85),
(3019, '2020-05-30', 1009, 523, 100),
(3020, '2020-05-30', 1009, 752, 177),
(3021, '2020-05-30', 1009, 185, 87),
(3022, '2020-05-30', 1010, 85, 2),
(3023, '2020-05-30', 1010, 586, 35),
(3024, '2020-05-30', 1010, 1121, 41),
(3025, '2020-05-30', 1010, 944, 41),
(3026, '2020-05-30', 1011, 381, 160),
(3027, '2020-05-30', 1011, 40, 56),
(3028, '2020-05-30', 1011, 810, 190),
(3029, '2020-05-30', 1012, 668, 57),
(3030, '2020-05-30', 1013, 486, 84),
(3031, '2020-05-30', 1014, 111, 14),
(3032, '2020-05-30', 1014, 719, 42),
(3033, '2020-05-30', 1014, 24, 59),
(3034, '2020-05-30', 1014, 684, 160),
(3035, '2020-05-30', 1015, 897, 81),
(3036, '2020-05-30', 1015, 1044, 90),
(3037, '2020-05-30', 1016, 575, 126),
(3038, '2020-05-30', 1016, 887, 65),
(3039, '2020-05-30', 1016, 1177, 15),
(3040, '2020-05-30', 1016, 783, 81),
(3041, '2020-05-30', 1016, 249, 1),
(3042, '2020-05-30', 1017, 971, 180),
(3043, '2020-05-30', 1017, 851, 200),
(3044, '2020-05-30', 1017, 581, 60),
(3045, '2020-05-30', 1017, 407, 190),
(3046, '2020-05-30', 1017, 265, 22),
(3047, '2020-05-30', 1018, 574, 32),
(3048, '2020-05-30', 1018, 521, 110),
(3049, '2020-05-30', 1018, 84, 124),
(3050, '2020-05-30', 1018, 517, 198),
(3051, '2020-05-30', 1018, 180, 111),
(3052, '2020-05-30', 1019, 273, 152),
(3053, '2020-05-30', 1020, 712, 77),
(3054, '2020-05-30', 1020, 27, 54),
(3055, '2020-05-30', 1021, 556, 96),
(3056, '2020-05-30', 1021, 539, 145),
(3057, '2020-05-30', 1021, 491, 154),
(3058, '2020-05-30', 1021, 863, 163),
(3059, '2020-05-30', 1022, 102, 176),
(3060, '2020-05-30', 1022, 271, 183),
(3061, '2020-05-30', 1022, 440, 119),
(3062, '2020-05-30', 1023, 705, 60),
(3063, '2020-05-30', 1023, 529, 187),
(3064, '2020-05-30', 1023, 1055, 95),
(3065, '2020-05-30', 1023, 412, 64),
(3066, '2020-05-30', 1024, 302, 87),
(3067, '2020-05-30', 1025, 1067, 116),
(3068, '2020-05-30', 1025, 336, 41),
(3069, '2020-05-30', 1025, 1096, 148),
(3070, '2020-05-30', 1025, 480, 76),
(3071, '2020-05-30', 1025, 1029, 163),
(3072, '2020-05-30', 1026, 459, 83),
(3073, '2020-05-30', 1026, 521, 193),
(3074, '2020-05-30', 1026, 118, 74),
(3075, '2020-05-30', 1026, 557, 173),
(3076, '2020-05-30', 1026, 403, 174),
(3077, '2020-05-30', 1027, 265, 160),
(3078, '2020-05-30', 1027, 937, 157),
(3079, '2020-05-30', 1027, 123, 59),
(3080, '2020-05-30', 1027, 185, 81),
(3081, '2020-05-30', 1028, 494, 137),
(3082, '2020-05-30', 1028, 1126, 67),
(3083, '2020-05-30', 1028, 962, 200),
(3084, '2020-05-30', 1028, 1097, 109),
(3085, '2020-05-30', 1028, 173, 20),
(3086, '2020-05-30', 1029, 956, 94),
(3087, '2020-05-30', 1029, 732, 114),
(3088, '2020-05-30', 1029, 948, 131),
(3089, '2020-05-30', 1030, 1116, 16),
(3090, '2020-05-30', 1031, 1077, 29),
(3091, '2020-05-30', 1031, 343, 132),
(3092, '2020-05-30', 1032, 786, 112),
(3093, '2020-05-30', 1033, 878, 9),
(3094, '2020-05-30', 1033, 991, 93),
(3095, '2020-05-30', 1034, 8, 47),
(3096, '2020-05-30', 1034, 585, 119),
(3097, '2020-05-30', 1034, 12, 146),
(3098, '2020-05-30', 1034, 1088, 140),
(3099, '2020-05-30', 1035, 412, 124),
(3100, '2020-05-30', 1036, 714, 96),
(3101, '2020-05-30', 1037, 910, 76),
(3102, '2020-05-30', 1037, 337, 193),
(3103, '2020-05-30', 1037, 1211, 63),
(3104, '2020-05-30', 1037, 473, 31),
(3105, '2020-05-30', 1038, 978, 96),
(3106, '2020-05-30', 1038, 790, 56),
(3107, '2020-05-30', 1039, 1024, 49),
(3108, '2020-05-30', 1039, 405, 151),
(3109, '2020-05-30', 1039, 408, 9),
(3110, '2020-05-30', 1039, 991, 148),
(3111, '2020-05-30', 1039, 8, 6),
(3112, '2020-05-30', 1040, 582, 126),
(3113, '2020-05-30', 1040, 548, 98),
(3114, '2020-05-30', 1040, 664, 122),
(3115, '2020-05-30', 1040, 425, 52),
(3116, '2020-05-30', 1041, 683, 98),
(3117, '2020-05-30', 1041, 1016, 100),
(3118, '2020-05-30', 1042, 839, 39),
(3119, '2020-05-30', 1042, 991, 91),
(3120, '2020-05-30', 1042, 838, 66),
(3121, '2020-05-30', 1042, 696, 190),
(3122, '2020-05-30', 1042, 988, 106),
(3123, '2020-05-30', 1043, 721, 21),
(3124, '2020-05-30', 1043, 955, 131),
(3125, '2020-05-30', 1043, 978, 164),
(3126, '2020-05-30', 1044, 332, 200),
(3127, '2020-05-30', 1044, 936, 116),
(3128, '2020-05-30', 1044, 1170, 141),
(3129, '2020-05-30', 1045, 513, 99),
(3130, '2020-05-30', 1046, 437, 144),
(3131, '2020-05-30', 1046, 146, 78),
(3132, '2020-05-30', 1047, 260, 58),
(3133, '2020-05-30', 1047, 244, 127),
(3134, '2020-05-30', 1048, 539, 102),
(3135, '2020-05-30', 1048, 1215, 86),
(3136, '2020-05-30', 1049, 388, 194),
(3137, '2020-05-30', 1049, 440, 94),
(3138, '2020-05-30', 1050, 597, 21),
(3139, '2020-05-30', 1050, 354, 117),
(3140, '2020-05-30', 1050, 1082, 195),
(3141, '2020-05-30', 1050, 36, 33),
(3142, '2020-05-30', 1051, 899, 43),
(3143, '2020-05-30', 1051, 224, 88),
(3144, '2020-05-30', 1051, 213, 55),
(3145, '2020-05-30', 1051, 162, 32),
(3146, '2020-05-30', 1052, 592, 2),
(3147, '2020-05-30', 1052, 890, 62),
(3148, '2020-05-30', 1052, 520, 43),
(3149, '2020-05-30', 1052, 1026, 117),
(3150, '2020-05-30', 1052, 68, 54),
(3151, '2020-05-30', 1053, 162, 145),
(3152, '2020-05-30', 1053, 184, 85),
(3153, '2020-05-30', 1054, 103, 125),
(3154, '2020-05-30', 1054, 828, 153),
(3155, '2020-05-30', 1055, 200, 177),
(3156, '2020-05-30', 1055, 361, 55),
(3157, '2020-05-30', 1055, 554, 74),
(3158, '2020-05-30', 1055, 664, 26),
(3159, '2020-05-30', 1055, 255, 96),
(3160, '2020-05-30', 1056, 701, 197),
(3161, '2020-05-30', 1056, 658, 139),
(3162, '2020-05-30', 1056, 47, 7),
(3163, '2020-05-30', 1057, 976, 161),
(3164, '2020-05-30', 1057, 639, 10),
(3165, '2020-05-30', 1057, 139, 74),
(3166, '2020-05-30', 1057, 190, 82),
(3167, '2020-05-30', 1057, 819, 99),
(3168, '2020-05-30', 1058, 644, 6),
(3169, '2020-05-30', 1058, 1035, 26),
(3170, '2020-05-30', 1058, 996, 116),
(3171, '2020-05-30', 1058, 131, 109),
(3172, '2020-05-30', 1058, 458, 69),
(3173, '2020-05-30', 1059, 52, 196),
(3174, '2020-05-30', 1059, 374, 95),
(3175, '2020-05-30', 1059, 581, 137),
(3176, '2020-05-30', 1059, 912, 127),
(3177, '2020-05-30', 1060, 309, 58),
(3178, '2020-05-30', 1061, 936, 55),
(3179, '2020-05-30', 1062, 201, 56),
(3180, '2020-05-30', 1062, 770, 185),
(3181, '2020-05-30', 1062, 564, 173),
(3182, '2020-05-30', 1063, 1135, 196),
(3183, '2020-05-30', 1063, 291, 171),
(3184, '2020-05-30', 1064, 371, 58),
(3185, '2020-05-30', 1064, 540, 134),
(3186, '2020-05-30', 1065, 840, 113),
(3187, '2020-05-30', 1065, 996, 14),
(3188, '2020-05-30', 1065, 957, 132),
(3189, '2020-05-30', 1066, 718, 41),
(3190, '2020-05-30', 1066, 437, 110),
(3191, '2020-05-30', 1066, 826, 29),
(3192, '2020-05-30', 1066, 506, 25),
(3193, '2020-05-30', 1067, 926, 29),
(3194, '2020-05-30', 1067, 1123, 23),
(3195, '2020-05-30', 1068, 1114, 108),
(3196, '2020-05-30', 1068, 782, 127),
(3197, '2020-05-30', 1068, 995, 192),
(3198, '2020-05-30', 1068, 859, 148),
(3199, '2020-05-30', 1068, 1059, 131),
(3200, '2020-05-30', 1069, 988, 174),
(3201, '2020-05-30', 1069, 1019, 86),
(3202, '2020-05-30', 1069, 465, 52),
(3203, '2020-05-30', 1069, 1176, 95),
(3204, '2020-05-30', 1069, 1021, 124),
(3205, '2020-05-30', 1070, 1052, 118),
(3206, '2020-05-30', 1071, 770, 84),
(3207, '2020-05-30', 1071, 456, 20),
(3208, '2020-05-30', 1072, 222, 176),
(3209, '2020-05-30', 1072, 270, 160),
(3210, '2020-05-30', 1072, 509, 186),
(3211, '2020-05-30', 1072, 186, 153),
(3212, '2020-05-30', 1073, 1067, 45),
(3213, '2020-05-30', 1073, 851, 186),
(3214, '2020-05-30', 1073, 116, 171),
(3215, '2020-05-30', 1074, 7, 37),
(3216, '2020-05-30', 1075, 142, 27),
(3217, '2020-05-30', 1075, 210, 186),
(3218, '2020-05-30', 1075, 415, 146),
(3219, '2020-05-30', 1075, 528, 175),
(3220, '2020-05-30', 1075, 689, 96),
(3221, '2020-05-30', 1076, 725, 6),
(3222, '2020-05-30', 1076, 454, 171),
(3223, '2020-05-30', 1076, 927, 160),
(3224, '2020-05-30', 1076, 910, 122),
(3225, '2020-05-30', 1077, 976, 157),
(3226, '2020-05-30', 1077, 971, 161),
(3227, '2020-05-30', 1078, 802, 15),
(3228, '2020-05-30', 1078, 922, 31),
(3229, '2020-05-30', 1079, 909, 150),
(3230, '2020-05-30', 1079, 946, 61),
(3231, '2020-05-30', 1080, 874, 84),
(3232, '2020-05-30', 1080, 825, 199),
(3233, '2020-05-30', 1080, 406, 195),
(3234, '2020-05-30', 1080, 165, 178),
(3235, '2020-05-30', 1081, 33, 42),
(3236, '2020-05-30', 1081, 1028, 179),
(3237, '2020-05-30', 1082, 1170, 39),
(3238, '2020-05-30', 1082, 949, 138),
(3239, '2020-05-30', 1082, 1020, 89),
(3240, '2020-05-30', 1083, 213, 25),
(3241, '2020-05-30', 1083, 761, 197),
(3242, '2020-05-30', 1084, 909, 149),
(3243, '2020-05-30', 1085, 349, 55),
(3244, '2020-05-30', 1085, 40, 55),
(3245, '2020-05-30', 1086, 1043, 76),
(3246, '2020-05-30', 1086, 569, 160),
(3247, '2020-05-30', 1086, 1096, 113),
(3248, '2020-05-30', 1087, 470, 184),
(3249, '2020-05-30', 1087, 1133, 95),
(3250, '2020-05-30', 1087, 650, 57),
(3251, '2020-05-30', 1088, 765, 190),
(3252, '2020-05-30', 1088, 96, 186),
(3253, '2020-05-30', 1088, 423, 97),
(3254, '2020-05-30', 1089, 312, 125),
(3255, '2020-05-30', 1089, 1181, 19),
(3256, '2020-05-30', 1090, 594, 161),
(3257, '2020-05-30', 1090, 790, 92),
(3258, '2020-05-30', 1090, 124, 42),
(3259, '2020-05-30', 1090, 464, 29),
(3260, '2020-05-30', 1091, 1039, 13),
(3261, '2020-05-30', 1091, 905, 182),
(3262, '2020-05-30', 1092, 1114, 172),
(3263, '2020-05-30', 1093, 785, 172),
(3264, '2020-05-30', 1094, 1022, 88),
(3265, '2020-05-30', 1094, 1119, 126),
(3266, '2020-05-30', 1095, 55, 87),
(3267, '2020-05-30', 1096, 688, 13),
(3268, '2020-05-30', 1097, 602, 200),
(3269, '2020-05-30', 1097, 405, 148),
(3270, '2020-05-30', 1097, 274, 85),
(3271, '2020-05-30', 1097, 546, 10),
(3272, '2020-05-30', 1097, 196, 191),
(3273, '2020-05-30', 1098, 988, 58),
(3274, '2020-05-30', 1099, 998, 199),
(3275, '2020-05-30', 1100, 216, 195),
(3276, '2020-05-30', 1100, 435, 98),
(3277, '2020-05-30', 1100, 330, 187),
(3278, '2020-05-30', 1100, 316, 154),
(3279, '2020-05-30', 1101, 377, 33),
(3280, '2020-05-30', 1101, 338, 88),
(3281, '2020-05-30', 1102, 733, 111),
(3282, '2020-05-30', 1102, 1196, 12),
(3283, '2020-05-30', 1102, 917, 19),
(3284, '2020-05-30', 1102, 606, 3),
(3285, '2020-05-30', 1102, 824, 37),
(3286, '2020-05-30', 1103, 229, 18),
(3287, '2020-05-30', 1103, 351, 26),
(3288, '2020-05-30', 1103, 688, 177),
(3289, '2020-05-30', 1103, 243, 106),
(3290, '2020-05-30', 1104, 398, 5),
(3291, '2020-05-30', 1104, 39, 158),
(3292, '2020-05-30', 1104, 1089, 181),
(3293, '2020-05-30', 1104, 519, 165),
(3294, '2020-05-30', 1105, 112, 31),
(3295, '2020-05-30', 1105, 1171, 18),
(3296, '2020-05-30', 1105, 506, 130),
(3297, '2020-05-30', 1105, 521, 163),
(3298, '2020-05-30', 1105, 587, 89),
(3299, '2020-05-30', 1106, 491, 92),
(3300, '2020-05-30', 1106, 1050, 4),
(3301, '2020-05-30', 1106, 169, 156),
(3302, '2020-05-30', 1106, 1070, 91),
(3303, '2020-05-30', 1106, 698, 121),
(3304, '2020-05-30', 1107, 139, 199),
(3305, '2020-05-30', 1107, 64, 37),
(3306, '2020-05-30', 1107, 549, 30),
(3307, '2020-05-30', 1107, 139, 146),
(3308, '2020-05-30', 1108, 1103, 146),
(3309, '2020-05-30', 1108, 1075, 30),
(3310, '2020-05-30', 1108, 348, 48),
(3311, '2020-05-30', 1108, 645, 153),
(3312, '2020-05-30', 1109, 671, 116),
(3313, '2020-05-30', 1109, 348, 99),
(3314, '2020-05-30', 1109, 1158, 136),
(3315, '2020-05-30', 1109, 567, 95),
(3316, '2020-05-30', 1109, 1122, 98),
(3317, '2020-05-30', 1110, 1117, 58),
(3318, '2020-05-30', 1110, 1049, 155),
(3319, '2020-05-30', 1111, 685, 45),
(3320, '2020-05-30', 1112, 627, 10),
(3321, '2020-05-30', 1112, 819, 193),
(3322, '2020-05-30', 1112, 690, 45),
(3323, '2020-05-30', 1112, 999, 142),
(3324, '2020-05-30', 1113, 774, 49),
(3325, '2020-05-30', 1113, 602, 28),
(3326, '2020-05-30', 1113, 291, 2),
(3327, '2020-05-30', 1113, 932, 63),
(3328, '2020-05-30', 1113, 818, 60),
(3329, '2020-05-30', 1114, 1041, 46),
(3330, '2020-05-30', 1114, 954, 38),
(3331, '2020-05-30', 1114, 53, 54),
(3332, '2020-05-30', 1114, 1193, 106),
(3333, '2020-05-30', 1115, 766, 186),
(3334, '2020-05-30', 1115, 1206, 69),
(3335, '2020-05-30', 1115, 172, 186),
(3336, '2020-05-30', 1115, 888, 97),
(3337, '2020-05-30', 1115, 1193, 85),
(3338, '2020-05-30', 1116, 805, 194),
(3339, '2020-05-30', 1116, 1166, 66),
(3340, '2020-05-30', 1116, 809, 189),
(3341, '2020-05-30', 1116, 1149, 61),
(3342, '2020-05-30', 1116, 988, 160),
(3343, '2020-05-30', 1117, 999, 92),
(3344, '2020-05-30', 1117, 1160, 84),
(3345, '2020-05-30', 1118, 608, 163),
(3346, '2020-05-30', 1119, 1041, 145),
(3347, '2020-05-30', 1119, 170, 103),
(3348, '2020-05-30', 1120, 205, 110),
(3349, '2020-05-30', 1120, 269, 163),
(3350, '2020-05-30', 1120, 553, 121),
(3351, '2020-05-30', 1120, 120, 121),
(3352, '2020-05-30', 1120, 859, 176),
(3353, '2020-05-30', 1121, 611, 146),
(3354, '2020-05-30', 1121, 404, 103),
(3355, '2020-05-30', 1121, 184, 2),
(3356, '2020-05-30', 1122, 219, 102),
(3357, '2020-05-30', 1122, 483, 98),
(3358, '2020-05-30', 1122, 258, 142),
(3359, '2020-05-30', 1122, 915, 44),
(3360, '2020-05-30', 1123, 206, 160),
(3361, '2020-05-30', 1123, 990, 117),
(3362, '2020-05-30', 1123, 698, 98),
(3363, '2020-05-30', 1124, 336, 62),
(3364, '2020-05-30', 1124, 504, 152),
(3365, '2020-05-30', 1124, 724, 11),
(3366, '2020-05-30', 1124, 547, 166),
(3367, '2020-05-30', 1125, 452, 131),
(3368, '2020-05-30', 1126, 95, 80),
(3369, '2020-05-30', 1127, 872, 176),
(3370, '2020-05-30', 1127, 22, 119),
(3371, '2020-05-30', 1128, 1088, 122),
(3372, '2020-05-30', 1128, 665, 41),
(3373, '2020-05-30', 1128, 228, 185),
(3374, '2020-05-30', 1129, 764, 29),
(3375, '2020-05-30', 1129, 445, 100),
(3376, '2020-05-30', 1129, 767, 38),
(3377, '2020-05-30', 1129, 991, 44),
(3378, '2020-05-30', 1130, 658, 10),
(3379, '2020-05-30', 1130, 497, 198),
(3380, '2020-05-30', 1130, 519, 41),
(3381, '2020-05-30', 1131, 1073, 98),
(3382, '2020-05-30', 1131, 856, 14),
(3383, '2020-05-30', 1131, 1186, 136),
(3384, '2020-05-30', 1132, 126, 67),
(3385, '2020-05-30', 1132, 680, 35),
(3386, '2020-05-30', 1133, 760, 192),
(3387, '2020-05-30', 1133, 342, 108),
(3388, '2020-05-30', 1133, 963, 6),
(3389, '2020-05-30', 1133, 68, 132),
(3390, '2020-05-30', 1134, 1051, 79),
(3391, '2020-05-30', 1134, 1151, 36),
(3392, '2020-05-30', 1135, 678, 197),
(3393, '2020-05-30', 1135, 421, 96),
(3394, '2020-05-30', 1136, 589, 51),
(3395, '2020-05-30', 1136, 1102, 116),
(3396, '2020-05-30', 1136, 810, 90),
(3397, '2020-05-30', 1137, 1086, 170),
(3398, '2020-05-30', 1137, 1007, 94),
(3399, '2020-05-30', 1137, 902, 178),
(3400, '2020-05-30', 1137, 169, 123),
(3401, '2020-05-30', 1137, 331, 35),
(3402, '2020-05-30', 1138, 241, 86),
(3403, '2020-05-30', 1139, 478, 130),
(3404, '2020-05-30', 1139, 850, 173),
(3405, '2020-05-30', 1139, 32, 100),
(3406, '2020-05-30', 1139, 253, 175),
(3407, '2020-05-30', 1140, 629, 42),
(3408, '2020-05-30', 1140, 624, 128),
(3409, '2020-05-30', 1140, 576, 186),
(3410, '2020-05-30', 1140, 1108, 30),
(3411, '2020-05-30', 1140, 927, 130),
(3412, '2020-05-30', 1141, 991, 159),
(3413, '2020-05-30', 1142, 922, 175),
(3414, '2020-05-30', 1143, 150, 23),
(3415, '2020-05-30', 1143, 96, 157),
(3416, '2020-05-30', 1143, 955, 93),
(3417, '2020-05-30', 1143, 100, 120),
(3418, '2020-05-30', 1144, 18, 67),
(3419, '2020-05-30', 1144, 653, 169),
(3420, '2020-05-30', 1144, 997, 133),
(3421, '2020-05-30', 1145, 847, 175),
(3422, '2020-05-30', 1145, 1113, 16),
(3423, '2020-05-30', 1145, 560, 55),
(3424, '2020-05-30', 1145, 226, 17),
(3425, '2020-05-30', 1145, 1188, 55),
(3426, '2020-05-30', 1146, 14, 169),
(3427, '2020-05-30', 1146, 936, 162),
(3428, '2020-05-30', 1146, 1052, 11),
(3429, '2020-05-30', 1147, 351, 123),
(3430, '2020-05-30', 1147, 38, 58),
(3431, '2020-05-30', 1148, 651, 193),
(3432, '2020-05-30', 1148, 682, 82),
(3433, '2020-05-30', 1148, 327, 6),
(3434, '2020-05-30', 1148, 605, 2),
(3435, '2020-05-30', 1149, 497, 126),
(3436, '2020-05-30', 1149, 379, 98),
(3437, '2020-05-30', 1149, 567, 48),
(3438, '2020-05-30', 1150, 711, 42),
(3439, '2020-05-30', 1151, 502, 158),
(3440, '2020-05-30', 1151, 274, 145),
(3441, '2020-05-30', 1151, 1190, 48),
(3442, '2020-05-30', 1151, 811, 85),
(3443, '2020-05-30', 1152, 622, 23),
(3444, '2020-05-30', 1152, 1183, 151),
(3445, '2020-05-30', 1153, 729, 25),
(3446, '2020-05-30', 1154, 671, 126),
(3447, '2020-05-30', 1154, 952, 75),
(3448, '2020-05-30', 1155, 107, 83),
(3449, '2020-05-30', 1155, 1155, 39),
(3450, '2020-05-30', 1155, 979, 52),
(3451, '2020-05-30', 1155, 606, 83),
(3452, '2020-05-30', 1155, 704, 77),
(3453, '2020-05-30', 1156, 463, 194),
(3454, '2020-05-30', 1157, 1050, 173),
(3455, '2020-05-30', 1157, 873, 9),
(3456, '2020-05-30', 1157, 498, 103),
(3457, '2020-05-30', 1158, 23, 77),
(3458, '2020-05-30', 1158, 296, 183),
(3459, '2020-05-30', 1158, 32, 117),
(3460, '2020-05-30', 1158, 963, 76),
(3461, '2020-05-30', 1159, 851, 137),
(3462, '2020-05-30', 1160, 994, 101),
(3463, '2020-05-30', 1160, 350, 153),
(3464, '2020-05-30', 1160, 687, 83),
(3465, '2020-05-30', 1161, 597, 123),
(3466, '2020-05-30', 1162, 452, 198),
(3467, '2020-05-30', 1162, 686, 36),
(3468, '2020-05-30', 1163, 666, 162),
(3469, '2020-05-30', 1163, 267, 160),
(3470, '2020-05-30', 1164, 205, 50),
(3471, '2020-05-30', 1164, 1206, 157),
(3472, '2020-05-30', 1164, 102, 167),
(3473, '2020-05-30', 1164, 550, 56),
(3474, '2020-05-30', 1165, 716, 34),
(3475, '2020-05-30', 1165, 24, 141),
(3476, '2020-05-30', 1165, 548, 1),
(3477, '2020-05-30', 1165, 119, 154),
(3478, '2020-05-30', 1166, 602, 123),
(3479, '2020-05-30', 1166, 734, 125),
(3480, '2020-05-30', 1167, 39, 182),
(3481, '2020-05-30', 1167, 113, 97),
(3482, '2020-05-30', 1168, 1048, 185),
(3483, '2020-05-30', 1168, 1093, 34),
(3484, '2020-05-30', 1168, 757, 172),
(3485, '2020-05-30', 1168, 757, 80),
(3486, '2020-05-30', 1168, 924, 27),
(3487, '2020-05-30', 1169, 510, 66),
(3488, '2020-05-30', 1169, 618, 133),
(3489, '2020-05-30', 1170, 200, 63),
(3490, '2020-05-30', 1170, 461, 42),
(3491, '2020-05-30', 1170, 1114, 32),
(3492, '2020-05-30', 1171, 486, 153),
(3493, '2020-05-30', 1171, 726, 19),
(3494, '2020-05-30', 1172, 594, 10),
(3495, '2020-05-30', 1173, 827, 34),
(3496, '2020-05-30', 1173, 325, 120),
(3497, '2020-05-30', 1174, 1048, 90),
(3498, '2020-05-30', 1174, 1159, 59),
(3499, '2020-05-30', 1175, 661, 189),
(3500, '2020-05-30', 1175, 1100, 35),
(3501, '2020-05-30', 1175, 877, 3),
(3502, '2020-05-30', 1175, 944, 33),
(3503, '2020-05-30', 1176, 892, 130),
(3504, '2020-05-30', 1176, 554, 142),
(3505, '2020-05-30', 1176, 881, 29),
(3506, '2020-05-30', 1177, 869, 65),
(3507, '2020-05-30', 1177, 664, 178),
(3508, '2020-05-30', 1177, 472, 192),
(3509, '2020-05-30', 1177, 531, 187),
(3510, '2020-05-30', 1177, 92, 139),
(3511, '2020-05-30', 1178, 696, 17),
(3512, '2020-05-30', 1178, 371, 60),
(3513, '2020-05-30', 1178, 214, 174),
(3514, '2020-05-30', 1178, 237, 73),
(3515, '2020-05-30', 1178, 918, 197),
(3516, '2020-05-30', 1179, 266, 30),
(3517, '2020-05-30', 1179, 1194, 149),
(3518, '2020-05-30', 1179, 175, 117),
(3519, '2020-05-30', 1179, 1021, 85),
(3520, '2020-05-30', 1179, 1119, 94),
(3521, '2020-05-30', 1180, 358, 165),
(3522, '2020-05-30', 1180, 249, 62),
(3523, '2020-05-30', 1180, 1050, 114),
(3524, '2020-05-30', 1180, 761, 116),
(3525, '2020-05-30', 1180, 1032, 37),
(3526, '2020-05-30', 1181, 299, 81),
(3527, '2020-05-30', 1181, 940, 45),
(3528, '2020-05-30', 1181, 1093, 126),
(3529, '2020-05-30', 1182, 97, 20),
(3530, '2020-05-30', 1182, 50, 168),
(3531, '2020-05-30', 1182, 1067, 23),
(3532, '2020-05-30', 1183, 212, 34),
(3533, '2020-05-30', 1184, 499, 149),
(3534, '2020-05-30', 1184, 691, 62),
(3535, '2020-05-30', 1184, 952, 184),
(3536, '2020-05-30', 1184, 71, 57),
(3537, '2020-05-30', 1185, 47, 117),
(3538, '2020-05-30', 1185, 494, 33),
(3539, '2020-05-30', 1185, 853, 166),
(3540, '2020-05-30', 1185, 684, 22),
(3541, '2020-05-30', 1186, 807, 39),
(3542, '2020-05-30', 1186, 727, 148),
(3543, '2020-05-30', 1186, 602, 162),
(3544, '2020-05-30', 1187, 1200, 147),
(3545, '2020-05-30', 1188, 661, 195),
(3546, '2020-05-30', 1189, 282, 45),
(3547, '2020-05-30', 1189, 936, 110),
(3548, '2020-05-30', 1189, 434, 105),
(3549, '2020-05-30', 1189, 26, 165),
(3550, '2020-05-30', 1190, 86, 13),
(3551, '2020-05-30', 1190, 223, 188),
(3552, '2020-05-30', 1190, 65, 20),
(3553, '2020-05-30', 1190, 1195, 200),
(3554, '2020-05-30', 1191, 881, 120),
(3555, '2020-05-30', 1191, 803, 102),
(3556, '2020-05-30', 1192, 1115, 144),
(3557, '2020-05-30', 1192, 820, 145),
(3558, '2020-05-30', 1192, 597, 142),
(3559, '2020-05-30', 1192, 1158, 24),
(3560, '2020-05-30', 1192, 1099, 128),
(3561, '2020-05-30', 1193, 802, 59),
(3562, '2020-05-30', 1193, 536, 73),
(3563, '2020-05-30', 1193, 352, 28),
(3564, '2020-05-30', 1193, 197, 82),
(3565, '2020-05-30', 1194, 221, 109),
(3566, '2020-05-30', 1194, 240, 175),
(3567, '2020-05-30', 1195, 937, 166),
(3568, '2020-05-30', 1195, 273, 45),
(3569, '2020-05-30', 1195, 655, 21),
(3570, '2020-05-30', 1196, 293, 120),
(3571, '2020-05-30', 1196, 60, 180),
(3572, '2020-05-30', 1196, 1050, 93),
(3573, '2020-05-30', 1196, 812, 104),
(3574, '2020-05-30', 1196, 1179, 26),
(3575, '2020-05-30', 1197, 552, 144),
(3576, '2020-05-30', 1197, 428, 130),
(3577, '2020-05-30', 1197, 292, 123),
(3578, '2020-05-30', 1198, 477, 15),
(3579, '2020-05-30', 1198, 148, 102),
(3580, '2020-05-30', 1199, 1144, 2),
(3581, '2020-05-30', 1199, 1050, 52),
(3582, '2020-05-30', 1199, 17, 170),
(3583, '2020-05-30', 1200, 653, 133),
(3584, '2020-05-30', 1200, 1050, 55),
(3585, '2020-05-30', 1201, 434, 111),
(3586, '2020-05-30', 1201, 806, 15),
(3587, '2020-05-30', 1202, 69, 199),
(3588, '2020-05-30', 1203, 584, 165),
(3589, '2020-05-30', 1204, 676, 11),
(3590, '2020-05-30', 1204, 512, 109),
(3591, '2020-05-30', 1204, 20, 20),
(3592, '2020-05-30', 1205, 909, 58),
(3593, '2020-05-30', 1205, 1117, 145),
(3594, '2020-05-30', 1205, 1132, 129),
(3595, '2020-05-30', 1205, 1143, 59),
(3596, '2020-05-30', 1206, 594, 2),
(3597, '2020-05-30', 1206, 1180, 50),
(3598, '2020-05-30', 1206, 749, 138),
(3599, '2020-05-30', 1206, 393, 156),
(3600, '2020-05-30', 1207, 934, 163),
(3601, '2020-05-30', 1208, 1186, 16),
(3602, '2020-05-30', 1208, 352, 137),
(3603, '2020-05-30', 1208, 691, 67),
(3604, '2020-05-30', 1209, 645, 120),
(3605, '2020-05-30', 1210, 623, 50),
(3606, '2020-05-30', 1211, 610, 94),
(3607, '2020-05-30', 1211, 353, 135),
(3608, '2020-05-30', 1211, 1059, 173),
(3609, '2020-05-30', 1211, 459, 10),
(3610, '2020-05-30', 1212, 166, 53),
(3611, '2020-05-30', 1212, 1018, 90),
(3612, '2020-05-30', 1212, 770, 196),
(3613, '2020-05-30', 1212, 690, 56),
(3614, '2020-05-30', 1212, 581, 182),
(3615, '2020-05-30', 1213, 162, 74),
(3616, '2020-05-30', 1214, 51, 32),
(3617, '2020-05-30', 1214, 171, 59),
(3618, '2020-05-30', 1215, 667, 133),
(3619, '2020-05-30', 1215, 45, 77),
(3620, '2020-05-30', 1215, 445, 111),
(3621, '2020-05-30', 1215, 350, 19),
(3622, '2020-05-30', 1216, 593, 38),
(3623, '2020-05-30', 1217, 29, 71),
(3624, '2020-05-30', 1217, 349, 10),
(3625, '2020-05-30', 1217, 925, 58),
(3626, '2020-05-30', 1218, 1007, 122),
(3627, '2020-05-30', 1218, 910, 146),
(3628, '2020-05-30', 1218, 54, 3),
(3629, '2020-05-30', 1218, 211, 81),
(3630, '2020-05-30', 1218, 629, 115),
(3631, '2020-05-30', 1219, 1209, 22),
(3632, '2020-05-30', 1219, 871, 58),
(3633, '2020-05-30', 1220, 1030, 141),
(3634, '2020-05-30', 1220, 116, 75),
(3635, '2020-05-30', 1220, 885, 133),
(3636, '2020-05-30', 1220, 1180, 179),
(3637, '2020-05-30', 1220, 364, 12),
(3638, '2020-05-30', 1221, 624, 95),
(3639, '2020-05-30', 1221, 1103, 168),
(3640, '2020-05-30', 1221, 291, 100),
(3641, '2020-05-30', 1221, 463, 152),
(3642, '2020-05-30', 1222, 1113, 109),
(3643, '2020-05-30', 1222, 296, 138),
(3644, '2020-05-30', 1222, 235, 191),
(3645, '2020-05-30', 1223, 610, 50),
(3646, '2020-05-30', 1223, 1147, 196),
(3647, '2020-05-30', 1223, 1163, 166),
(3648, '2020-05-30', 1224, 726, 100),
(3649, '2020-05-30', 1224, 614, 80),
(3650, '2020-05-30', 1224, 985, 192),
(3651, '2020-05-30', 1224, 541, 178),
(3652, '2020-05-30', 1225, 209, 181),
(3653, '2020-05-30', 1225, 480, 52),
(3654, '2020-05-30', 1225, 295, 73),
(3655, '2020-05-30', 1225, 502, 33),
(3656, '2020-05-30', 1225, 690, 165),
(3657, '2020-05-30', 1226, 177, 73),
(3658, '2020-05-30', 1226, 1098, 98),
(3659, '2020-05-30', 1227, 703, 138),
(3660, '2020-05-30', 1227, 114, 125),
(3661, '2020-05-30', 1228, 100, 153),
(3662, '2020-05-30', 1229, 822, 62),
(3663, '2020-05-30', 1230, 1167, 194),
(3664, '2020-05-30', 1230, 1162, 185),
(3665, '2020-05-30', 1230, 415, 180),
(3666, '2020-05-30', 1230, 224, 8),
(3667, '2020-05-30', 1231, 470, 149),
(3668, '2020-05-30', 1231, 232, 50),
(3669, '2020-05-30', 1231, 648, 100),
(3670, '2020-05-30', 1231, 838, 77),
(3671, '2020-05-30', 1232, 1070, 55),
(3672, '2020-05-30', 1232, 948, 46),
(3673, '2020-05-30', 1233, 1074, 61),
(3674, '2020-05-30', 1233, 396, 21),
(3675, '2020-05-30', 1233, 28, 128),
(3676, '2020-05-30', 1233, 777, 18),
(3677, '2020-05-30', 1233, 503, 17),
(3678, '2020-05-30', 1234, 59, 160),
(3679, '2020-05-30', 1234, 192, 40),
(3680, '2020-05-30', 1234, 824, 7),
(3681, '2020-05-30', 1234, 1185, 88),
(3682, '2020-05-30', 1234, 977, 112),
(3683, '2020-05-30', 1235, 76, 143),
(3684, '2020-05-30', 1235, 888, 89),
(3685, '2020-05-30', 1235, 773, 133),
(3686, '2020-05-30', 1235, 159, 78),
(3687, '2020-05-30', 1235, 1067, 144),
(3688, '2020-05-30', 1236, 503, 96),
(3689, '2020-05-30', 1237, 1015, 109),
(3690, '2020-05-30', 1238, 14, 75),
(3691, '2020-05-30', 1238, 592, 122),
(3692, '2020-05-30', 1238, 428, 14),
(3693, '2020-05-30', 1238, 1059, 100),
(3694, '2020-05-30', 1238, 1099, 110),
(3695, '2020-05-30', 1239, 332, 2),
(3696, '2020-05-30', 1239, 125, 71),
(3697, '2020-05-30', 1239, 708, 173),
(3698, '2020-05-30', 1239, 897, 140),
(3699, '2020-05-30', 1240, 1163, 60),
(3700, '2020-05-30', 1240, 23, 91),
(3701, '2020-05-30', 1240, 761, 175),
(3702, '2020-05-30', 1240, 585, 185),
(3703, '2020-05-30', 1241, 706, 165),
(3704, '2020-05-30', 1241, 130, 125),
(3705, '2020-05-30', 1241, 417, 184),
(3706, '2020-05-30', 1241, 324, 72),
(3707, '2020-05-30', 1242, 713, 21),
(3708, '2020-05-30', 1242, 59, 114),
(3709, '2020-05-30', 1242, 1199, 28),
(3710, '2020-05-30', 1243, 277, 168),
(3711, '2020-05-30', 1243, 10, 21),
(3712, '2020-05-30', 1243, 727, 88),
(3713, '2020-05-30', 1244, 61, 130),
(3714, '2020-05-30', 1244, 428, 39),
(3715, '2020-05-30', 1245, 53, 7),
(3716, '2020-05-30', 1246, 697, 178),
(3717, '2020-05-30', 1246, 962, 167),
(3718, '2020-05-30', 1246, 503, 176),
(3719, '2020-05-30', 1247, 1064, 150),
(3720, '2020-05-30', 1248, 1088, 45),
(3721, '2020-05-30', 1248, 159, 88),
(3722, '2020-05-30', 1248, 152, 108),
(3723, '2020-05-30', 1249, 828, 43),
(3724, '2020-05-30', 1249, 755, 74),
(3725, '2020-05-30', 1249, 1158, 79),
(3726, '2020-05-30', 1250, 22, 142),
(3727, '2020-05-30', 1250, 349, 50),
(3728, '2020-05-30', 1250, 943, 188),
(3729, '2020-05-30', 1250, 1069, 23),
(3730, '2020-05-30', 1251, 484, 77),
(3731, '2020-05-30', 1251, 152, 72),
(3732, '2020-05-30', 1251, 586, 164),
(3733, '2020-05-30', 1252, 675, 86),
(3734, '2020-05-30', 1252, 66, 115),
(3735, '2020-05-30', 1253, 591, 109),
(3736, '2020-05-30', 1253, 244, 94),
(3737, '2020-05-30', 1254, 110, 92),
(3738, '2020-05-30', 1254, 11, 169),
(3739, '2020-05-30', 1254, 548, 193),
(3740, '2020-05-30', 1254, 1085, 128),
(3741, '2020-05-30', 1254, 1207, 142),
(3742, '2020-05-30', 1255, 900, 36),
(3743, '2020-05-30', 1255, 1027, 106),
(3744, '2020-05-30', 1255, 455, 85),
(3745, '2020-05-30', 1256, 950, 64),
(3746, '2020-05-30', 1256, 353, 171),
(3747, '2020-05-30', 1256, 232, 38),
(3748, '2020-05-30', 1256, 373, 78),
(3749, '2020-05-30', 1256, 461, 2),
(3750, '2020-05-30', 1257, 397, 35),
(3751, '2020-05-30', 1257, 1132, 57),
(3752, '2020-05-30', 1258, 370, 175),
(3753, '2020-05-30', 1258, 454, 94),
(3754, '2020-05-30', 1258, 1021, 142),
(3755, '2020-05-30', 1259, 656, 114),
(3756, '2020-05-30', 1259, 867, 121),
(3757, '2020-05-30', 1260, 204, 101),
(3758, '2020-05-30', 1260, 243, 83),
(3759, '2020-05-30', 1260, 488, 52),
(3760, '2020-05-30', 1261, 871, 140),
(3761, '2020-05-30', 1262, 709, 70),
(3762, '2020-05-30', 1262, 498, 73),
(3763, '2020-05-30', 1262, 311, 128),
(3764, '2020-05-30', 1263, 48, 28),
(3765, '2020-05-30', 1264, 1122, 9),
(3766, '2020-05-30', 1264, 622, 93),
(3767, '2020-05-30', 1264, 1009, 42),
(3768, '2020-05-30', 1264, 687, 62),
(3769, '2020-05-30', 1265, 481, 58),
(3770, '2020-05-30', 1265, 147, 111),
(3771, '2020-05-30', 1265, 402, 145),
(3772, '2020-05-30', 1265, 454, 78),
(3773, '2020-05-30', 1265, 47, 139),
(3774, '2020-05-30', 1266, 24, 136),
(3775, '2020-05-30', 1266, 860, 56),
(3776, '2020-05-30', 1266, 282, 145),
(3777, '2020-05-30', 1266, 707, 22),
(3778, '2020-05-30', 1266, 309, 129),
(3779, '2020-05-30', 1267, 994, 143),
(3780, '2020-05-30', 1267, 1146, 190),
(3781, '2020-05-30', 1268, 1137, 38),
(3782, '2020-05-30', 1268, 721, 54),
(3783, '2020-05-30', 1268, 263, 200),
(3784, '2020-05-30', 1269, 661, 55),
(3785, '2020-05-30', 1270, 752, 180),
(3786, '2020-05-30', 1270, 703, 128),
(3787, '2020-05-30', 1270, 124, 24),
(3788, '2020-05-30', 1270, 724, 198),
(3789, '2020-05-30', 1270, 315, 79),
(3790, '2020-05-30', 1271, 266, 165),
(3791, '2020-05-30', 1271, 262, 149),
(3792, '2020-05-30', 1271, 1167, 193),
(3793, '2020-05-30', 1271, 807, 84),
(3794, '2020-05-30', 1272, 423, 86),
(3795, '2020-05-30', 1272, 322, 144),
(3796, '2020-05-30', 1272, 324, 103),
(3797, '2020-05-30', 1273, 342, 170),
(3798, '2020-05-30', 1273, 493, 3),
(3799, '2020-05-30', 1273, 1063, 124),
(3800, '2020-05-30', 1273, 486, 118),
(3801, '2020-05-30', 1273, 558, 16),
(3802, '2020-05-30', 1274, 742, 110),
(3803, '2020-05-30', 1274, 946, 117),
(3804, '2020-05-30', 1274, 805, 169),
(3805, '2020-05-30', 1275, 1004, 96),
(3806, '2020-05-30', 1275, 853, 114),
(3807, '2020-05-30', 1275, 152, 73),
(3808, '2020-05-30', 1275, 298, 187),
(3809, '2020-05-30', 1276, 37, 142),
(3810, '2020-05-30', 1277, 336, 5),
(3811, '2020-05-30', 1277, 1056, 152),
(3812, '2020-05-30', 1277, 353, 120),
(3813, '2020-05-30', 1278, 770, 191),
(3814, '2020-05-30', 1278, 1072, 49),
(3815, '2020-05-30', 1279, 542, 95),
(3816, '2020-05-30', 1280, 789, 140),
(3817, '2020-05-30', 1281, 165, 150),
(3818, '2020-05-30', 1281, 978, 65),
(3819, '2020-05-30', 1281, 754, 199),
(3820, '2020-05-30', 1281, 161, 130),
(3821, '2020-05-30', 1281, 879, 59),
(3822, '2020-05-30', 1282, 756, 73),
(3823, '2020-05-30', 1282, 281, 7),
(3824, '2020-05-30', 1283, 390, 111),
(3825, '2020-05-30', 1283, 325, 45),
(3826, '2020-05-30', 1283, 31, 172),
(3827, '2020-05-30', 1284, 1065, 131),
(3828, '2020-05-30', 1284, 682, 44),
(3829, '2020-05-30', 1285, 679, 128),
(3830, '2020-05-30', 1286, 1195, 154),
(3831, '2020-05-30', 1286, 824, 42),
(3832, '2020-05-30', 1286, 1044, 68),
(3833, '2020-05-30', 1287, 394, 94),
(3834, '2020-05-30', 1287, 172, 154),
(3835, '2020-05-30', 1287, 488, 176),
(3836, '2020-05-30', 1287, 351, 170),
(3837, '2020-05-30', 1288, 859, 78),
(3838, '2020-05-30', 1288, 964, 106),
(3839, '2020-05-30', 1289, 259, 90),
(3840, '2020-05-30', 1289, 205, 139),
(3841, '2020-05-30', 1289, 1160, 164),
(3842, '2020-05-30', 1289, 880, 167),
(3843, '2020-05-30', 1290, 743, 133),
(3844, '2020-05-30', 1290, 1008, 63),
(3845, '2020-05-30', 1290, 614, 91),
(3846, '2020-05-30', 1290, 794, 176),
(3847, '2020-05-30', 1290, 724, 196),
(3848, '2020-05-30', 1291, 694, 173),
(3849, '2020-05-30', 1291, 317, 79),
(3850, '2020-05-30', 1291, 121, 192),
(3851, '2020-05-30', 1291, 1204, 10),
(3852, '2020-05-30', 1292, 692, 165),
(3853, '2020-05-30', 1293, 757, 105),
(3854, '2020-05-30', 1293, 902, 82),
(3855, '2020-05-30', 1293, 1182, 45),
(3856, '2020-05-30', 1293, 527, 32),
(3857, '2020-05-30', 1294, 952, 111),
(3858, '2020-05-30', 1294, 551, 67),
(3859, '2020-05-30', 1294, 769, 62),
(3860, '2020-05-30', 1295, 693, 37),
(3861, '2020-05-30', 1295, 1202, 23),
(3862, '2020-05-30', 1295, 487, 108),
(3863, '2020-05-30', 1295, 956, 47),
(3864, '2020-05-30', 1295, 1199, 195),
(3865, '2020-05-30', 1296, 961, 150),
(3866, '2020-05-30', 1296, 476, 67),
(3867, '2020-05-30', 1296, 272, 98),
(3868, '2020-05-30', 1296, 871, 41),
(3869, '2020-05-30', 1296, 109, 172),
(3870, '2020-05-30', 1297, 193, 52),
(3871, '2020-05-30', 1297, 843, 191),
(3872, '2020-05-30', 1297, 774, 110),
(3873, '2020-05-30', 1298, 302, 98),
(3874, '2020-05-30', 1298, 817, 66),
(3875, '2020-05-30', 1298, 451, 2),
(3876, '2020-05-30', 1298, 239, 125),
(3877, '2020-05-30', 1299, 705, 144),
(3878, '2020-05-30', 1300, 68, 81),
(3879, '2020-05-30', 1300, 6, 136),
(3880, '2020-05-30', 1300, 61, 14),
(3881, '2020-05-30', 1300, 749, 153),
(3882, '2020-05-30', 1300, 377, 134),
(3883, '2020-05-30', 1301, 632, 11),
(3884, '2020-05-30', 1301, 6, 140),
(3885, '2020-05-30', 1301, 544, 85),
(3886, '2020-05-30', 1301, 402, 113),
(3887, '2020-05-30', 1302, 231, 169),
(3888, '2020-05-30', 1302, 230, 15),
(3889, '2020-05-30', 1302, 337, 151),
(3890, '2020-05-30', 1302, 913, 61),
(3891, '2020-05-30', 1302, 31, 90),
(3892, '2020-05-30', 1303, 288, 87),
(3893, '2020-05-30', 1303, 136, 181),
(3894, '2020-05-30', 1303, 884, 88),
(3895, '2020-05-30', 1304, 104, 38),
(3896, '2020-05-30', 1304, 874, 108),
(3897, '2020-05-30', 1304, 8, 185),
(3898, '2020-05-30', 1304, 224, 155),
(3899, '2020-05-30', 1304, 291, 40),
(3900, '2020-05-30', 1305, 1004, 99),
(3901, '2020-05-30', 1305, 838, 16),
(3902, '2020-05-30', 1306, 246, 194),
(3903, '2020-05-30', 1306, 80, 20),
(3904, '2020-05-30', 1306, 33, 128),
(3905, '2020-05-30', 1306, 52, 131),
(3906, '2020-05-30', 1307, 579, 133),
(3907, '2020-05-30', 1307, 857, 21),
(3908, '2020-05-30', 1307, 629, 142),
(3909, '2020-05-30', 1307, 65, 35),
(3910, '2020-05-30', 1307, 147, 141),
(3911, '2020-05-30', 1308, 992, 124),
(3912, '2020-05-30', 1309, 1136, 51),
(3913, '2020-05-30', 1309, 197, 146),
(3914, '2020-05-30', 1310, 614, 58),
(3915, '2020-05-30', 1310, 855, 185),
(3916, '2020-05-30', 1311, 406, 163),
(3917, '2020-05-30', 1311, 187, 46),
(3918, '2020-05-30', 1311, 1066, 181),
(3919, '2020-05-30', 1311, 953, 182),
(3920, '2020-05-30', 1311, 384, 169),
(3921, '2020-05-30', 1312, 589, 104),
(3922, '2020-05-30', 1312, 434, 20),
(3923, '2020-05-30', 1312, 112, 134),
(3924, '2020-05-30', 1312, 666, 62),
(3925, '2020-05-30', 1313, 120, 176),
(3926, '2020-05-30', 1313, 439, 2),
(3927, '2020-05-30', 1313, 838, 178),
(3928, '2020-05-30', 1313, 281, 199),
(3929, '2020-05-30', 1313, 204, 169),
(3930, '2020-05-30', 1314, 954, 25),
(3931, '2020-05-30', 1314, 70, 58),
(3932, '2020-05-30', 1314, 804, 139),
(3933, '2020-05-30', 1315, 746, 72),
(3934, '2020-05-30', 1315, 197, 180),
(3935, '2020-05-30', 1315, 603, 99),
(3936, '2020-05-30', 1315, 517, 164),
(3937, '2020-05-30', 1316, 345, 122),
(3938, '2020-05-30', 1316, 386, 151),
(3939, '2020-05-30', 1316, 147, 108),
(3940, '2020-05-30', 1317, 1130, 82),
(3941, '2020-05-30', 1317, 4, 160),
(3942, '2020-05-30', 1318, 477, 56),
(3943, '2020-05-30', 1318, 583, 27),
(3944, '2020-05-30', 1318, 175, 194),
(3945, '2020-05-30', 1318, 981, 74),
(3946, '2020-05-30', 1319, 1010, 185),
(3947, '2020-05-30', 1320, 664, 28),
(3948, '2020-05-30', 1321, 352, 19),
(3949, '2020-05-30', 1322, 586, 120),
(3950, '2020-05-30', 1322, 1208, 184),
(3951, '2020-05-30', 1322, 1080, 152),
(3952, '2020-05-30', 1322, 58, 68),
(3953, '2020-05-30', 1322, 20, 87),
(3954, '2020-05-30', 1323, 1171, 134),
(3955, '2020-05-30', 1324, 473, 141),
(3956, '2020-05-30', 1324, 80, 53),
(3957, '2020-05-30', 1324, 348, 115),
(3958, '2020-05-30', 1325, 448, 146),
(3959, '2020-05-30', 1325, 758, 176),
(3960, '2020-05-30', 1325, 811, 161),
(3961, '2020-05-30', 1326, 1174, 116),
(3962, '2020-05-30', 1326, 162, 15),
(3963, '2020-05-30', 1326, 925, 10),
(3964, '2020-05-30', 1327, 652, 20),
(3965, '2020-05-30', 1327, 389, 145),
(3966, '2020-05-30', 1328, 511, 89),
(3967, '2020-05-30', 1329, 806, 180),
(3968, '2020-05-30', 1329, 558, 168),
(3969, '2020-05-30', 1329, 1155, 16),
(3970, '2020-05-30', 1330, 823, 43),
(3971, '2020-05-30', 1330, 112, 149),
(3972, '2020-05-30', 1330, 125, 197),
(3973, '2020-05-30', 1330, 36, 103),
(3974, '2020-05-30', 1330, 285, 194),
(3975, '2020-05-30', 1331, 35, 2),
(3976, '2020-05-30', 1331, 819, 72),
(3977, '2020-05-30', 1332, 655, 68),
(3978, '2020-05-30', 1332, 580, 43),
(3979, '2020-05-30', 1332, 1154, 163),
(3980, '2020-05-30', 1333, 1129, 133),
(3981, '2020-05-30', 1333, 130, 169),
(3982, '2020-05-30', 1333, 58, 7),
(3983, '2020-05-30', 1333, 475, 16),
(3984, '2020-05-30', 1334, 497, 74),
(3985, '2020-05-30', 1335, 127, 166),
(3986, '2020-05-30', 1335, 919, 70),
(3987, '2020-05-30', 1335, 1120, 128),
(3988, '2020-05-30', 1336, 26, 152),
(3989, '2020-05-30', 1337, 1182, 119),
(3990, '2020-05-30', 1338, 992, 73),
(3991, '2020-05-30', 1338, 368, 89),
(3992, '2020-05-30', 1338, 660, 10),
(3993, '2020-05-30', 1338, 1208, 162),
(3994, '2020-05-30', 1339, 447, 196),
(3995, '2020-05-30', 1340, 364, 121),
(3996, '2020-05-30', 1340, 1006, 46),
(3997, '2020-05-30', 1340, 1206, 123),
(3998, '2020-05-30', 1340, 365, 129),
(3999, '2020-05-30', 1340, 12, 87),
(4000, '2020-05-30', 1341, 321, 198),
(4001, '2020-05-30', 1342, 609, 191),
(4002, '2020-05-30', 1342, 567, 96),
(4003, '2020-05-30', 1343, 717, 159),
(4004, '2020-05-30', 1343, 575, 79),
(4005, '2020-05-30', 1344, 805, 164),
(4006, '2020-05-30', 1344, 772, 61),
(4007, '2020-05-30', 1344, 870, 103),
(4008, '2020-05-30', 1344, 1035, 132),
(4009, '2020-05-30', 1345, 1090, 198),
(4010, '2020-05-30', 1345, 976, 159),
(4011, '2020-05-30', 1345, 509, 61),
(4012, '2020-05-30', 1346, 390, 86),
(4013, '2020-05-30', 1346, 1122, 11),
(4014, '2020-05-30', 1346, 255, 21),
(4015, '2020-05-30', 1346, 622, 146),
(4016, '2020-05-30', 1347, 820, 56),
(4017, '2020-05-30', 1348, 1068, 104),
(4018, '2020-05-30', 1348, 531, 76),
(4019, '2020-05-30', 1348, 753, 195),
(4020, '2020-05-30', 1349, 380, 17),
(4021, '2020-05-30', 1349, 1037, 2),
(4022, '2020-05-30', 1350, 458, 108),
(4023, '2020-05-30', 1350, 56, 173),
(4024, '2020-05-30', 1350, 998, 76),
(4025, '2020-05-30', 1351, 1156, 134),
(4026, '2020-05-30', 1351, 355, 196),
(4027, '2020-05-30', 1352, 214, 76),
(4028, '2020-05-30', 1352, 502, 200),
(4029, '2020-05-30', 1352, 9, 26),
(4030, '2020-05-30', 1353, 379, 30),
(4031, '2020-05-30', 1354, 983, 121),
(4032, '2020-05-30', 1354, 721, 28),
(4033, '2020-05-30', 1354, 1116, 33),
(4034, '2020-05-30', 1354, 290, 198),
(4035, '2020-05-30', 1354, 190, 117),
(4036, '2020-05-30', 1355, 893, 101),
(4037, '2020-05-30', 1356, 1030, 85),
(4038, '2020-05-30', 1356, 527, 192),
(4039, '2020-05-30', 1357, 402, 99),
(4040, '2020-05-30', 1358, 1102, 153),
(4041, '2020-05-30', 1358, 484, 42),
(4042, '2020-05-30', 1358, 412, 40),
(4043, '2020-05-30', 1358, 325, 192),
(4044, '2020-05-30', 1358, 842, 39),
(4045, '2020-05-30', 1359, 717, 170),
(4046, '2020-05-30', 1359, 355, 72),
(4047, '2020-05-30', 1359, 961, 89),
(4048, '2020-05-30', 1359, 915, 134),
(4049, '2020-05-30', 1359, 48, 59),
(4050, '2020-05-30', 1360, 876, 66),
(4051, '2020-05-30', 1360, 443, 185),
(4052, '2020-05-30', 1360, 383, 30),
(4053, '2020-05-30', 1360, 368, 159),
(4054, '2020-05-30', 1360, 714, 89),
(4055, '2020-05-30', 1361, 805, 38),
(4056, '2020-05-30', 1361, 740, 122),
(4057, '2020-05-30', 1362, 25, 3),
(4058, '2020-05-30', 1362, 232, 130),
(4059, '2020-05-30', 1362, 474, 114),
(4060, '2020-05-30', 1362, 208, 51),
(4061, '2020-05-30', 1362, 614, 31),
(4062, '2020-05-30', 1363, 474, 26),
(4063, '2020-05-30', 1363, 160, 133),
(4064, '2020-05-30', 1363, 655, 45),
(4065, '2020-05-30', 1364, 387, 84),
(4066, '2020-05-30', 1365, 84, 66),
(4067, '2020-05-30', 1366, 720, 141),
(4068, '2020-05-30', 1367, 649, 148),
(4069, '2020-05-30', 1367, 779, 198),
(4070, '2020-05-30', 1367, 955, 151),
(4071, '2020-05-30', 1368, 663, 143),
(4072, '2020-05-30', 1368, 623, 33),
(4073, '2020-05-30', 1368, 723, 2),
(4074, '2020-05-30', 1368, 807, 185),
(4075, '2020-05-30', 1369, 113, 91),
(4076, '2020-05-30', 1369, 35, 100),
(4077, '2020-05-30', 1369, 338, 147),
(4078, '2020-05-30', 1370, 651, 154),
(4079, '2020-05-30', 1370, 984, 181),
(4080, '2020-05-30', 1370, 1166, 107),
(4081, '2020-05-30', 1370, 637, 71),
(4082, '2020-05-30', 1370, 1105, 33),
(4083, '2020-05-30', 1371, 336, 87),
(4084, '2020-05-30', 1371, 599, 128),
(4085, '2020-05-30', 1371, 249, 22),
(4086, '2020-05-30', 1372, 507, 142),
(4087, '2020-05-30', 1372, 1129, 19),
(4088, '2020-05-30', 1372, 683, 167),
(4089, '2020-05-30', 1372, 662, 162),
(4090, '2020-05-30', 1373, 133, 60),
(4091, '2020-05-30', 1374, 1075, 58),
(4092, '2020-05-30', 1374, 700, 55),
(4093, '2020-05-30', 1374, 1199, 71),
(4094, '2020-05-30', 1375, 155, 192),
(4095, '2020-05-30', 1375, 471, 100),
(4096, '2020-05-30', 1376, 155, 194),
(4097, '2020-05-30', 1376, 774, 100),
(4098, '2020-05-30', 1376, 11, 146),
(4099, '2020-05-30', 1376, 581, 69),
(4100, '2020-05-30', 1377, 324, 179),
(4101, '2020-05-30', 1377, 442, 74),
(4102, '2020-05-30', 1377, 1080, 103),
(4103, '2020-05-30', 1377, 513, 48),
(4104, '2020-05-30', 1378, 710, 126),
(4105, '2020-05-30', 1378, 899, 159),
(4106, '2020-05-30', 1379, 44, 75),
(4107, '2020-05-30', 1379, 564, 126),
(4108, '2020-05-30', 1379, 782, 20),
(4109, '2020-05-30', 1380, 773, 26),
(4110, '2020-05-30', 1381, 544, 41),
(4111, '2020-05-30', 1381, 706, 102),
(4112, '2020-05-30', 1381, 1067, 30),
(4113, '2020-05-30', 1381, 988, 192),
(4114, '2020-05-30', 1381, 564, 110),
(4115, '2020-05-30', 1382, 14, 107),
(4116, '2020-05-30', 1382, 193, 138),
(4117, '2020-05-30', 1382, 962, 47),
(4118, '2020-05-30', 1382, 614, 36),
(4119, '2020-05-30', 1383, 787, 126),
(4120, '2020-05-30', 1383, 529, 127),
(4121, '2020-05-30', 1383, 64, 98),
(4122, '2020-05-30', 1383, 226, 71),
(4123, '2020-05-30', 1384, 565, 83),
(4124, '2020-05-30', 1384, 967, 84),
(4125, '2020-05-30', 1384, 254, 184),
(4126, '2020-05-30', 1385, 367, 123),
(4127, '2020-05-30', 1385, 674, 161),
(4128, '2020-05-30', 1385, 548, 178),
(4129, '2020-05-30', 1385, 741, 99),
(4130, '2020-05-30', 1386, 1141, 55),
(4131, '2020-05-30', 1387, 562, 161),
(4132, '2020-05-30', 1387, 992, 132),
(4133, '2020-05-30', 1388, 984, 68),
(4134, '2020-05-30', 1388, 92, 93),
(4135, '2020-05-30', 1388, 29, 188),
(4136, '2020-05-30', 1388, 554, 143),
(4137, '2020-05-30', 1388, 590, 172),
(4138, '2020-05-30', 1389, 120, 120),
(4139, '2020-05-30', 1390, 247, 67),
(4140, '2020-05-30', 1390, 304, 96),
(4141, '2020-05-30', 1391, 145, 70),
(4142, '2020-05-30', 1391, 900, 171),
(4143, '2020-05-30', 1391, 138, 33),
(4144, '2020-05-30', 1392, 30, 49),
(4145, '2020-05-30', 1392, 331, 153),
(4146, '2020-05-30', 1392, 344, 47),
(4147, '2020-05-30', 1392, 201, 78),
(4148, '2020-05-30', 1393, 271, 126),
(4149, '2020-05-30', 1393, 458, 93),
(4150, '2020-05-30', 1394, 710, 60),
(4151, '2020-05-30', 1394, 966, 147),
(4152, '2020-05-30', 1394, 302, 176),
(4153, '2020-05-30', 1394, 238, 117),
(4154, '2020-05-30', 1394, 1170, 68),
(4155, '2020-05-30', 1395, 562, 90),
(4156, '2020-05-30', 1395, 163, 32),
(4157, '2020-05-30', 1395, 899, 25),
(4158, '2020-05-30', 1396, 435, 115),
(4159, '2020-05-30', 1396, 849, 13),
(4160, '2020-05-30', 1397, 274, 77),
(4161, '2020-05-30', 1397, 493, 99),
(4162, '2020-05-30', 1398, 595, 145),
(4163, '2020-05-30', 1398, 183, 158),
(4164, '2020-05-30', 1398, 150, 132),
(4165, '2020-05-30', 1399, 539, 59),
(4166, '2020-05-30', 1399, 376, 200),
(4167, '2020-05-30', 1399, 1018, 188),
(4168, '2020-05-30', 1399, 399, 44),
(4169, '2020-05-30', 1399, 470, 199),
(4170, '2020-05-30', 1400, 1086, 40),
(4171, '2020-05-30', 1400, 2, 79),
(4172, '2020-05-30', 1401, 421, 24),
(4173, '2020-05-30', 1402, 1151, 77),
(4174, '2020-05-30', 1403, 1157, 139),
(4175, '2020-05-30', 1403, 1025, 160),
(4176, '2020-05-30', 1403, 163, 46),
(4177, '2020-05-30', 1403, 614, 18),
(4178, '2020-05-30', 1404, 454, 187),
(4179, '2020-05-30', 1405, 162, 61),
(4180, '2020-05-30', 1405, 509, 198),
(4181, '2020-05-30', 1406, 205, 7),
(4182, '2020-05-30', 1406, 1019, 181),
(4183, '2020-05-30', 1406, 770, 81),
(4184, '2020-05-30', 1406, 118, 48),
(4185, '2020-05-30', 1407, 890, 186),
(4186, '2020-05-30', 1407, 1206, 128),
(4187, '2020-05-30', 1407, 370, 17),
(4188, '2020-05-30', 1408, 559, 34),
(4189, '2020-05-30', 1408, 671, 108),
(4190, '2020-05-30', 1408, 187, 26),
(4191, '2020-05-30', 1408, 91, 87),
(4192, '2020-05-30', 1408, 630, 131),
(4193, '2020-05-30', 1409, 204, 65),
(4194, '2020-05-30', 1410, 331, 70),
(4195, '2020-05-30', 1410, 673, 84),
(4196, '2020-05-30', 1410, 676, 31),
(4197, '2020-05-30', 1411, 1020, 183),
(4198, '2020-05-30', 1411, 886, 66),
(4199, '2020-05-30', 1411, 571, 25),
(4200, '2020-05-30', 1412, 177, 41),
(4201, '2020-05-30', 1412, 1110, 178),
(4202, '2020-05-30', 1413, 107, 114),
(4203, '2020-05-30', 1413, 88, 3),
(4204, '2020-05-30', 1413, 958, 149),
(4205, '2020-05-30', 1413, 328, 99),
(4206, '2020-05-30', 1414, 557, 181),
(4207, '2020-05-30', 1415, 531, 68),
(4208, '2020-05-30', 1416, 1015, 171),
(4209, '2020-05-30', 1417, 962, 191),
(4210, '2020-05-30', 1417, 23, 41),
(4211, '2020-05-30', 1417, 1031, 39),
(4212, '2020-05-30', 1418, 159, 13),
(4213, '2020-05-30', 1418, 1029, 179),
(4214, '2020-05-30', 1418, 1129, 41),
(4215, '2020-05-30', 1418, 1188, 179),
(4216, '2020-05-30', 1418, 91, 114),
(4217, '2020-05-30', 1419, 725, 9),
(4218, '2020-05-30', 1419, 126, 61),
(4219, '2020-05-30', 1420, 53, 22),
(4220, '2020-05-30', 1420, 909, 131),
(4221, '2020-05-30', 1420, 74, 12),
(4222, '2020-05-30', 1421, 1100, 177),
(4223, '2020-05-30', 1421, 191, 130),
(4224, '2020-05-30', 1421, 116, 38),
(4225, '2020-05-30', 1422, 344, 34),
(4226, '2020-05-30', 1422, 132, 45),
(4227, '2020-05-30', 1423, 823, 27),
(4228, '2020-05-30', 1423, 845, 163),
(4229, '2020-05-30', 1423, 153, 34),
(4230, '2020-05-30', 1423, 208, 114),
(4231, '2020-05-30', 1424, 926, 200),
(4232, '2020-05-30', 1424, 678, 131),
(4233, '2020-05-30', 1425, 405, 164),
(4234, '2020-05-30', 1425, 1205, 16),
(4235, '2020-05-30', 1425, 160, 141),
(4236, '2020-05-30', 1425, 248, 25),
(4237, '2020-05-30', 1426, 461, 199),
(4238, '2020-05-30', 1426, 87, 123),
(4239, '2020-05-30', 1426, 1101, 175),
(4240, '2020-05-30', 1426, 740, 20),
(4241, '2020-05-30', 1427, 96, 102),
(4242, '2020-05-30', 1427, 701, 52),
(4243, '2020-05-30', 1427, 150, 169),
(4244, '2020-05-30', 1428, 876, 68),
(4245, '2020-05-30', 1428, 376, 45),
(4246, '2020-05-30', 1429, 135, 109),
(4247, '2020-05-30', 1429, 250, 26),
(4248, '2020-05-30', 1430, 34, 158),
(4249, '2020-05-30', 1431, 390, 84),
(4250, '2020-05-30', 1431, 307, 194),
(4251, '2020-05-30', 1431, 18, 69),
(4252, '2020-05-30', 1431, 360, 177),
(4253, '2020-05-30', 1431, 1136, 73),
(4254, '2020-05-30', 1432, 294, 138),
(4255, '2020-05-30', 1432, 1163, 122),
(4256, '2020-05-30', 1432, 375, 175),
(4257, '2020-05-30', 1432, 1196, 12),
(4258, '2020-05-30', 1433, 871, 39),
(4259, '2020-05-30', 1433, 766, 185),
(4260, '2020-05-30', 1433, 1161, 45),
(4261, '2020-05-30', 1433, 977, 147),
(4262, '2020-05-30', 1433, 920, 8),
(4263, '2020-05-30', 1434, 106, 118),
(4264, '2020-05-30', 1435, 1067, 119),
(4265, '2020-05-30', 1435, 539, 181),
(4266, '2020-05-30', 1435, 1000, 45),
(4267, '2020-05-30', 1436, 1023, 63),
(4268, '2020-05-30', 1436, 567, 50),
(4269, '2020-05-30', 1436, 947, 194),
(4270, '2020-05-30', 1437, 374, 10),
(4271, '2020-05-30', 1437, 539, 28),
(4272, '2020-05-30', 1437, 577, 99),
(4273, '2020-05-30', 1437, 121, 186),
(4274, '2020-05-30', 1437, 481, 7),
(4275, '2020-05-30', 1438, 461, 44),
(4276, '2020-05-30', 1439, 151, 20),
(4277, '2020-05-30', 1439, 252, 31),
(4278, '2020-05-30', 1439, 987, 18),
(4279, '2020-05-30', 1439, 409, 150),
(4280, '2020-05-30', 1439, 535, 191),
(4281, '2020-05-30', 1440, 342, 116),
(4282, '2020-05-30', 1440, 658, 82),
(4283, '2020-05-30', 1440, 564, 151),
(4284, '2020-05-30', 1440, 903, 36),
(4285, '2020-05-30', 1441, 484, 38),
(4286, '2020-05-30', 1441, 692, 16),
(4287, '2020-05-30', 1441, 571, 49),
(4288, '2020-05-30', 1441, 545, 131),
(4289, '2020-05-30', 1442, 546, 64),
(4290, '2020-05-30', 1443, 467, 186),
(4291, '2020-05-30', 1444, 619, 121),
(4292, '2020-05-30', 1444, 43, 29),
(4293, '2020-05-30', 1444, 677, 134),
(4294, '2020-05-30', 1444, 1108, 26),
(4295, '2020-05-30', 1444, 625, 159),
(4296, '2020-05-30', 1445, 809, 130),
(4297, '2020-05-30', 1445, 784, 108),
(4298, '2020-05-30', 1445, 948, 12),
(4299, '2020-05-30', 1445, 891, 107),
(4300, '2020-05-30', 1446, 596, 42),
(4301, '2020-05-30', 1446, 617, 175),
(4302, '2020-05-30', 1446, 758, 39),
(4303, '2020-05-30', 1446, 1107, 106),
(4304, '2020-05-30', 1447, 640, 135),
(4305, '2020-05-30', 1447, 136, 65),
(4306, '2020-05-30', 1447, 137, 132),
(4307, '2020-05-30', 1447, 664, 13),
(4308, '2020-05-30', 1447, 346, 57),
(4309, '2020-05-30', 1448, 46, 116),
(4310, '2020-05-30', 1448, 1032, 19),
(4311, '2020-05-30', 1449, 455, 170),
(4312, '2020-05-30', 1449, 899, 24),
(4313, '2020-05-30', 1449, 877, 104),
(4314, '2020-05-30', 1450, 701, 194),
(4315, '2020-05-30', 1451, 624, 39),
(4316, '2020-05-30', 1451, 84, 15),
(4317, '2020-05-30', 1451, 328, 63),
(4318, '2020-05-30', 1451, 1003, 122),
(4319, '2020-05-30', 1451, 1192, 119),
(4320, '2020-05-30', 1452, 1176, 132),
(4321, '2020-05-30', 1452, 965, 171),
(4322, '2020-05-30', 1453, 578, 12),
(4323, '2020-05-30', 1453, 570, 196),
(4324, '2020-05-30', 1454, 267, 9),
(4325, '2020-05-30', 1454, 335, 190),
(4326, '2020-05-30', 1454, 393, 105),
(4327, '2020-05-30', 1454, 763, 133),
(4328, '2020-05-30', 1455, 988, 168),
(4329, '2020-05-30', 1455, 185, 118),
(4330, '2020-05-30', 1455, 96, 97),
(4331, '2020-05-30', 1455, 1193, 61),
(4332, '2020-05-30', 1455, 154, 97),
(4333, '2020-05-30', 1456, 584, 116),
(4334, '2020-05-30', 1456, 570, 53);
INSERT INTO `sales` (`sale_id`, `sale_date`, `cus_id`, `s_id`, `p_id`) VALUES
(4335, '2020-05-30', 1457, 1122, 150),
(4336, '2020-05-30', 1458, 812, 13),
(4337, '2020-05-30', 1458, 592, 48),
(4338, '2020-05-30', 1459, 330, 128),
(4339, '2020-05-30', 1459, 1133, 160),
(4340, '2020-05-30', 1459, 546, 109),
(4341, '2020-05-30', 1459, 610, 31),
(4342, '2020-05-30', 1460, 759, 119),
(4343, '2020-05-30', 1460, 472, 66),
(4344, '2020-05-30', 1460, 602, 184),
(4345, '2020-05-30', 1461, 905, 11),
(4346, '2020-05-30', 1461, 491, 107),
(4347, '2020-05-30', 1461, 661, 46),
(4348, '2020-05-30', 1461, 567, 10),
(4349, '2020-05-30', 1462, 405, 189),
(4350, '2020-05-30', 1462, 263, 156),
(4351, '2020-05-30', 1462, 888, 179),
(4352, '2020-05-30', 1462, 554, 183),
(4353, '2020-05-30', 1463, 932, 126),
(4354, '2020-05-30', 1463, 438, 26),
(4355, '2020-05-30', 1463, 649, 108),
(4356, '2020-05-30', 1463, 628, 49),
(4357, '2020-05-30', 1464, 19, 183),
(4358, '2020-05-30', 1464, 692, 95),
(4359, '2020-05-30', 1464, 905, 159),
(4360, '2020-05-30', 1464, 601, 90),
(4361, '2020-05-30', 1464, 1169, 143),
(4362, '2020-05-30', 1465, 846, 92),
(4363, '2020-05-30', 1465, 1077, 101),
(4364, '2020-05-30', 1465, 200, 50),
(4365, '2020-05-30', 1466, 761, 55),
(4366, '2020-05-30', 1466, 868, 192),
(4367, '2020-05-30', 1466, 26, 73),
(4368, '2020-05-30', 1467, 990, 148),
(4369, '2020-05-30', 1468, 1144, 137),
(4370, '2020-05-30', 1468, 813, 29),
(4371, '2020-05-30', 1468, 916, 55),
(4372, '2020-05-30', 1468, 652, 115),
(4373, '2020-05-30', 1468, 422, 115),
(4374, '2020-05-30', 1469, 582, 65),
(4375, '2020-05-30', 1469, 712, 2),
(4376, '2020-05-30', 1470, 487, 67),
(4377, '2020-05-30', 1470, 987, 40),
(4378, '2020-05-30', 1470, 448, 195),
(4379, '2020-05-30', 1471, 116, 63),
(4380, '2020-05-30', 1471, 721, 112),
(4381, '2020-05-30', 1472, 598, 59),
(4382, '2020-05-30', 1472, 61, 105),
(4383, '2020-05-30', 1472, 458, 42),
(4384, '2020-05-30', 1472, 976, 108),
(4385, '2020-05-30', 1472, 810, 136),
(4386, '2020-05-30', 1473, 554, 59),
(4387, '2020-05-30', 1473, 1151, 165),
(4388, '2020-05-30', 1473, 1022, 4),
(4389, '2020-05-30', 1474, 329, 150),
(4390, '2020-05-30', 1474, 955, 17),
(4391, '2020-05-30', 1475, 1066, 103),
(4392, '2020-05-30', 1475, 433, 140),
(4393, '2020-05-30', 1476, 866, 56),
(4394, '2020-05-30', 1476, 320, 98),
(4395, '2020-05-30', 1476, 879, 20),
(4396, '2020-05-30', 1477, 280, 73),
(4397, '2020-05-30', 1477, 479, 181),
(4398, '2020-05-30', 1477, 765, 161),
(4399, '2020-05-30', 1477, 863, 133),
(4400, '2020-05-30', 1477, 547, 11),
(4401, '2020-05-30', 1478, 475, 100),
(4402, '2020-05-30', 1478, 937, 101),
(4403, '2020-05-30', 1478, 333, 112),
(4404, '2020-05-30', 1478, 1074, 27),
(4405, '2020-05-30', 1478, 1181, 121),
(4406, '2020-05-30', 1479, 341, 85),
(4407, '2020-05-30', 1479, 204, 136),
(4408, '2020-05-30', 1479, 938, 146),
(4409, '2020-05-30', 1480, 105, 93),
(4410, '2020-05-30', 1480, 461, 44),
(4411, '2020-05-30', 1480, 516, 54),
(4412, '2020-05-30', 1480, 318, 5),
(4413, '2020-05-30', 1481, 250, 129),
(4414, '2020-05-30', 1481, 182, 4),
(4415, '2020-05-30', 1481, 1018, 99),
(4416, '2020-05-30', 1481, 459, 71),
(4417, '2020-05-30', 1481, 633, 156),
(4418, '2020-05-30', 1482, 840, 165),
(4419, '2020-05-30', 1482, 915, 40),
(4420, '2020-05-30', 1482, 1143, 105),
(4421, '2020-05-30', 1482, 326, 102),
(4422, '2020-05-30', 1482, 365, 70),
(4423, '2020-05-30', 1483, 1145, 15),
(4424, '2020-05-30', 1484, 237, 22),
(4425, '2020-05-30', 1484, 948, 108),
(4426, '2020-05-30', 1485, 624, 156),
(4427, '2020-05-30', 1485, 753, 82),
(4428, '2020-05-30', 1485, 10, 138),
(4429, '2020-05-30', 1485, 530, 15),
(4430, '2020-05-30', 1485, 944, 98),
(4431, '2020-05-30', 1486, 248, 100),
(4432, '2020-05-30', 1486, 486, 56),
(4433, '2020-05-30', 1487, 234, 22),
(4434, '2020-05-30', 1487, 338, 56),
(4435, '2020-05-30', 1487, 992, 121),
(4436, '2020-05-30', 1487, 1028, 137),
(4437, '2020-05-30', 1488, 1214, 59),
(4438, '2020-05-30', 1488, 700, 87),
(4439, '2020-05-30', 1488, 30, 100),
(4440, '2020-05-30', 1488, 896, 31),
(4441, '2020-05-30', 1488, 1178, 56),
(4442, '2020-05-30', 1489, 686, 115),
(4443, '2020-05-30', 1489, 1164, 116),
(4444, '2020-05-30', 1490, 706, 198),
(4445, '2020-05-30', 1491, 1164, 142),
(4446, '2020-05-30', 1491, 218, 49),
(4447, '2020-05-30', 1491, 35, 41),
(4448, '2020-05-30', 1491, 583, 88),
(4449, '2020-05-30', 1491, 315, 8),
(4450, '2020-05-30', 1492, 481, 31),
(4451, '2020-05-30', 1492, 1132, 73),
(4452, '2020-05-30', 1493, 587, 135),
(4453, '2020-05-30', 1493, 724, 18),
(4454, '2020-05-30', 1493, 319, 21),
(4455, '2020-05-30', 1494, 632, 34),
(4456, '2020-05-30', 1494, 184, 13),
(4457, '2020-05-30', 1494, 320, 2),
(4458, '2020-05-30', 1494, 47, 188),
(4459, '2020-05-30', 1494, 256, 74),
(4460, '2020-05-30', 1495, 201, 183),
(4461, '2020-05-30', 1495, 320, 5),
(4462, '2020-05-30', 1495, 847, 139),
(4463, '2020-05-30', 1496, 487, 70),
(4464, '2020-05-30', 1496, 1064, 173),
(4465, '2020-05-30', 1496, 617, 115),
(4466, '2020-05-30', 1496, 890, 174),
(4467, '2020-05-30', 1496, 709, 54),
(4468, '2020-05-30', 1497, 425, 78),
(4469, '2020-05-30', 1497, 327, 88),
(4470, '2020-05-30', 1498, 657, 192),
(4471, '2020-05-30', 1499, 200, 93),
(4472, '2020-05-30', 1499, 1088, 108),
(4473, '2020-05-30', 1499, 1208, 47),
(4474, '2020-05-30', 1500, 694, 48),
(4475, '2020-05-30', 1501, 406, 2),
(4476, '2020-05-30', 1501, 231, 100),
(4477, '2020-05-30', 1502, 589, 147),
(4478, '2020-05-30', 1502, 179, 144),
(4479, '2020-05-30', 1502, 169, 150),
(4480, '2020-05-30', 1502, 126, 66),
(4481, '2020-05-30', 1503, 399, 162),
(4482, '2020-05-30', 1503, 126, 150),
(4483, '2020-05-30', 1504, 546, 125),
(4484, '2020-05-30', 1504, 988, 24),
(4485, '2020-05-30', 1504, 364, 80),
(4486, '2020-05-30', 1504, 452, 180),
(4487, '2020-05-30', 1505, 909, 93),
(4488, '2020-05-30', 1505, 784, 140),
(4489, '2020-05-30', 1505, 107, 28),
(4490, '2020-05-30', 1505, 581, 87),
(4491, '2020-05-30', 1506, 126, 125),
(4492, '2020-05-30', 1506, 960, 191),
(4493, '2020-05-30', 1506, 981, 140),
(4494, '2020-05-30', 1507, 1047, 71),
(4495, '2020-05-30', 1507, 900, 104),
(4496, '2020-05-30', 1508, 1120, 89),
(4497, '2020-05-30', 1508, 1062, 169),
(4498, '2020-05-30', 1508, 326, 130),
(4499, '2020-05-30', 1508, 601, 91),
(4500, '2020-05-30', 1509, 1051, 117),
(4501, '2020-05-30', 1509, 962, 137),
(4502, '2020-05-30', 1509, 617, 197),
(4503, '2020-05-30', 1509, 658, 64),
(4504, '2020-05-30', 1509, 583, 186),
(4505, '2020-05-30', 1510, 683, 95),
(4506, '2020-05-30', 1510, 697, 84),
(4507, '2020-05-30', 1510, 559, 21),
(4508, '2020-05-30', 1510, 1007, 140),
(4509, '2020-05-30', 1511, 449, 155),
(4510, '2020-05-30', 1511, 849, 54),
(4511, '2020-05-30', 1512, 124, 166),
(4512, '2020-05-30', 1512, 810, 146),
(4513, '2020-05-30', 1512, 437, 59),
(4514, '2020-05-30', 1513, 910, 177),
(4515, '2020-05-30', 1513, 417, 176),
(4516, '2020-05-30', 1513, 1002, 37),
(4517, '2020-05-30', 1514, 500, 19),
(4518, '2020-05-30', 1514, 712, 36),
(4519, '2020-05-30', 1514, 1206, 144),
(4520, '2020-05-30', 1515, 383, 82),
(4521, '2020-05-30', 1515, 145, 84),
(4522, '2020-05-30', 1515, 987, 86),
(4523, '2020-05-30', 1515, 491, 126),
(4524, '2020-05-30', 1515, 881, 173),
(4525, '2020-05-30', 1516, 948, 107),
(4526, '2020-05-30', 1516, 915, 48),
(4527, '2020-05-30', 1516, 451, 132),
(4528, '2020-05-30', 1516, 1185, 144),
(4529, '2020-05-30', 1516, 859, 131),
(4530, '2020-05-30', 1517, 166, 118),
(4531, '2020-05-30', 1517, 699, 5),
(4532, '2020-05-30', 1518, 422, 70),
(4533, '2020-05-30', 1518, 459, 57),
(4534, '2020-05-30', 1518, 411, 113),
(4535, '2020-05-30', 1519, 1145, 200),
(4536, '2020-05-30', 1520, 1104, 57),
(4537, '2020-05-30', 1520, 1071, 61),
(4538, '2020-05-30', 1520, 410, 66),
(4539, '2020-05-30', 1521, 1116, 179),
(4540, '2020-05-30', 1522, 536, 198),
(4541, '2020-05-30', 1522, 520, 22),
(4542, '2020-05-30', 1522, 1002, 171),
(4543, '2020-05-30', 1522, 26, 155),
(4544, '2020-05-30', 1523, 954, 24),
(4545, '2020-05-30', 1523, 542, 160),
(4546, '2020-05-30', 1523, 663, 39),
(4547, '2020-05-30', 1523, 22, 142),
(4548, '2020-05-30', 1524, 427, 23),
(4549, '2020-05-30', 1524, 1140, 70),
(4550, '2020-05-30', 1524, 620, 8),
(4551, '2020-05-30', 1525, 478, 79),
(4552, '2020-05-30', 1525, 927, 27),
(4553, '2020-05-30', 1526, 857, 157),
(4554, '2020-05-30', 1526, 199, 191),
(4555, '2020-05-30', 1526, 539, 37),
(4556, '2020-05-30', 1526, 714, 5),
(4557, '2020-05-30', 1527, 1035, 89),
(4558, '2020-05-30', 1527, 1205, 5),
(4559, '2020-05-30', 1528, 1012, 98),
(4560, '2020-05-30', 1528, 1157, 63),
(4561, '2020-05-30', 1528, 1155, 44),
(4562, '2020-05-30', 1528, 469, 170),
(4563, '2020-05-30', 1529, 131, 104),
(4564, '2020-05-30', 1529, 171, 136),
(4565, '2020-05-30', 1530, 6, 134),
(4566, '2020-05-30', 1531, 928, 159),
(4567, '2020-05-30', 1532, 151, 126),
(4568, '2020-05-30', 1532, 461, 151),
(4569, '2020-05-30', 1532, 706, 56),
(4570, '2020-05-30', 1532, 868, 10),
(4571, '2020-05-30', 1533, 555, 135),
(4572, '2020-05-30', 1533, 1186, 137),
(4573, '2020-05-30', 1533, 953, 93),
(4574, '2020-05-30', 1533, 957, 103),
(4575, '2020-05-30', 1534, 446, 134),
(4576, '2020-05-30', 1534, 638, 123),
(4577, '2020-05-30', 1535, 782, 53),
(4578, '2020-05-30', 1535, 168, 131),
(4579, '2020-05-30', 1536, 351, 24),
(4580, '2020-05-30', 1536, 69, 17),
(4581, '2020-05-30', 1537, 336, 162),
(4582, '2020-05-30', 1537, 934, 135),
(4583, '2020-05-30', 1538, 987, 47),
(4584, '2020-05-30', 1538, 188, 34),
(4585, '2020-05-30', 1538, 1107, 68),
(4586, '2020-05-30', 1538, 1193, 30),
(4587, '2020-05-30', 1539, 781, 86),
(4588, '2020-05-30', 1539, 768, 55),
(4589, '2020-05-30', 1539, 842, 143),
(4590, '2020-05-30', 1539, 1034, 192),
(4591, '2020-05-30', 1539, 861, 154),
(4592, '2020-05-30', 1540, 211, 10),
(4593, '2020-05-30', 1540, 76, 154),
(4594, '2020-05-30', 1541, 705, 24),
(4595, '2020-05-30', 1541, 272, 51),
(4596, '2020-05-30', 1541, 683, 38),
(4597, '2020-05-30', 1541, 74, 161),
(4598, '2020-05-30', 1541, 939, 64),
(4599, '2020-05-30', 1542, 713, 10),
(4600, '2020-05-30', 1542, 628, 80),
(4601, '2020-05-30', 1543, 944, 187),
(4602, '2020-05-30', 1543, 117, 1),
(4603, '2020-05-30', 1544, 460, 91),
(4604, '2020-05-30', 1544, 255, 195),
(4605, '2020-05-30', 1545, 1202, 68),
(4606, '2020-05-30', 1546, 1011, 145),
(4607, '2020-05-30', 1546, 1019, 100),
(4608, '2020-05-30', 1546, 215, 1),
(4609, '2020-05-30', 1546, 296, 77),
(4610, '2020-05-30', 1547, 1156, 150),
(4611, '2020-05-30', 1548, 842, 147),
(4612, '2020-05-30', 1548, 294, 154),
(4613, '2020-05-30', 1548, 987, 126),
(4614, '2020-05-30', 1548, 604, 87),
(4615, '2020-05-30', 1549, 426, 163),
(4616, '2020-05-30', 1549, 494, 2),
(4617, '2020-05-30', 1549, 757, 46),
(4618, '2020-05-30', 1550, 1012, 64),
(4619, '2020-05-30', 1550, 641, 12),
(4620, '2020-05-30', 1550, 402, 134),
(4621, '2020-05-30', 1550, 1173, 24),
(4622, '2020-05-30', 1550, 506, 176),
(4623, '2020-05-30', 1551, 404, 89),
(4624, '2020-05-30', 1552, 251, 106),
(4625, '2020-05-30', 1553, 846, 79),
(4626, '2020-05-30', 1553, 362, 91),
(4627, '2020-05-30', 1553, 616, 17),
(4628, '2020-05-30', 1553, 1151, 64),
(4629, '2020-05-30', 1554, 119, 105),
(4630, '2020-05-30', 1554, 496, 120),
(4631, '2020-05-30', 1554, 1087, 174),
(4632, '2020-05-30', 1554, 995, 132),
(4633, '2020-05-30', 1555, 949, 171),
(4634, '2020-05-30', 1555, 10, 79),
(4635, '2020-05-30', 1555, 1175, 116),
(4636, '2020-05-30', 1555, 626, 104),
(4637, '2020-05-30', 1556, 675, 176),
(4638, '2020-05-30', 1556, 1028, 32),
(4639, '2020-05-30', 1556, 64, 109),
(4640, '2020-05-30', 1556, 854, 95),
(4641, '2020-05-30', 1557, 779, 192),
(4642, '2020-05-30', 1557, 113, 167),
(4643, '2020-05-30', 1557, 504, 97),
(4644, '2020-05-30', 1557, 849, 110),
(4645, '2020-05-30', 1557, 1010, 22),
(4646, '2020-05-30', 1558, 407, 185),
(4647, '2020-05-30', 1558, 915, 137),
(4648, '2020-05-30', 1558, 689, 32),
(4649, '2020-05-30', 1558, 384, 148),
(4650, '2020-05-30', 1558, 577, 40),
(4651, '2020-05-30', 1559, 707, 74),
(4652, '2020-05-30', 1559, 149, 26),
(4653, '2020-05-30', 1559, 10, 80),
(4654, '2020-05-30', 1560, 1007, 162),
(4655, '2020-05-30', 1561, 737, 129),
(4656, '2020-05-30', 1561, 1057, 96),
(4657, '2020-05-30', 1562, 222, 125),
(4658, '2020-05-30', 1562, 196, 109),
(4659, '2020-05-30', 1562, 355, 61),
(4660, '2020-05-30', 1562, 944, 54),
(4661, '2020-05-30', 1562, 129, 194),
(4662, '2020-05-30', 1563, 771, 180),
(4663, '2020-05-30', 1563, 819, 121),
(4664, '2020-05-30', 1563, 367, 55),
(4665, '2020-05-30', 1564, 25, 24),
(4666, '2020-05-30', 1564, 273, 187),
(4667, '2020-05-30', 1564, 674, 118),
(4668, '2020-05-30', 1564, 958, 59),
(4669, '2020-05-30', 1564, 924, 71),
(4670, '2020-05-30', 1565, 353, 86),
(4671, '2020-05-30', 1566, 35, 128),
(4672, '2020-05-30', 1566, 108, 37),
(4673, '2020-05-30', 1566, 12, 189),
(4674, '2020-05-30', 1567, 263, 111),
(4675, '2020-05-30', 1567, 424, 166),
(4676, '2020-05-30', 1567, 407, 198),
(4677, '2020-05-30', 1567, 332, 56),
(4678, '2020-05-30', 1567, 129, 92),
(4679, '2020-05-30', 1568, 1209, 49),
(4680, '2020-05-30', 1569, 857, 84),
(4681, '2020-05-30', 1569, 871, 61),
(4682, '2020-05-30', 1569, 268, 140),
(4683, '2020-05-30', 1569, 89, 112),
(4684, '2020-05-30', 1570, 629, 14),
(4685, '2020-05-30', 1571, 683, 90),
(4686, '2020-05-30', 1571, 1046, 113),
(4687, '2020-05-30', 1571, 247, 11),
(4688, '2020-05-30', 1571, 443, 115),
(4689, '2020-05-30', 1571, 100, 181),
(4690, '2020-05-30', 1572, 464, 166),
(4691, '2020-05-30', 1573, 192, 137),
(4692, '2020-05-30', 1573, 481, 108),
(4693, '2020-05-30', 1574, 51, 190),
(4694, '2020-05-30', 1575, 270, 150),
(4695, '2020-05-30', 1575, 103, 161),
(4696, '2020-05-30', 1575, 383, 134),
(4697, '2020-05-30', 1575, 833, 46),
(4698, '2020-05-30', 1575, 103, 82),
(4699, '2020-05-30', 1576, 104, 132),
(4700, '2020-05-30', 1576, 345, 67),
(4701, '2020-05-30', 1576, 828, 134),
(4702, '2020-05-30', 1576, 166, 143),
(4703, '2020-05-30', 1576, 590, 38),
(4704, '2020-05-30', 1577, 769, 90),
(4705, '2020-05-30', 1577, 487, 187),
(4706, '2020-05-30', 1577, 208, 76),
(4707, '2020-05-30', 1578, 434, 139),
(4708, '2020-05-30', 1578, 872, 171),
(4709, '2020-05-30', 1579, 719, 89),
(4710, '2020-05-30', 1579, 735, 180),
(4711, '2020-05-30', 1580, 167, 17),
(4712, '2020-05-30', 1580, 1034, 68),
(4713, '2020-05-30', 1581, 151, 125),
(4714, '2020-05-30', 1581, 484, 119),
(4715, '2020-05-30', 1581, 778, 140),
(4716, '2020-05-30', 1581, 1094, 100),
(4717, '2020-05-30', 1582, 666, 186),
(4718, '2020-05-30', 1582, 345, 140),
(4719, '2020-05-30', 1582, 191, 161),
(4720, '2020-05-30', 1582, 185, 36),
(4721, '2020-05-30', 1583, 1096, 142),
(4722, '2020-05-30', 1583, 492, 188),
(4723, '2020-05-30', 1583, 186, 156),
(4724, '2020-05-30', 1583, 750, 78),
(4725, '2020-05-30', 1584, 1093, 88),
(4726, '2020-05-30', 1585, 150, 35),
(4727, '2020-05-30', 1586, 935, 99),
(4728, '2020-05-30', 1587, 794, 63),
(4729, '2020-05-30', 1587, 325, 59),
(4730, '2020-05-30', 1587, 428, 186),
(4731, '2020-05-30', 1587, 907, 72),
(4732, '2020-05-30', 1588, 993, 165),
(4733, '2020-05-30', 1588, 1129, 196),
(4734, '2020-05-30', 1588, 133, 54),
(4735, '2020-05-30', 1588, 537, 53),
(4736, '2020-05-30', 1588, 789, 188),
(4737, '2020-05-30', 1589, 595, 166),
(4738, '2020-05-30', 1589, 236, 131),
(4739, '2020-05-30', 1589, 535, 47),
(4740, '2020-05-30', 1589, 1209, 158),
(4741, '2020-05-30', 1590, 72, 190),
(4742, '2020-05-30', 1590, 754, 112),
(4743, '2020-05-30', 1591, 955, 102),
(4744, '2020-05-30', 1591, 1050, 51),
(4745, '2020-05-30', 1592, 706, 198),
(4746, '2020-05-30', 1592, 269, 151),
(4747, '2020-05-30', 1593, 1163, 63),
(4748, '2020-05-30', 1593, 1167, 125),
(4749, '2020-05-30', 1593, 541, 110),
(4750, '2020-05-30', 1593, 613, 125),
(4751, '2020-05-30', 1594, 825, 47),
(4752, '2020-05-30', 1594, 121, 159),
(4753, '2020-05-30', 1594, 660, 27),
(4754, '2020-05-30', 1595, 573, 115),
(4755, '2020-05-30', 1595, 424, 164),
(4756, '2020-05-30', 1595, 969, 94),
(4757, '2020-05-30', 1595, 665, 16),
(4758, '2020-05-30', 1595, 660, 11),
(4759, '2020-05-30', 1596, 1153, 50),
(4760, '2020-05-30', 1597, 518, 148),
(4761, '2020-05-30', 1597, 809, 121),
(4762, '2020-05-30', 1597, 493, 126),
(4763, '2020-05-30', 1598, 820, 53),
(4764, '2020-05-30', 1598, 578, 97),
(4765, '2020-05-30', 1598, 798, 175),
(4766, '2020-05-30', 1599, 711, 92),
(4767, '2020-05-30', 1599, 673, 132),
(4768, '2020-05-30', 1599, 1039, 3),
(4769, '2020-05-30', 1599, 746, 156),
(4770, '2020-05-30', 1600, 281, 160),
(4771, '2020-05-30', 1601, 918, 167),
(4772, '2020-05-30', 1602, 807, 101),
(4773, '2020-05-30', 1602, 1002, 46),
(4774, '2020-05-30', 1602, 331, 59),
(4775, '2020-05-30', 1603, 186, 44),
(4776, '2020-05-30', 1604, 806, 164),
(4777, '2020-05-30', 1604, 1063, 95),
(4778, '2020-05-30', 1605, 972, 130),
(4779, '2020-05-30', 1605, 1042, 65),
(4780, '2020-05-30', 1605, 1129, 150),
(4781, '2020-05-30', 1605, 839, 143),
(4782, '2020-05-30', 1606, 295, 96),
(4783, '2020-05-30', 1606, 507, 193),
(4784, '2020-05-30', 1606, 769, 114),
(4785, '2020-05-30', 1606, 400, 166),
(4786, '2020-05-30', 1607, 1208, 106),
(4787, '2020-05-30', 1607, 733, 82),
(4788, '2020-05-30', 1607, 313, 197),
(4789, '2020-05-30', 1608, 1034, 45),
(4790, '2020-05-30', 1608, 541, 183),
(4791, '2020-05-30', 1608, 20, 142),
(4792, '2020-05-30', 1609, 732, 64),
(4793, '2020-05-30', 1609, 1035, 44),
(4794, '2020-05-30', 1609, 12, 165),
(4795, '2020-05-30', 1609, 321, 171),
(4796, '2020-05-30', 1610, 1014, 161),
(4797, '2020-05-30', 1610, 154, 183),
(4798, '2020-05-30', 1610, 1, 114),
(4799, '2020-05-30', 1610, 822, 122),
(4800, '2020-05-30', 1611, 683, 24),
(4801, '2020-05-30', 1611, 582, 173),
(4802, '2020-05-30', 1612, 101, 93),
(4803, '2020-05-30', 1612, 285, 106),
(4804, '2020-05-30', 1612, 224, 44),
(4805, '2020-05-30', 1613, 967, 134),
(4806, '2020-05-30', 1613, 988, 132),
(4807, '2020-05-30', 1613, 292, 45),
(4808, '2020-05-30', 1614, 1115, 175),
(4809, '2020-05-30', 1614, 928, 27),
(4810, '2020-05-30', 1614, 1188, 107),
(4811, '2020-05-30', 1615, 1057, 198),
(4812, '2020-05-30', 1615, 681, 144),
(4813, '2020-05-30', 1615, 695, 78),
(4814, '2020-05-30', 1615, 281, 195),
(4815, '2020-05-30', 1616, 1023, 29),
(4816, '2020-05-30', 1616, 462, 128),
(4817, '2020-05-30', 1616, 102, 38),
(4818, '2020-05-30', 1617, 41, 182),
(4819, '2020-05-30', 1617, 756, 59),
(4820, '2020-05-30', 1617, 383, 52),
(4821, '2020-05-30', 1617, 486, 9),
(4822, '2020-05-30', 1617, 723, 36),
(4823, '2020-05-30', 1618, 1146, 83),
(4824, '2020-05-30', 1618, 994, 126),
(4825, '2020-05-30', 1618, 475, 75),
(4826, '2020-05-30', 1618, 205, 115),
(4827, '2020-05-30', 1618, 857, 120),
(4828, '2020-05-30', 1619, 526, 160),
(4829, '2020-05-30', 1619, 488, 38),
(4830, '2020-05-30', 1620, 219, 175),
(4831, '2020-05-30', 1620, 21, 109),
(4832, '2020-05-30', 1620, 383, 12),
(4833, '2020-05-30', 1620, 981, 86),
(4834, '2020-05-30', 1620, 56, 81);

-- --------------------------------------------------------

--
-- Tablo için tablo yapısı `salesmen`
--

CREATE TABLE `salesmen` (
  `s_id` int(11) NOT NULL,
  `s_name` varchar(40) COLLATE utf8mb4_general_ci DEFAULT NULL,
  `m_id` int(11) DEFAULT NULL
) ENGINE=InnoDB DEFAULT CHARSET=utf8mb4 COLLATE=utf8mb4_general_ci;

--
-- Tablo döküm verisi `salesmen`
--

INSERT INTO `salesmen` (`s_id`, `s_name`, `m_id`) VALUES
(1, 'AYKUT ACAR', 1),
(2, 'ALMALA PINAR SÜRÜM', 1),
(3, 'NİLGÜN ATMIŞ', 1),
(4, 'AYLA KAPÇAK', 2),
(5, 'YURDAGÜL BOLAT', 2),
(6, 'CEYDA SELVİ', 2),
(7, 'UTKU YARDIMCI', 3),
(8, 'CANSU SELCAN ASENA', 3),
(9, 'AYKUT LEYMUNÇİÇEĞİ', 3),
(10, 'AYLA DİNCER', 4),
(11, 'SEMA NİLAY HODJAOGLU', 4),
(12, 'TANSU GENÇDAL', 4),
(13, 'AHMET ALBEN', 5),
(14, 'MUSTAFA ERSAGUN KAPÇAK', 5),
(15, 'HACI MEHMET ACARBULUT', 5),
(16, 'HÜSEYİN KUNTER MUTLU', 6),
(17, 'TOLGA YEŞİLOVA', 6),
(18, 'GÜNAY KESER', 6),
(19, 'ŞADİYE SELİN TEKİR', 7),
(20, 'HİLAL LAĞARLI', 7),
(21, 'BAHADIR BİNNETOĞLU', 7),
(22, 'GÜLAY ADISANLI', 8),
(23, 'HACİ HALİL DEMİRCAN', 8),
(24, 'HAYRİYE DERE', 8),
(25, 'AHMET ÇAĞRI PEKTAŞ', 9),
(26, 'ŞEYMA PARA', 9),
(27, 'MÜMÜNE TAŞKIN', 9),
(28, 'MUSTAFA FERHAT BİLGİ', 10),
(29, 'KADİR PARASIZ', 10),
(30, 'BARAN SAATÇIOĞLU', 10),
(31, 'HALİL YÜKSEL', 11),
(32, 'SİNAN KESER', 11),
(33, 'EMRE BAKLALI', 11),
(34, 'SELMA VATANSEVER', 12),
(35, 'TÜLAY KANSU', 12),
(36, 'YASEMİN TİLBE', 12),
(37, 'RUKİYE ÖZDEN IŞIKALAN', 13),
(38, 'ERDEM TACİR', 13),
(39, 'MUHAMMET MUSTAFA DEDEMOĞLU', 13),
(40, 'ÖZGÜR SİNAN YENİDÜNYA', 14),
(41, 'GÜLSEN ARSLANKEÇECİOĞLU', 14),
(42, 'HABİL BURAK', 14),
(43, 'CEYDA GÜNGÖR', 15),
(44, 'DİLBER MENEKŞE', 15),
(45, 'DİLEK PİRİ', 15),
(46, 'İSMAİL MİKDAT GEÇMEN', 16),
(47, 'ABDÜLSAMET ÇETER', 16),
(48, 'BESTE KEBAPCILAR', 16),
(49, 'SEBİHA TAŞ', 17),
(50, 'YENER İMALI', 17),
(51, 'DEMİR DEMİRER', 17),
(52, 'ALİ SEÇKİN HALHALLI', 18),
(53, 'ABDÜLSAMET ZENGİN', 18),
(54, 'EZGİ ÇINAR', 18),
(55, 'URAL KAHRAMAN', 19),
(56, 'TANSU KAZAN', 19),
(57, 'MURAT ALICI', 19),
(58, 'MUSTAFA KÜRŞAT ÜNAL', 20),
(59, 'SEYFİ CEM YAĞAN', 20),
(60, 'NİZAMETTİN ALBEN', 20),
(61, 'OKTAY ALMACIOĞLU', 21),
(62, 'SEZEN ÖZCANOĞLU', 21),
(63, 'YUSUF ALPER AKSEL', 21),
(64, 'ABDULLAH YÜCETÜRK', 22),
(65, 'DEMİR ÜLGER', 22),
(66, 'ANIL DEDEOĞLU', 22),
(67, 'GÖKHAN DAL', 23),
(68, 'SERKAN BAZ', 23),
(69, 'ÜLKÜHAN GÖKSOY', 23),
(70, 'NAZAN ÖNAL', 24),
(71, 'ÇİĞDEM UYAR', 24),
(72, 'AYHAN AYDIN', 24),
(73, 'AHMET GÖKHAN BAL', 25),
(74, 'LEVENT KARAKUM', 25),
(75, 'ESİN SEREN AYVAZ', 25),
(76, 'AHMET GÖKHAN SELVİ', 26),
(77, 'DUYGU KOÇAR', 26),
(78, 'GÜLAY EROL', 26),
(79, 'MEHRİ BADEM', 27),
(80, 'CANSU SELCAN DENİZ', 27),
(81, 'ZÜHAL AKTAŞ', 27),
(82, 'RUKİYE ÖZDEN ERGE', 28),
(83, 'ÜLKÜHAN UYAR', 28),
(84, 'HABİL ÇETE', 28),
(85, 'MAHPERİ BEKAR', 29),
(86, 'CEYHAN KARAMAHMUTOĞLU', 29),
(87, 'HACİ HALİL KOPTUR', 29),
(88, 'MUSTAFA ERSAGUN GÜVEREN', 30),
(89, 'HAYRİ SELÇUK', 30),
(90, 'VOLKAN OLGAÇ', 30),
(91, 'DENİZ KARAKUŞ', 31),
(92, 'ERAY DÜNDAR', 31),
(93, 'BURÇİN SAVAŞ', 31),
(94, 'YAKUP GEZİCİ', 32),
(95, 'ERCAN BAĞLI', 32),
(96, 'İHSAN AHÇI', 32),
(97, 'MUSTAFA KEMAL ÖZKURT', 33),
(98, 'TUĞÇE KARAMAHMUTOĞLU', 33),
(99, 'MEHMET MURAT DAĞLIOĞLU', 33),
(100, 'EMİNE DİLEK GÜL', 34),
(101, 'GÖKHAN BURAK', 34),
(102, 'MÜNEVER KUYUCU', 34),
(103, 'OSMAN AHISKALI', 35),
(104, 'EVRİM ERGİNTÜRK', 35),
(105, 'TÜLAY SADUNOĞLU', 35),
(106, 'SÜREYYA BURCU KAYAYURT', 36),
(107, 'ZEKERİYA ERSİN YARDIMCI', 36),
(108, 'ERKAN SABRİ BAŞYİĞİT', 36),
(109, 'ADEM BALLI', 37),
(110, 'BAHADIR TÜRKOĞLU', 37),
(111, 'İSMAİL YAVUZ KELEŞ', 37),
(112, 'YETKİN AYDOĞAN', 38),
(113, 'BATURAY KANSU LAĞARLI', 38),
(114, 'AYŞEGÜL BEKAR', 38),
(115, 'NURAY AŞAN', 39),
(116, 'ELİF ÇİLER ARAS', 39),
(117, 'ONAT İLİK', 39),
(118, 'PELİN LEYMUNÇİÇEĞİ', 40),
(119, 'HAMDİ TURGUT', 40),
(120, 'BELGİN EMİNE YALNIZ', 40),
(121, 'ASLIHAN BERENT', 41),
(122, 'ÖKKEŞ DİNÇER', 41),
(123, 'BETÜL EMİNE UYANIK', 41),
(124, 'MUAMMER HAYRİ YARBİL', 42),
(125, 'NURSEL AYDOĞAN', 42),
(126, 'ANIL BERENT', 42),
(127, 'MEHMET ÖZGÜR AKIŞ', 43),
(128, 'KEMAL YILMAZ', 43),
(129, 'LEMAN İLHAN', 43),
(130, 'FATIMA İLAY ÇINARLIK', 44),
(131, 'İBRAHİM FIRAT', 44),
(132, 'KORAY ÖKMEN', 44),
(133, 'UTKU BOZKIR', 45),
(134, 'ZEKERİYA ERSİN KÖŞKER', 45),
(135, 'OĞUZ KAAN UÇAR', 45),
(136, 'FATMA YABUL', 46),
(137, 'BENHUR ŞİRVAN ÖCAL', 46),
(138, 'IŞIL DİNLER', 46),
(139, 'SERAP BAL', 47),
(140, 'SEMA NİLAY ASLAN', 47),
(141, 'BARIŞ KULAKSIZ', 47),
(142, 'NAİME SILA YENİGÜN', 48),
(143, 'MEHMET REŞİT KAYIHAN', 48),
(144, 'SİBEL KÖROĞLU', 48),
(145, 'PINAR BAKANAY', 49),
(146, 'EMRAH KEMAL GÖKÇEK', 49),
(147, 'HATİCE ERGÜLÜ', 49),
(148, 'ELİFCAN ŞATIROĞLU', 50),
(149, 'SÜLEYMAN KIRAN', 50),
(150, 'NURSEL ÇEVİK', 50),
(151, 'TOLGA DAĞLIOĞLU', 51),
(152, 'ÖZDEN TOLA', 51),
(153, 'HACER ZENGİN', 51),
(154, 'EMİNE DİLEK ÇETİNKAYA', 52),
(155, 'ENDER SİVRİ', 52),
(156, 'HACI ÇELİK', 52),
(157, 'AYDIN KOÇ', 53),
(158, 'ENVER DİNCER', 53),
(159, 'GANİM CANİK', 53),
(160, 'IŞIL SAĞLAM', 54),
(161, 'EREN KÖROĞLU', 54),
(162, 'HASAN SERKAN ERASLAN', 54),
(163, 'LEVENT YALÇINKAYA', 55),
(164, 'ONAT MALÇOK', 55),
(165, 'HASAN BİLEN AKMAN', 55),
(166, 'PELİN KARATAŞ', 56),
(167, 'SUAT KEBAPCILAR', 56),
(168, 'GÜLHANIM TANRİVERDİ', 56),
(169, 'BERNA AKBAŞ', 57),
(170, 'SIDIKA TANRİVERDİ', 57),
(171, 'SEDEF SADUNOĞLU', 57),
(172, 'OĞUZ DİNÇER', 58),
(173, 'OLCAY BAŞAK TEKİN', 58),
(174, 'BAYRAM GENÇTÜRK', 58),
(175, 'HURİYE TACİR', 59),
(176, 'MUHAMMET MUSTAFA ŞELİMAN', 59),
(177, 'MEHMET ÖZGÜR BİLGİN', 59),
(178, 'ABDULLAH ARİF AKSAKAL', 60),
(179, 'SEMA NİLAY KOPTUR', 60),
(180, 'TUĞÇE EVCİ', 60),
(181, 'CUMA GEDİKLİ', 61),
(182, 'OLCAY BAŞAK ÇİFTCİ', 61),
(183, 'SEDA ELÇİM AKKÜÇÜK', 61),
(184, 'KÜRŞAT ADISANLI', 62),
(185, 'MEHTAP BAY', 62),
(186, 'RUKİYE ÖZDEN KARPUZ', 62),
(187, 'LEVENT EREN', 63),
(188, 'NEZİH KUCUR', 63),
(189, 'SULTAN PEKTAŞ', 63),
(190, 'OKAN SÜRÜM', 64),
(191, 'UFUK İSEN', 64),
(192, 'GÜLSEN ÇETE', 64),
(193, 'TUĞÇE ARTUÇ', 65),
(194, 'YASİN MURT', 65),
(195, 'SÜREYYA BURCU İSTEK', 65),
(196, 'MUSTAFA ERSAGUN ATEŞ', 66),
(197, 'SİBEL ÇETE', 66),
(198, 'ELİFCAN AKSAKAL', 66),
(199, 'ZEKERİYA ERSİN GEDÜK', 67),
(200, 'YAVUZ EROL', 67),
(201, 'ESRA ÖZAYDIN', 67),
(202, 'ERKAN SABRİ TAŞKIRAN', 68),
(203, 'ZÜMRÜT ELA KIRAN', 68),
(204, 'BÜŞRA SULTAN ÇANTAY', 68),
(205, 'HASAN SERKAN SUZAN', 69),
(206, 'MÜBERRA TEĞİN', 69),
(207, 'MAHMUT ESAT ÇANTAY', 69),
(208, 'ÖMER ÖZKAN KESİK', 70),
(209, 'AYHAN KIRAN', 70),
(210, 'ERAY YENİGÜN', 70),
(211, 'SERHAT BURKAY TACİR', 71),
(212, 'AHMET BAHÇEBAŞI', 71),
(213, 'BİLGE GÜLER', 71),
(214, 'LATİFE YETİZ', 72),
(215, 'ATILGAN ÇELİKER', 72),
(216, 'ŞEREF CAN AKBAŞ', 72),
(217, 'PELİN KAYMAN', 73),
(218, 'HAKAN ULUÖZ', 73),
(219, 'ANIL KÜÇÜKÖZKAN', 73),
(220, 'ÖMER KARAAĞAÇ', 74),
(221, 'DİLEK KIRBAŞ', 74),
(222, 'EMİNE ŞENTÜRK', 74),
(223, 'HURİYE DEMİR', 75),
(224, 'ŞENAY GÖKÇEK', 75),
(225, 'MUSTAFA FERHAT TAŞKIRAN', 75),
(226, 'BAYRAM DEMİRKOL', 76),
(227, 'KADİR İSTEK', 76),
(228, 'EFTAL MURAT AKSU', 76),
(229, 'SİBEL KUNAK', 77),
(230, 'NURCAN BİLGE', 77),
(231, 'MEHMET HİLMİ KARDAŞ', 77),
(232, 'MAHMUT YAKIŞAN', 78),
(233, 'SALİHA GENÇER', 78),
(234, 'ASLIHAN AYDIN', 78),
(235, 'ORÇUN EVCİ', 79),
(236, 'İSA ULUTAŞ', 79),
(237, 'BİLGİ DEMİREL', 79),
(238, 'SERDAR AKBAŞ', 80),
(239, 'RIFAT ŞATIROĞLU', 80),
(240, 'MUAMMER HAYRİ YAĞLI', 80),
(241, 'EMRE ALMACIOĞLU', 81),
(242, 'NESLİHAN AKSU', 81),
(243, 'SERDAR BORA AYDEMİR', 81),
(244, 'FATMA ESİN KARABAĞ', 82),
(245, 'HİKMET EKİN ÇINARLIK', 82),
(246, 'SELMA ÖZAYDIN', 82),
(247, 'MUSTAFA GÜRHAN İMALI', 83),
(248, 'HABİL UYANIK', 83),
(249, 'İBRAHİM HALİL SİVRİ', 83),
(250, 'MAHMUT KAÇIRA', 84),
(251, 'MEHMET ÖZGÜR DEMİR', 84),
(252, 'EMRAH KEMAL AYTAÇ', 84),
(253, 'NAZAN TATLI', 85),
(254, 'GONCA YAĞLI', 85),
(255, 'BİLGİN KARAMAN', 85),
(256, 'AYDEMİR NUHVEREN', 86),
(257, 'DEMİR DAĞLIOĞLU', 86),
(258, 'HAZEL EKİZ', 86),
(259, 'UFUK YALÇINKAYA', 87),
(260, 'FATİH AKSEL', 87),
(261, 'KÜBRA YÜZER', 87),
(262, 'ALİ ERASLAN', 88),
(263, 'MAHİR AFŞAR', 88),
(264, 'MUSTAFA FERHAT ATAK', 88),
(265, 'NECİP CAF', 89),
(266, 'ŞEREF CAN MENDEŞ', 89),
(267, 'SEBİHA ŞENTÜRK', 89),
(268, 'SULTAN TAŞKIN', 90),
(269, 'YAVUZ ABACIOĞLU', 90),
(270, 'ZERİN AKAN', 90),
(271, 'LATİFE AKAR', 91),
(272, 'ABDULSAMET ÇİFT', 91),
(273, 'FUNDA ZENGİN', 91),
(274, 'MÜBERRA ORHAN', 92),
(275, 'SERDAR BORA İSEN', 92),
(276, 'MAHMUT NURİ KAHRAMAN', 92),
(277, 'NİLGÜN DİNCER', 93),
(278, 'DERMAN AKTAŞ', 93),
(279, 'AYSUN KÖROĞLU', 93),
(280, 'BERRİN KUCUR', 94),
(281, 'GÖZDE KÜBRA KURU', 94),
(282, 'ONAT ÇİFT', 94),
(283, 'IŞIN BAZ', 95),
(284, 'MUAMMER KASAP', 95),
(285, 'GÜNAY COŞGUN', 95),
(286, 'CEMİLE ÇİĞDEM KARADENİZ', 96),
(287, 'BEDRİ UZ', 96),
(288, 'SEDEF ŞELİMAN', 96),
(289, 'SANCAR DİLEK', 97),
(290, 'MAHMUT BAKIR ÖĞÜTMEN', 97),
(291, 'HACI KARASU', 97),
(292, 'UMUT ÇINARLIK', 98),
(293, 'ELİFCAN TAŞLI', 98),
(294, 'AYBEGÜM DEMİRKOL', 98),
(295, 'UMUT EKİZ', 99),
(296, 'YUSUF ALPER İNAL', 99),
(297, 'SULTAN KÖYLÜOĞLU', 99),
(298, 'NİZAMETTİN KÖYLÜOĞLU', 100),
(299, 'ŞAHİNDE GÖKTÜRK', 100),
(300, 'SEYHAN DURAN', 100),
(301, 'NAFİYE SAVAŞ', 101),
(302, 'ABDULSAMET ÖZÇAY', 101),
(303, 'MEHRİ KURT', 101),
(304, 'DEMİR EKİZ', 102),
(305, 'FİKRİ SELVİOĞLU', 102),
(306, 'ÇETİN ATMIŞ', 102),
(307, 'BEDRİ İLKER', 103),
(308, 'HASAN BİLEN KARASU', 103),
(309, 'ÇAĞRI AYVAZ', 103),
(310, 'YENER KARAMAHMUTOĞLU', 104),
(311, 'EVRİM ŞEN', 104),
(312, 'SERAY AHISKALI', 104),
(313, 'BATURAY KANSU TATAR', 105),
(314, 'ADEM ÇINARLIK', 105),
(315, 'ÖZGÜR DİLLİ', 105),
(316, 'SEZİN GEDİKLİ', 106),
(317, 'MAHİR SERTEL', 106),
(318, 'SERHAT YENİÇERİ', 106),
(319, 'MUSTAFA KÜRŞAT KEÇECİ', 107),
(320, 'SERPİL İSTEK', 107),
(321, 'MUHAMMED ATAK', 107),
(322, 'MÜMTAZ SANHAL', 108),
(323, 'DERVİŞ YALÇINKAYA', 108),
(324, 'HASAN ERDEN', 108),
(325, 'UMUT SEDA ELBÜKEN', 109),
(326, 'MEHMET ÖZGÜR AKBUDAK', 109),
(327, 'AHMET GÖKHAN YEŞİLFİDAN', 109),
(328, 'BÜŞRA SULTAN KESİK', 110),
(329, 'ZERRİN DİNCER', 110),
(330, 'BESTE SADUNOĞLU', 110),
(331, 'MAHSUM TACİR', 111),
(332, 'GÜLNAME TEKİŞ', 111),
(333, 'SEVGİ ÇÖL', 111),
(334, 'ONUR KADİR AYDEMİR', 112),
(335, 'SERPİL AVLANIR', 112),
(336, 'İZZET TAŞKIRAN', 112),
(337, 'HİLAYDA YARBİL', 113),
(338, 'KIYMET ANIK', 113),
(339, 'MARİA SADUNOĞLU', 113),
(340, 'NAZAN BODUROĞLU', 114),
(341, 'BAVER YÜKSEL', 114),
(342, 'AYŞE FULYA BİLAL', 114),
(343, 'ŞEYMA MELİHA AKTAŞ', 115),
(344, 'AYŞEGÜL YILDIZ', 115),
(345, 'EMRE GEZİCİ', 115),
(346, 'YAVUZ İSTEK', 116),
(347, 'GÜRKAN ÖVEN', 116),
(348, 'MEHMET ÖZER GÖKÇEK', 116),
(349, 'FATMA ESİN IŞIKALAN', 117),
(350, 'GÜLTEKİN  GÜNHAN BABACAN', 117),
(351, 'TUĞÇE İSEN', 117),
(352, 'GÖKTEKİN YARBİL', 118),
(353, 'ASUDAN TUĞÇE DAL', 118),
(354, 'AYBEGÜM ELBÜKEN', 118),
(355, 'HAKAN ÖZANLAĞAN', 119),
(356, 'CANSU SELCAN SERTKAYA', 119),
(357, 'CEM ATEŞ', 119),
(358, 'IŞIK COŞKUN', 120),
(359, 'ERKAN BAĞLI', 120),
(360, 'FUAT ERNİS TEKİN', 120),
(361, 'SEDEF DENİZ', 121),
(362, 'AYSEL YAKIŞAN', 121),
(363, 'KENAN SELÇUK ALBEN', 121),
(364, 'SEZİN ÖZCAN', 122),
(365, 'NAZIM ELGÖRMÜŞ', 122),
(366, 'ASUDAN TUĞÇE ÇÖL', 122),
(367, 'ERSAGUN SUMAN', 123),
(368, 'SERAP DEMİR', 123),
(369, 'MUHAMMED BAKLALI', 123),
(370, 'DEMİR HÖKE', 124),
(371, 'TUĞÇE DİNLER', 124),
(372, 'ENDER YAĞLI', 124),
(373, 'HÜSEYİN ONUR BAGLARS', 125),
(374, 'TÜLAY KURT', 125),
(375, 'AYŞE GÜLÇİN AKSU', 125),
(376, 'ERHAN AFŞAR', 126),
(377, 'SEMRA TEKİŞ', 126),
(378, 'HACER BEDER', 126),
(379, 'GÜNEŞ KORKMAZ', 127),
(380, 'METİN YABUL', 127),
(381, 'MEHMET HÜSEYİN ULUTAŞ', 127),
(382, 'HACER COŞKUN', 128),
(383, 'HASAN BİLEN EŞMEN', 128),
(384, 'HATİCE KOPTUR', 128),
(385, 'NURETTİN BAŞ', 129),
(386, 'SÜREYYA BURCU TAHTACI', 129),
(387, 'HACI MEHMET ÇELİKER', 129),
(388, 'MÜBERRA YENİGÜN', 130),
(389, 'YAVUZ SELİM ÇELEBİ', 130),
(390, 'MEHMET NURİ NART', 130),
(391, 'TAYFUR DURAN', 131),
(392, 'ŞAHABETTİN BÖLÜKBAŞ', 131),
(393, 'ONAT YENİAY', 131),
(394, 'TUĞBA KARPUZ', 132),
(395, 'LEMAN ATAK', 132),
(396, 'MUSACİDE ZEHRA KALYENCİ', 132),
(397, 'EVRİM ELBÜKEN', 133),
(398, 'EMRE SÖYLEMEZ', 133),
(399, 'HAMDİ YAĞLI', 133),
(400, 'BİLAL BARIŞ AKBAŞ', 134),
(401, 'TUĞRA TİLBE', 134),
(402, 'DUYGU TÜRKDOĞAN', 134),
(403, 'ABDURRAHMAN FUAT ÇELİKER', 135),
(404, 'ERDEM KAYMAN', 135),
(405, 'DENİZ DEMİREL', 135),
(406, 'ABDURRAHMAN FUAT ALMOFTI', 136),
(407, 'ZELİHA KISA', 136),
(408, 'KORAY SEÇKİN', 136),
(409, 'EKİN ÖZÜDOĞRU', 137),
(410, 'HACI KOPAN', 137),
(411, 'KENAN ATMIŞ', 137),
(412, 'COŞKUN ÇETİNKAYA', 138),
(413, 'ERSAGUN KELEŞ', 138),
(414, 'SERHAT ALBEN', 138),
(415, 'BEDRİ KARPUZ', 139),
(416, 'KEMAL GÖKTÜRK', 139),
(417, 'ŞERİFE YASEMİN DEMİRKOL', 139),
(418, 'FADIL KOÇAR', 140),
(419, 'FİKRİ ELVERDİ', 140),
(420, 'ÖVGÜ ANIL ÖZTÜRK', 140),
(421, 'TUBA HANIM KARPUZOĞLU', 141),
(422, 'EDİP GÜVENÇ ÇALIK', 141),
(423, 'ŞERAFETTİN İMALI', 141),
(424, 'HAMİT KANAT', 142),
(425, 'ONAT ÇAKMAK', 142),
(426, 'HAZEL BURAK', 142),
(427, 'FERDA BÜYÜK', 143),
(428, 'BAŞAK MERHAMETSİZ', 143),
(429, 'EMİNE AYÇA TÜTEN', 143),
(430, 'ESRA NUR PAKÖZ', 144),
(431, 'ADEM KARAGÖZ', 144),
(432, 'KÜRŞAT MERDEN', 144),
(433, 'MÜMÜNE TACİR', 145),
(434, 'AYDEMİR GEDÜK', 145),
(435, 'DERMAN ACARBULUT', 145),
(436, 'ÇETİN KEBAPCILAR', 146),
(437, 'ÖKKEŞ BAY', 146),
(438, 'ENVER BAŞYURT', 146),
(439, 'VEYSEL BÖLÜKBAŞ', 147),
(440, 'NURAY YAPAR', 147),
(441, 'EVREN ŞİMŞEK', 147),
(442, 'ŞERİFE YASEMİN EKİNCİ', 148),
(443, 'EKİN CANTAY', 148),
(444, 'AYSEL GÜZEL', 148),
(445, 'SERPİL KÖSE', 149),
(446, 'PINAR BOLAT', 149),
(447, 'HİLAYDA BERKAY', 149),
(448, 'ONAT YAZICI', 150),
(449, 'ZELİHA KOÇAR', 150),
(450, 'NAZIM GERDAN', 150),
(451, 'FARUK ŞELİMAN', 151),
(452, 'İHSAN ÇANTAY', 151),
(453, 'EDİP GÜVENÇ AZAR', 151),
(454, 'DİLBER TEKER', 152),
(455, 'PELİN KOÇOĞLU', 152),
(456, 'MUSTAFA FERHAT AKKAN', 152),
(457, 'BURHAN ARI', 153),
(458, 'ESİN SEREN PEKER', 153),
(459, 'ÇAĞLAR YİĞİT', 153),
(460, 'NİHAL BİLAL', 154),
(461, 'YURDAGÜL SAVAŞ', 154),
(462, 'SEDA ELÇİM BÜYÜKCAM', 154),
(463, 'AYKUT PAKÖZ', 155),
(464, 'ENGİN UYKUR', 155),
(465, 'OĞUZ KAAN LAĞARLI', 155),
(466, 'FIRAT KULAKSIZ', 156),
(467, 'AYŞE ŞENÖZ', 156),
(468, 'GAMZE BOZKUŞ', 156),
(469, 'TUNA KORKMAZOĞLU', 157),
(470, 'BAYRAM YALÇIN', 157),
(471, 'ALEVTİNA MUTLU', 157),
(472, 'LEVENT TAHTACI', 158),
(473, 'OĞUZHAN KUŞKU', 158),
(474, 'GÖZDE KÜBRA ÖZÇELİK', 158),
(475, 'ADNAN KAYIHAN', 159),
(476, 'FERDİ ATEŞ', 159),
(477, 'AYKAN KULAKSIZ', 159),
(478, 'KORAY KAYIHAN', 160),
(479, 'DERMAN TÜTEN', 160),
(480, 'NAZAN KARADENİZ', 160),
(481, 'BÜŞRA SULTAN UYKUR', 161),
(482, 'EVRİM BADEM', 161),
(483, 'HALİL İBRAHİM SANCAR', 161),
(484, 'AYSUN KULA', 162),
(485, 'SERAY YAĞLI', 162),
(486, 'GÜLDEN TATLI', 162),
(487, 'NEVROZ ÇANTAY', 163),
(488, 'GÖZDE KÜBRA PAKSOY', 163),
(489, 'GÖKAY ÇAMUR', 163),
(490, 'NAİME SILA BİLGİ', 164),
(491, 'DERMAN KÖSE', 164),
(492, 'BAHADIR AKINCI', 164),
(493, 'İBRAHİM BARIŞ MEŞE', 165),
(494, 'NİLGÜN TEKİŞ', 165),
(495, 'SERAP TEKİNSOY', 165),
(496, 'ABDULLAH ARİF ÜNAL', 166),
(497, 'NEVROZ KANAT', 166),
(498, 'BERFİN CAN BAKANAY', 166),
(499, 'ADNAN ATMIŞ', 167),
(500, 'FUNDA KISA', 167),
(501, 'DİDEM AYŞE TEKİŞ', 167),
(502, 'MELİHA ESRA YAZAK', 168),
(503, 'METİN MUTLU', 168),
(504, 'CEMİLE AYŞE KULA', 168),
(505, 'ŞEBNEM DAĞLI', 169),
(506, 'RÜŞTÜ YAKUT', 169),
(507, 'SEHER ÖZLEM BAKANAY', 169),
(508, 'VOLKAN IŞIK', 170),
(509, 'SÜREYYA BURCU ASENA', 170),
(510, 'FATİH RIFAT AKSAKAL', 170),
(511, 'EVREN DESTEGÜL', 171),
(512, 'BİLGİ KESİK', 171),
(513, 'TUBA ERKURAN', 171),
(514, 'MÜMÜNE SERTEL', 172),
(515, 'MUSTAFA KEMAL ÖZCAN', 172),
(516, 'FERİT KEBAPCILAR', 172),
(517, 'SERHAT YİĞİT', 173),
(518, 'ŞEYMA MELİHA BAYRAMOĞLU', 173),
(519, 'NİLÜFER TATLI', 173),
(520, 'BİREYLÜL OĞUZSOY', 174),
(521, 'İSMAİL MİKDAT BARAN', 174),
(522, 'EKİN AFŞAR', 174),
(523, 'MÜMÜNE KARAHAN', 175),
(524, 'AYDOĞAN NALBANT', 175),
(525, 'AYŞEGÜL DAYANGAÇ', 175),
(526, 'MUSTAFA KÜRŞAT KAHREMAN', 176),
(527, 'AYBÜKE ATAR', 176),
(528, 'SERHAT SÜLÜK', 176),
(529, 'NURİ ANIL ALTAŞ', 177),
(530, 'YAVUZ SELİM MAĞATUR', 177),
(531, 'ASLIHAN KOÇOĞLU', 177),
(532, 'COŞKUN UYANIK', 178),
(533, 'LATİFE ARTUÇ', 178),
(534, 'SEMRA KAVMAZ', 178),
(535, 'OĞUZ KAAN YALÇINKAYA', 179),
(536, 'BARAN GÜLSOY', 179),
(537, 'RABİA AKBUDAK', 179),
(538, 'SULTAN UZUNCA', 180),
(539, 'MERVE YALÇIN', 180),
(540, 'GÜLHANIM AKCAN', 180),
(541, 'SAMET GÜLER', 181),
(542, 'SÜHEYLA ASLANER', 181),
(543, 'İBRAHİM GİRAY', 181),
(544, 'ALİ SAVAŞ', 182),
(545, 'GONCA BARAN', 182),
(546, 'ANIL DORUK', 182),
(547, 'MUSTAFA AYVAZ', 183),
(548, 'AYSUN ERGÜLÜ', 183),
(549, 'SİMENDER KISAOĞLU', 183),
(550, 'ŞEBNEM GENÇDAL', 184),
(551, 'ASLIHAN ESRA AKTAŞ', 184),
(552, 'MERVE AKTAŞ', 184),
(553, 'MUHAMMET MURAT BAK', 185),
(554, 'ASUMAN DEMİRKOL', 185),
(555, 'SANCAR KUCUR', 185),
(556, 'GÜLSEN BÖLÜKBAŞ', 186),
(557, 'HASAN KADİR KAYACAN', 186),
(558, 'HANDE BALLI', 186),
(559, 'ÖNDER TURGUT BAL', 187),
(560, 'DURAN SANHAL', 187),
(561, 'ÖKKEŞ ACARBULUT', 187),
(562, 'NEZİH AKINCI', 188),
(563, 'BESTE HODJAOGLU', 188),
(564, 'NEVRİYE KÜÇÜKÖZKAN', 188),
(565, 'AYSUN DERE', 189),
(566, 'AYDOĞAN DİLLİ', 189),
(567, 'CANSU SELCAN DAĞLI', 189),
(568, 'HACI AKSAKAL', 190),
(569, 'REFAETTİN KÜÇÜK', 190),
(570, 'ESİN SEREN ÇETER', 190),
(571, 'HATİCE KAYLAN', 191),
(572, 'İLKAY GENÇDAL', 191),
(573, 'ERAY ÇALIK', 191),
(574, 'KENAN SELÇUK NİZAM', 192),
(575, 'FATİH YAMAK', 192),
(576, 'AHMET KOÇ', 192),
(577, 'ERSAGUN NİZAM', 193),
(578, 'ANDAÇ DAĞLIOĞLU', 193),
(579, 'NEVRİYE DİNLER', 193),
(580, 'YASİN ŞENTÜRK', 194),
(581, 'HAZEL İNAL', 194),
(582, 'OĞUZHAN AKINCI', 194),
(583, 'ABDULSAMET ATAK', 195),
(584, 'AYBÜKE KARAHAN', 195),
(585, 'SELMA BAŞYİĞİT', 195),
(586, 'YELDA SİVRİ', 196),
(587, 'BELMA ASLAN', 196),
(588, 'SEDAT NALBANT', 196),
(589, 'NEZİH GÜZEL', 197),
(590, 'TUĞBA SEÇKİN', 197),
(591, 'DERYA TEKER', 197),
(592, 'EDİP GÜVENÇ MALÇOK', 198),
(593, 'TUĞÇE YAMAN', 198),
(594, 'SEZEN KAÇIRA', 198),
(595, 'MAHİR KARAKUŞ', 199),
(596, 'ZÜLFİYE KÖROĞLU', 199),
(597, 'EMRAH DİNÇER', 199),
(598, 'HİKMET EKİN ATEŞ', 200),
(599, 'CANSU SELCAN GENÇER', 200),
(600, 'MEHMET MURAT KUYUCU', 200),
(601, 'ESRA CAN GÖKSOY', 201),
(602, 'SAYGIN GEDİKLİ', 201),
(603, 'ABDULLAH ARİF ŞENGÜL', 201),
(604, 'ORÇUN TOPÇU', 202),
(605, 'ÇAĞRI ÇETİN', 202),
(606, 'ABDULLAH ARİF KARAHAN', 202),
(607, 'GONCA PAKSOY', 203),
(608, 'MUSTAFA CİHAD AKSEL', 203),
(609, 'PELİN ÇİFTCİ', 203),
(610, 'DİDEM AYŞE KÖROĞLU', 204),
(611, 'ALMALA PINAR GÜLŞAN', 204),
(612, 'YILDIRIM KARA', 204),
(613, 'KEMAL KAPÇAK', 205),
(614, 'UTKU ACAR', 205),
(615, 'YAVUZ TEZEL', 205),
(616, 'HASAN TEKİR', 206),
(617, 'CEM ÇÖL', 206),
(618, 'EMRE KALYENCİ', 206),
(619, 'RABİA ÇANTAY', 207),
(620, 'ELİF ÇİLER ERGÜLÜ', 207),
(621, 'FEVZİYE ACARBULUT', 207),
(622, 'İRFAN ÇINARLIK', 208),
(623, 'ASUDAN TUĞÇE KAHRAMAN', 208),
(624, 'İLKER KARAKUM', 208),
(625, 'PINAR SULHAN', 209),
(626, 'ATILGAN KUŞKU', 209),
(627, 'SALİHA SANEM SEVEN', 209),
(628, 'SEVİL SÖYLEMEZ', 210),
(629, 'HAYRİ DEMİRTAŞ', 210),
(630, 'UTKU AKIŞ', 210),
(631, 'URAL ARTUÇ', 211),
(632, 'UFUK HÖKE', 211),
(633, 'OĞUZ KAAN ACARBULUT', 211),
(634, 'ABDURRAHMAN FUAT ASENA', 212),
(635, 'MESUT ÇELİKER', 212),
(636, 'ALMALA PINAR TEKER', 212),
(637, 'BURÇİN KOPAN', 213),
(638, 'SEÇİL UYAR', 213),
(639, 'GÜLDEN AKSOY', 213),
(640, 'AYBÜKE AKIN', 214),
(641, 'EMİNE AYÇA KUŞKU', 214),
(642, 'ÖMER ÖZKAN SEZER', 214),
(643, 'İSMAİL MİKDAT DEMİRCAN', 215),
(644, 'MEHMET ÖZGÜR YENİAY', 215),
(645, 'ZÜHAL TEKİN', 215),
(646, 'GANİM KARAHAN', 216),
(647, 'MUSTAFA FERHAT DAM', 216),
(648, 'UMUT SİNAN KAHRAMAN', 216),
(649, 'HALİL ÖVEN', 217),
(650, 'ELİF KAPÇAK', 217),
(651, 'YAŞAR GÖKHAN YARDIMCI', 217),
(652, 'AYDIN ARTUÇ', 218),
(653, 'MÜNEVER SELÇUK', 218),
(654, 'TAYFUR EROĞLU', 218),
(655, 'MEHRİ ATAK', 219),
(656, 'ABDULLAH ARİF CAF', 219),
(657, 'FERİT PİRİ', 219),
(658, 'NEZİH TİLBE', 220),
(659, 'BESTE YÜCETÜRK', 220),
(660, 'OĞUZ YÜZER', 220),
(661, 'CEMİL BAZ', 221),
(662, 'FİLİZ ORHAN', 221),
(663, 'MUHAMMET TAYYİP ÖZBEYLER', 221),
(664, 'FERDİ ÇINARLIK', 222),
(665, 'SELÇUK KELEŞ', 222),
(666, 'HAÇÇE LEYMUNÇİÇEĞİ', 222),
(667, 'DERMAN AHÇI', 223),
(668, 'TİMUR BAYRAMOĞLU', 223),
(669, 'CEYHUN MERHAMETSİZ', 223),
(670, 'GÜLAY ÇETİN', 224),
(671, 'FERAT ÇETİNKAYA', 224),
(672, 'RÜŞTÜ KELEŞ', 224),
(673, 'GÜRKAN GERDAN', 225),
(674, 'DİDEM AYŞE TATLI', 225),
(675, 'ERKAN SABRİ MENDEŞ', 225),
(676, 'BELGİN EMİNE TAŞKIN', 226),
(677, 'MEHRİ KAPÇAK', 226),
(678, 'ÜMMÜGÜLSÜM GÜVEREN', 226),
(679, 'HASAN KADİR BOLAT', 227),
(680, 'ALİ AKIŞ', 227),
(681, 'MUSTAFA KÜRŞAT TEZEL', 227),
(682, 'EZGİ TURĞUT', 228),
(683, 'İSMAİL MİKDAT YAVAŞİ', 228),
(684, 'NEVRİYE KANAT', 228),
(685, 'ŞEYMA MELİHA ÇEVİK', 229),
(686, 'MÜJDAT OĞUZSOY', 229),
(687, 'MAHSUM NART', 229),
(688, 'HÜSEYİN KUNTER GÜNEŞ', 230),
(689, 'BURCU BOZOĞLAN', 230),
(690, 'AYŞEGÜL SARAÇOĞLU', 230),
(691, 'MEHMET HİLMİ ŞENGÜL', 231),
(692, 'VOLKAN SÖYLEMEZ', 231),
(693, 'MAHMUT NURİ BERKAY', 231),
(694, 'ÇAVLAN ADISANLI', 232),
(695, 'EMİNE ÇİFT', 232),
(696, 'KORAY AKBUDAK', 232),
(697, 'MAHMUT NURİ DURAN', 233),
(698, 'NAZAN TANRİVERDİ', 233),
(699, 'EBRU BAGLARS', 233),
(700, 'YİĞİT MENDEŞ', 234),
(701, 'RIFAT SAĞLAM', 234),
(702, 'SUNA BAŞYİĞİT', 234),
(703, 'TUBA HANIM ÖNER', 235),
(704, 'ZİYA ÖZKURT', 235),
(705, 'ANDAÇ MURT', 235),
(706, 'FADIL AYKUŞ', 236),
(707, 'MUAMMER AKCAN', 236),
(708, 'MUAMMER KORKMAZ', 236),
(709, 'ÖZGÜR SİNAN ÇETİN', 237),
(710, 'MÜBERRA SAVAŞ', 237),
(711, 'FERİT AKIN', 237),
(712, 'SERVET TIRAŞ', 238),
(713, 'NAZAN KÜÇÜKÖZKAN', 238),
(714, 'SARE ÇETİNER', 238),
(715, 'UTKU KAÇIRA', 239),
(716, 'BİLAL BARIŞ BAGLARS', 239),
(717, 'EYLEM KARAKUŞ', 239),
(718, 'TUBA HANIM YENİGÜN', 240),
(719, 'BETÜL KAYIHAN', 240),
(720, 'TÜLAY ULUTAŞ', 240),
(721, 'HÜSEYİN ONUR AKAR', 241),
(722, 'HAKAN GÖKALP', 241),
(723, 'ANIL YURDSEVEN', 241),
(724, 'BAYRAM KURU', 242),
(725, 'GONCA OLGAÇ', 242),
(726, 'ELİFCAN ZİLELİGİL', 242),
(727, 'TUĞBA KAHREMAN', 243),
(728, 'CENGİZ OYNAK', 243),
(729, 'MUSTAFA CİHAD AKSEL', 243),
(730, 'TUBA NACAROĞLU', 244),
(731, 'AYSUN YEŞİLOVA', 244),
(732, 'GÖZDE KÜBRA AYTAÇ', 244),
(733, 'MERAL İBİŞOĞLU', 245),
(734, 'NİZAMETTİN AVLANIR', 245),
(735, 'MUSTAFA GÜRHAN BAZ', 245),
(736, 'SÜLEYMAN DAYANGAÇ', 246),
(737, 'FATMA SELCEN KORKMAZOĞLU', 246),
(738, 'SALİHA SANEM İLİK', 246),
(739, 'HÜSEYİN KUNTER İLİK', 247),
(740, 'BİLGE AYKUŞ', 247),
(741, 'IŞIK DURAN', 247),
(742, 'AYŞEGÜL ADANIR', 248),
(743, 'KENAN KÖSE', 248),
(744, 'ABDULLAH ARİF KUCUR', 248),
(745, 'BERRİN TARAKCI', 249),
(746, 'MUHAMMED HASAN EVCİ', 249),
(747, 'ESRA NUR KARACA', 249),
(748, 'ÖZDEN CAMCI', 250),
(749, 'ZÜLFİYE KAYLAN', 250),
(750, 'AYŞE GÜL NALBANT', 250),
(751, 'ESİN ÜLGER', 251),
(752, 'TÜLAY GENEL', 251),
(753, 'AHMET EMRE KULAKSIZ', 251),
(754, 'PERVİN ÖNAL', 252),
(755, 'SELÇUK ÜLGER', 252),
(756, 'SEDAT SAVAŞ', 252),
(757, 'AYŞE GİZEM YENİÇERİ', 253),
(758, 'ÇAĞRI YAZICI', 253),
(759, 'YASEMİN SAÇLI', 253),
(760, 'COŞKUN KONUK', 254),
(761, 'NURETTİN GEDÜK', 254),
(762, 'SENEM EROĞLU', 254),
(763, 'NİHAL MALÇOK', 255),
(764, 'KIYMET ÖĞÜTMEN', 255),
(765, 'MEHMET HİLMİ SULHAN', 255),
(766, 'CEYHAN YAMAN', 256),
(767, 'ESER BAGLARS', 256),
(768, 'RİFAT CAN ERSOY', 256),
(769, 'SEDAT TANRİVERDİ', 257),
(770, 'GÜLTEKİN  GÜNHAN GÜLSOY', 257),
(771, 'DİLARA KARADENİZ', 257),
(772, 'SEBİHA EYÜP', 258),
(773, 'SUAT ÜNAL', 258),
(774, 'ERCAN SEVEN', 258),
(775, 'AYBEGÜM AKBAŞ', 259),
(776, 'HÜSEYİN KUNTER TAŞKIRAN', 259),
(777, 'MUSTAFA KÜRŞAT BÖLÜKBAŞ', 259),
(778, 'SEVİL ATASOY', 260),
(779, 'YUNUS GÜLEÇ', 260),
(780, 'EVRİM MERHAMETSİZ', 260),
(781, 'NURDAN NİMETİGİL', 261),
(782, 'İBRAHİM BARIŞ SADUNOĞLU', 261),
(783, 'ADNAN AKMAN', 261),
(784, 'ZERRİN AHÇI', 262),
(785, 'NEVROZ DAL', 262),
(786, 'SANCAR KARASU', 262),
(787, 'BELGİN ELÇİ', 263),
(788, 'RÜŞTÜ KARAMAHMUTOĞLU', 263),
(789, 'NURDAN BERENT', 263),
(790, 'ATİLLA SÜLEYMAN ÜNLÜ', 264),
(791, 'ORGÜL DERYA NART', 264),
(792, 'HAZEL KAYKISIZ', 264),
(793, 'ZİYA SADUNOĞLU', 265),
(794, 'TUĞBA ATMIŞ', 265),
(795, 'FEYZA BAK', 265),
(796, 'EMİŞ BÖLÜKBAŞ', 266),
(797, 'MELİKE SEÇKİN', 266),
(798, 'SAMET AKINCI', 266),
(799, 'ALPER KIRAN', 267),
(800, 'ATİLLA SÜLEYMAN YEŞİLFİDAN', 267),
(801, 'EMRAH TAŞKIN', 267),
(802, 'AYŞE TARAKCI', 268),
(803, 'GÖKTEKİN BAYRAMOĞLU', 268),
(804, 'GÖKAY GÖKTÜRK', 268),
(805, 'NİLÜFER OYNAK', 269),
(806, 'RAMAZAN ÖZAYDIN', 269),
(807, 'YETKİN HİÇYILMAZ', 269),
(808, 'FIRAT İMALI', 270),
(809, 'SİMGE YAMAN', 270),
(810, 'MUSTAFA KÜRŞAT ÖZÜDOĞRU', 270),
(811, 'YENER DAL', 271),
(812, 'OĞUZHAN YEŞİLOVA', 271),
(813, 'BAŞAK NALBANT', 271),
(814, 'BELMA ARTUÇ', 272),
(815, 'DENİZ ATEŞ', 272),
(816, 'BURÇİN ÇETİNKAYA', 272),
(817, 'ABDURRAHMAN FUAT ÇALIK', 273),
(818, 'ELİF CEREN NİZAM', 273),
(819, 'YETKİN YAZAK', 273),
(820, 'ESİN DAĞLI', 274),
(821, 'EMİNE DİLEK DAĞLI', 274),
(822, 'YENER ADANIR', 274),
(823, 'RÜŞTÜ GÜLEÇ', 275),
(824, 'MUSACİDE ZEHRA SELVİOĞLU', 275),
(825, 'TEVFİK ÖZGÜN KAZAN', 275),
(826, 'TUNA BAZ', 276),
(827, 'GÜNEŞ KARAKUM', 276),
(828, 'MEHMET ÖZGÜR BURAK', 276),
(829, 'UMUT ELGÖRMÜŞ', 277),
(830, 'GÜLHANIM ARSLAN', 277),
(831, 'SERPİL EKİZ', 277),
(832, 'MEHMET HÜSEYİN MAVİ', 278),
(833, 'FEYZA ASLANER', 278),
(834, 'AYBÜKE TÜTEN', 278),
(835, 'ASLIHAN ESRA ÖZER', 279),
(836, 'AYBEGÜM SEÇKİN', 279),
(837, 'EMİŞ BİNNETOĞLU', 279),
(838, 'ULAŞ EVCİ', 280),
(839, 'FATİH YÜZER', 280),
(840, 'ŞEYMA MELİHA TEKİNSOY', 280),
(841, 'BELGİN KUCUR', 281),
(842, 'GÜHER İMALI', 281),
(843, 'GÜLPERİ YARDIMCI', 281),
(844, 'NİHAT BERKAY KAYKISIZ', 282),
(845, 'EKİN SELVİOĞLU', 282),
(846, 'MEHMET REŞİT EKİZ', 282),
(847, 'YAKUP OLGAÇ', 283),
(848, 'ESEN İBRAHİM KONUK', 283),
(849, 'SALİHA KARAAĞAÇ', 283),
(850, 'BİLGE ATMIŞ', 284),
(851, 'ASLI KARPUZ', 284),
(852, 'ATİYE MELTEM KURUL', 284),
(853, 'GÜLPERİ SÜLÜK', 285),
(854, 'MELİKE ÇİFTCİ', 285),
(855, 'İLKER ERDOĞAN', 285),
(856, 'SİBEL SELVİOĞLU', 286),
(857, 'DİDEM AYŞE YENİAY', 286),
(858, 'ÖZGÜR SİNAN DAĞLI', 286),
(859, 'DERYA KONUK', 287),
(860, 'MUSTAFA ULAŞ DENİZ', 287),
(861, 'YASEMİN EROL', 287),
(862, 'CEMİLE AYŞE EYÜP', 288),
(863, 'SALİHA SEÇKİN', 288),
(864, 'SONER DİNÇER', 288),
(865, 'BURCU AYTAÇ', 289),
(866, 'SİMENDER KAHRAMAN', 289),
(867, 'ELİF CEREN ÖZTÜRK', 289),
(868, 'ELİFCAN SEÇKİN', 290),
(869, 'ZİYA YAKIŞAN', 290),
(870, 'HACI MEHMET KARABAĞ', 290),
(871, 'HATİCE ALTAŞ', 291),
(872, 'ŞAHABETTİN KANKILIÇ', 291),
(873, 'UMUT SİNAN TATLI', 291),
(874, 'YENER TAŞLI', 292),
(875, 'SELİM TEKİN', 292),
(876, 'AYŞE GİZEM YANCAR', 292),
(877, 'KÜRŞAT İRİS', 293),
(878, 'ÇETİN AYDIN', 293),
(879, 'SÜHEYLA ŞİMŞEK', 293),
(880, 'ADEM İNAL', 294),
(881, 'HÜSEYİN KUNTER AHISKALI', 294),
(882, 'SEBİHA ATAK', 294),
(883, 'DİLBER ALICI', 295),
(884, 'OĞUZ KAAN BERTAN', 295),
(885, 'OKAN MART', 295),
(886, 'GAMZE YÜCEL', 296),
(887, 'OĞUZ ORTA', 296),
(888, 'TUBA HANIM ADISANLI', 296),
(889, 'MERT CAMCI', 297),
(890, 'CEM İNAN İZCİ', 297),
(891, 'MESUT AKBAŞ', 297),
(892, 'DUYGU BAZ', 298),
(893, 'NURAY ERKURAN', 298),
(894, 'AYŞE GÜLÇİN KÜÇÜK', 298),
(895, 'NİHAL YÜZER', 299),
(896, 'YUSUF ALPER GÜNGÖR', 299),
(897, 'YAVUZ SELİM BULUT', 299),
(898, 'UMUT MEŞE', 300),
(899, 'FİKRİ ÇETİNER', 300),
(900, 'IŞIN AKTAŞ', 300),
(901, 'FERİT ASLANER', 301),
(902, 'GAMZE BÜYÜKCAM', 301),
(903, 'BELGİN DİLEK', 301),
(904, 'İLKAY COŞGUN', 302),
(905, 'SEHER ÖZLEM TATLI', 302),
(906, 'FİKRİ GÜLDAMLA', 302),
(907, 'TUBA AKKÜÇÜK', 303),
(908, 'CEREN BİLGİN', 303),
(909, 'SONGÜL KURT', 303),
(910, 'UĞURAY DAYANGAÇ', 304),
(911, 'ÖZGÜR YENİDÜNYA', 304),
(912, 'ŞEBNEM GÜLTEKİN', 304),
(913, 'NURİ ANIL ANIK', 305),
(914, 'ANIL ŞELİMAN', 305),
(915, 'DEMET SANCAR', 305),
(916, 'BERFİN ATAR', 306),
(917, 'CEM ÖZKURT', 306),
(918, 'BURAK BERENT', 306),
(919, 'MEHMET HÜSEYİN KUDAY', 307),
(920, 'MAHPERİ ÇANTAY', 307),
(921, 'CAN GÜL', 307),
(922, 'HALİL İBRAHİM ARAS', 308),
(923, 'MEHRİ ÜNAL', 308),
(924, 'AYBEGÜM TÜTEN', 308),
(925, 'GÜNEŞ BALSAK', 309),
(926, 'CENGİZ ÖVEN', 309),
(927, 'NURAY ŞENGÜL', 309),
(928, 'İHSAN SÖNMEZ', 310),
(929, 'SERÇİN YENİDÜNYA', 310),
(930, 'EMİŞ AKIŞ', 310),
(931, 'FERDİ KARABAĞ', 311),
(932, 'HÜSEYİN ONUR BAL', 311),
(933, 'YAŞAR GÖKHAN YENİÇERİ', 311),
(934, 'SEVGİ TEKİŞ', 312),
(935, 'ANIL ÖTER', 312),
(936, 'GÖKAY GÜLDAMLA', 312),
(937, 'SONGÜL AKAR', 313),
(938, 'SEDEF NUHVEREN', 313),
(939, 'ALPER ATASOY', 313),
(940, 'İSMAİL YAVUZ ERASLAN', 314),
(941, 'NAZIM ÖZAYDIN', 314),
(942, 'ENDER AK', 314),
(943, 'OĞUZHAN ŞATIROĞLU', 315),
(944, 'BESTE ÖZER', 315),
(945, 'MÜJDAT DEMİRER', 315),
(946, 'NURAY BALLI', 316),
(947, 'FAİK KAZAN', 316),
(948, 'TAHSİN BATUHAN BAŞTEMİR', 316),
(949, 'MUSTAFA ERSAGUN YAKUT', 317),
(950, 'DUÇEM KÖSE', 317),
(951, 'ONAT EKİNCİ', 317),
(952, 'SULTAN DAYANGAÇ', 318),
(953, 'ABDULSAMET KAYMAN', 318),
(954, 'GÜLPERİ YAĞAN', 318),
(955, 'SÜHEYLA AYÇA AFŞAR', 319),
(956, 'AYŞEGÜL SAĞLAM', 319),
(957, 'SEVİL AKGÜN', 319),
(958, 'SERDAR BORA ÜZER', 320),
(959, 'KIYMET GÜLDAMLA', 320),
(960, 'NURİ ANIL NUHVEREN', 320),
(961, 'HALİL DAM', 321),
(962, 'ZÜMRÜT ELA AKCAN', 321),
(963, 'HÜSEYİN ONUR NİMETİGİL', 321),
(964, 'ERKAN SABRİ BAGLARS', 322),
(965, 'ÖZGE BOZKUŞ', 322),
(966, 'İRFAN LEYMUNÇİÇEĞİ', 322),
(967, 'EVREN TEMLİ', 323),
(968, 'HURİYE KELEŞ', 323),
(969, 'ZÜHAL SAĞLAM', 323),
(970, 'AYBÜKE DÜNDAR', 324),
(971, 'MUHLİS BAL', 324),
(972, 'KIYMET ERKURAN', 324),
(973, 'İHSAN KARAMAHMUTOĞLU', 325),
(974, 'ESER DORUK', 325),
(975, 'UMUT SEDA BOZOĞLAN', 325),
(976, 'NAZAN ALMACIOĞLU', 326),
(977, 'MUSTAFA GÜRHAN ASENA', 326),
(978, 'HACI MEHMET KORKMAZOĞLU', 326),
(979, 'ERKAN KARABAĞ', 327),
(980, 'ZÜLFİYE GÖKALP', 327),
(981, 'ÜLKÜHAN BİNNETOĞLU', 327),
(982, 'ERHAN USTAALİOĞLU', 328),
(983, 'DENİZ ARSLANKEÇECİOĞLU', 328),
(984, 'NURETTİN ASENA', 328),
(985, 'IŞIN TÜRKDOĞAN', 329),
(986, 'ASLIHAN KULAÇ', 329),
(987, 'ÇAĞDAŞ ALICI', 329),
(988, 'GÜLSEN UZUNCAN', 330),
(989, 'İBRAHİM BARIŞ AK', 330),
(990, 'NEZİH ÖZAYDIN', 330),
(991, 'BEDRİ YAMAK', 331),
(992, 'BİREYLÜL TEKİN', 331),
(993, 'SANCAR SANCAR', 331),
(994, 'SALİHA SANEM BERTAN', 332),
(995, 'YAŞAR GÖKHAN OLGAÇ', 332),
(996, 'SEDA OYNAK', 332),
(997, 'ŞAHİNDE İLHAN', 333),
(998, 'MEHMET NURİ AKPINAR', 333),
(999, 'ÖZGE BAŞ', 333),
(1000, 'AYHAN TAHTACI', 334),
(1001, 'ABDULLAH DİLMEN', 334),
(1002, 'GÜNEŞ TAŞ', 334),
(1003, 'DERVİŞ ÇİLDİR', 335),
(1004, 'TUĞBA ŞENGÜL', 335),
(1005, 'EKİN YAZAK', 335),
(1006, 'ZİYA GÜVEREN', 336),
(1007, 'FATMA ECE NALBANT', 336),
(1008, 'COŞKUN ÖNER', 336),
(1009, 'SANCAR YÜZER', 337),
(1010, 'HACİ HALİL BAHÇEBAŞI', 337),
(1011, 'UMUT SEDA DİNLER', 337),
(1012, 'FAİK ERKAN', 338),
(1013, 'GÜLNAME ACARBULUT', 338),
(1014, 'ELİF ÇİLER GÜVEN', 338),
(1015, 'EVRİM KÖROĞLU', 339),
(1016, 'EVREN ELÇİ', 339),
(1017, 'SUNA SERTEL', 339),
(1018, 'ALİ OZAN BAY', 340),
(1019, 'ABDURRAHMAN FUAT YAMAN', 340),
(1020, 'AYSEL KALYENCİ', 340),
(1021, 'MUHAMMET TAYYİP BULUR', 341),
(1022, 'EMRAH KEMAL ÇETİNER', 341),
(1023, 'ZAFER ÖZANLAĞAN', 341),
(1024, 'SERHAT SARAÇOĞLU', 342),
(1025, 'OSMAN KURU', 342),
(1026, 'MERVE MURT', 342),
(1027, 'PERVİN ÖZTÜRK', 343),
(1028, 'GÜRKAN SANHAL', 343),
(1029, 'YELDA TÜRKDOĞAN', 343),
(1030, 'FİKRİ EŞMEN', 344),
(1031, 'MUSACİDE ZEHRA BEREKET', 344),
(1032, 'EMRAH YANCAR', 344),
(1033, 'DENİZ ELVERDİ', 345),
(1034, 'ALİ KINIK', 345),
(1035, 'ASUMAN TURGUT', 345),
(1036, 'NURAN YEŞİLFİDAN', 346),
(1037, 'DEMET ELVERDİ', 346),
(1038, 'SEDA ELÇİM ULUTAŞ', 346),
(1039, 'UMUT BAKANAY', 347),
(1040, 'İRFAN GÜLEÇ', 347),
(1041, 'OKAN ÇİFTCİ', 347),
(1042, 'İLHAN YAPAR', 348),
(1043, 'GÜLSEN KANAT', 348),
(1044, 'HAÇÇE ŞAHİN', 348),
(1045, 'AHMET KORKMAZ', 349),
(1046, 'DEMİR KARAAĞAÇ', 349),
(1047, 'FERİT BULUT', 349),
(1048, 'GÜLHANIM BAHÇECİ', 350),
(1049, 'AYDOĞAN NİZAM', 350),
(1050, 'EYLEM KÖKSAL', 350),
(1051, 'YENER KUTAN', 351),
(1052, 'DUYGU ÖZİŞ', 351),
(1053, 'AYKUT ŞATIROĞLU', 351),
(1054, 'ŞAHİNDE İLİK', 352),
(1055, 'NİHAL EKİNCİ', 352),
(1056, 'ESRA NUR TÜLÜBAŞ', 352),
(1057, 'MUAMMER HAYRİ ÖZÇAY', 353),
(1058, 'SEDA TANRİVERDİ', 353),
(1059, 'AYŞE GÜL ASENA', 353),
(1060, 'SİMGE ÇÖL', 354),
(1061, 'TANSU IŞIK', 354),
(1062, 'ERKAN SABRİ YARDIMCI', 354),
(1063, 'HASAN NALBANT', 355),
(1064, 'NİLGÜN GEÇMEN', 355),
(1065, 'HAYRİ AKBUDAK', 355),
(1066, 'MEHRİ SARAÇ', 356),
(1067, 'NEVROZ KANSU', 356),
(1068, 'İBRAHİM HALİL ÇAMUR', 356),
(1069, 'SEHER ÖZLEM TEKİNSOY', 357),
(1070, 'COŞKUN BÜYÜKCAM', 357),
(1071, 'HİLAYDA ÖZCAN', 357),
(1072, 'ÖZGE PEKER', 358),
(1073, 'GİZEM AKŞAHİN', 358),
(1074, 'VELAT KAÇIRA', 358),
(1075, 'BİLGİN KAYIHAN', 359),
(1076, 'ALİ SEÇKİN YALÇIN', 359),
(1077, 'MÜMTAZ KUCUR', 359),
(1078, 'MAHPERİ YENİÇERİ', 360),
(1079, 'BERFİN CAN MEŞE', 360),
(1080, 'HAYRİYE ÖZTÜRK', 360),
(1081, 'OKAN ÜNLÜ', 361),
(1082, 'YURDAGÜL DİLEK', 361),
(1083, 'MEHMET REŞİT TÜRKOĞLU', 361),
(1084, 'UMUT SEDA AKPINAR', 362),
(1085, 'ALİ SÜRÜM', 362),
(1086, 'TUĞBA GÜZEL', 362),
(1087, 'METİN İSTEK', 363),
(1088, 'KALENDER AKSAKAL', 363),
(1089, 'MÜMÜNE ÇETİNKAYA', 363),
(1090, 'GÜLPERİ AYDEMİR', 364),
(1091, 'ŞERİFE YASEMİN ÇAMUR', 364),
(1092, 'SİBEL ANIK', 364),
(1093, 'AYŞE GÜL KARA', 365),
(1094, 'ERKAN SABRİ GÜVEREN', 365),
(1095, 'MEHRİ ŞAHİN', 365),
(1096, 'FERDİ GÖRMÜŞ', 366),
(1097, 'ŞEREF CAN KOÇOĞLU', 366),
(1098, 'ÖZGÜR ERASLAN', 366),
(1099, 'SİNAN KOÇAR', 367),
(1100, 'NURİ ANIL KÖSE', 367),
(1101, 'ESER UZUNCA', 367),
(1102, 'HASAN BİLEN ACARBULUT', 368),
(1103, 'YUSUF ALPER UZUNCAN', 368),
(1104, 'GÜRKAN KARAHAN', 368),
(1105, 'YİĞİT BULUR', 369),
(1106, 'GÜNDEM SİVRİ', 369),
(1107, 'ABDÜLSAMET SÜRÜM', 369),
(1108, 'EMRAH KEMAL SAVAŞ', 370),
(1109, 'FATMA BÜYÜKCAM', 370),
(1110, 'MUSTAFA ERSAGUN YEŞİLFİDAN', 370),
(1111, 'ZEYNEP İZCİ', 371),
(1112, 'EMİNE ATAK', 371),
(1113, 'NAFİYE BAKAR', 371),
(1114, 'BENHUR ŞİRVAN İSEN', 372),
(1115, 'EMİNE DAYANGAÇ', 372),
(1116, 'SARE ÇELİK', 372),
(1117, 'SALİHA SANEM KALYENCİ', 373),
(1118, 'HABİL TAHTACI', 373),
(1119, 'ABDULLAH KARABAĞ', 373),
(1120, 'ŞADİYE SELİN ÖZKURT', 374),
(1121, 'FATİH TATAR', 374),
(1122, 'ESRA NUR ÇANTAY', 374),
(1123, 'BARIŞ TAHTACI', 375),
(1124, 'VELAT SAVAŞ', 375),
(1125, 'SEMİNE YAKIŞAN', 375),
(1126, 'IŞIK CAF', 376),
(1127, 'ÜLKÜHAN ALTAŞ', 376),
(1128, 'FERDA MERHAMETSİZ', 376),
(1129, 'MEHMET BURHAN YANCAR', 377),
(1130, 'EYÜP ACARBULUT', 377),
(1131, 'İBRAHİM BARIŞ GÜVEN', 377),
(1132, 'OLCAY BAŞAK ÖZAYDIN', 378),
(1133, 'MUHAMMED TAHA ATMIŞ', 378),
(1134, 'ÜMİT GEDİKLİ', 378),
(1135, 'ALİ SEÇKİN YAMAN', 379),
(1136, 'AYŞE GEDİKLİ', 379),
(1137, 'MEHMET NURİ ASENA', 379),
(1138, 'ESER SULHAN', 380),
(1139, 'DİLEK KARABAĞ', 380),
(1140, 'CEM İNAN ATASOY', 380),
(1141, 'YILDIZ GÜVEN', 381),
(1142, 'YAKUP ÇETİN', 381),
(1143, 'GÜLTEKİN  GÜNHAN ÇELİK', 381),
(1144, 'GÖZDE KÜBRA ELÇİ', 382),
(1145, 'SARE AKGÜN', 382),
(1146, 'ASUDAN TUĞÇE TAŞKIRAN', 382),
(1147, 'ÖZGÜR SİNAN TOLA', 383),
(1148, 'ŞENAY ÖZCAN', 383),
(1149, 'SERHAT BURKAY AKKÜÇÜK', 383),
(1150, 'MELİHA ESRA ÇİFTCİ', 384),
(1151, 'NAZIM AKINCI', 384),
(1152, 'BİLGİ AVCI', 384),
(1153, 'CEM ÖZTÜRK', 385),
(1154, 'YELDA GÜRBOSTAN', 385),
(1155, 'GAMZE PINAR KÜÇÜKÖZKAN', 385),
(1156, 'BESTE DUYU', 386),
(1157, 'YASİN ARSLANKEÇECİOĞLU', 386),
(1158, 'MUHAMMET MUSTAFA GÜNEŞ', 386),
(1159, 'MUSTAFA CİHAD UYAR', 387),
(1160, 'ASLI AYTAÇ', 387),
(1161, 'SEDA ELÇİM KISAOĞLU', 387),
(1162, 'NEZİH DAĞLI', 388),
(1163, 'DİDEM AYŞE SAVAŞ', 388),
(1164, 'MERAL BEREKET', 388),
(1165, 'MEHTAP YAZAK', 389),
(1166, 'RIFAT ÇELEBİ', 389),
(1167, 'GÜLPERİ BAKANAY', 389),
(1168, 'GÜNEŞ YEŞİLFİDAN', 390),
(1169, 'SONER AKBAŞ', 390),
(1170, 'ZÜLFİYE CANİK', 390),
(1171, 'EMRAH KEMAL ÖKMEN', 391),
(1172, 'ŞEYMA MELİHA KOÇAR', 391),
(1173, 'GANİM GÜVEN', 391),
(1174, 'FIRAT SADUNOĞLU', 392),
(1175, 'MAHMUT NURİ TARAKCI', 392),
(1176, 'HAYRİ BERKAY', 392),
(1177, 'ZERRİN BÜYÜKCAM', 393),
(1178, 'BAVER UÇAR', 393),
(1179, 'GÖZDE KÜBRA NİMETİGİL', 393),
(1180, 'PINAR SARAÇ', 394),
(1181, 'ZEYNEP GÖKÇE KADI', 394),
(1182, 'ÖMER ÖZKAN BİLGİ', 394),
(1183, 'SERPİL KARABAĞ', 395),
(1184, 'MUHAMMED HASAN ÇALIK', 395),
(1185, 'FATİH HİÇYILMAZ', 395),
(1186, 'GÜRKAN ASENA', 396),
(1187, 'OSMAN ERSEGUN ÜLGER', 396),
(1188, 'AYDEMİR AHÇI', 396),
(1189, 'YASEMİN SELÇUK', 397),
(1190, 'RÜŞTÜ ARI', 397),
(1191, 'NEVRİYE KILINÇ', 397),
(1192, 'MEHMET ÖZER ÇEVİK', 398),
(1193, 'EMEL EYLEN', 398),
(1194, 'SERÇİN PAKSOY', 398),
(1195, 'ÖMER ÖZKAN AVCIOĞLU', 399),
(1196, 'FATMA ESİN SEVEN', 399),
(1197, 'TANSU YENİÇERİ', 399),
(1198, 'SEYHAN KULAKSIZ', 400),
(1199, 'SERKAN ARAS', 400),
(1200, 'HÜSEYİN KUNTER ÖZTÜRK', 400),
(1201, 'EMİNE DİLEK UZUNCAN', 401),
(1202, 'ZÜMRÜT ELA EREN', 401),
(1203, 'ÇETİN ZENGİN', 401),
(1204, 'ABDURRAHMAN FUAT SADUNOĞLU', 402),
(1205, 'GANİM KARPUZOĞLU', 402),
(1206, 'HALİL İBRAHİM ARI', 402),
(1207, 'ATİYE MELTEM DİLEK', 403),
(1208, 'OSMAN ERSEGUN BEKAR', 403),
(1209, 'BELGİN PİRDOĞAN', 403),
(1210, 'SÜLEYMAN TEKER', 404),
(1211, 'ZERİN ÖNAL', 404),
(1212, 'GİZEM DAM', 404),
(1213, 'ADEM KUTAN', 405),
(1214, 'ZELİHA GÖKSOY', 405),
(1215, 'ZÜLFİYE MENDEŞ', 405);

--
-- Dökümü yapılmış tablolar için indeksler
--

--
-- Tablo için indeksler `cities`
--
ALTER TABLE `cities`
  ADD PRIMARY KEY (`c_id`),
  ADD KEY `d_id` (`d_id`);

--
-- Tablo için indeksler `customers`
--
ALTER TABLE `customers`
  ADD PRIMARY KEY (`cus_id`);

--
-- Tablo için indeksler `districts`
--
ALTER TABLE `districts`
  ADD PRIMARY KEY (`d_id`);

--
-- Tablo için indeksler `markets`
--
ALTER TABLE `markets`
  ADD PRIMARY KEY (`m_id`),
  ADD KEY `c_id` (`c_id`);

--
-- Tablo için indeksler `products`
--
ALTER TABLE `products`
  ADD PRIMARY KEY (`p_id`);

--
-- Tablo için indeksler `sales`
--
ALTER TABLE `sales`
  ADD PRIMARY KEY (`sale_id`),
  ADD KEY `cus_id` (`cus_id`),
  ADD KEY `p_id` (`p_id`),
  ADD KEY `s_id` (`s_id`);

--
-- Tablo için indeksler `salesmen`
--
ALTER TABLE `salesmen`
  ADD PRIMARY KEY (`s_id`),
  ADD KEY `m_id` (`m_id`);

--
-- Dökümü yapılmış tablolar için AUTO_INCREMENT değeri
--

--
-- Tablo için AUTO_INCREMENT değeri `cities`
--
ALTER TABLE `cities`
  MODIFY `c_id` int(11) NOT NULL AUTO_INCREMENT, AUTO_INCREMENT=82;

--
-- Tablo için AUTO_INCREMENT değeri `customers`
--
ALTER TABLE `customers`
  MODIFY `cus_id` int(11) NOT NULL AUTO_INCREMENT, AUTO_INCREMENT=1621;

--
-- Tablo için AUTO_INCREMENT değeri `districts`
--
ALTER TABLE `districts`
  MODIFY `d_id` int(11) NOT NULL AUTO_INCREMENT, AUTO_INCREMENT=8;

--
-- Tablo için AUTO_INCREMENT değeri `markets`
--
ALTER TABLE `markets`
  MODIFY `m_id` int(11) NOT NULL AUTO_INCREMENT, AUTO_INCREMENT=406;

--
-- Tablo için AUTO_INCREMENT değeri `products`
--
ALTER TABLE `products`
  MODIFY `p_id` int(11) NOT NULL AUTO_INCREMENT, AUTO_INCREMENT=201;

--
-- Tablo için AUTO_INCREMENT değeri `sales`
--
ALTER TABLE `sales`
  MODIFY `sale_id` int(11) NOT NULL AUTO_INCREMENT, AUTO_INCREMENT=4835;

--
-- Tablo için AUTO_INCREMENT değeri `salesmen`
--
ALTER TABLE `salesmen`
  MODIFY `s_id` int(11) NOT NULL AUTO_INCREMENT, AUTO_INCREMENT=1216;

--
-- Dökümü yapılmış tablolar için kısıtlamalar
--

--
-- Tablo kısıtlamaları `cities`
--
ALTER TABLE `cities`
  ADD CONSTRAINT `cities_ibfk_1` FOREIGN KEY (`d_id`) REFERENCES `districts` (`d_id`);

--
-- Tablo kısıtlamaları `markets`
--
ALTER TABLE `markets`
  ADD CONSTRAINT `markets_ibfk_1` FOREIGN KEY (`c_id`) REFERENCES `cities` (`c_id`);

--
-- Tablo kısıtlamaları `sales`
--
ALTER TABLE `sales`
  ADD CONSTRAINT `sales_ibfk_1` FOREIGN KEY (`cus_id`) REFERENCES `customers` (`cus_id`),
  ADD CONSTRAINT `sales_ibfk_2` FOREIGN KEY (`p_id`) REFERENCES `products` (`p_id`),
  ADD CONSTRAINT `sales_ibfk_3` FOREIGN KEY (`s_id`) REFERENCES `salesmen` (`s_id`);

--
-- Tablo kısıtlamaları `salesmen`
--
ALTER TABLE `salesmen`
  ADD CONSTRAINT `salesmen_ibfk_1` FOREIGN KEY (`m_id`) REFERENCES `markets` (`m_id`);
COMMIT;

/*!40101 SET CHARACTER_SET_CLIENT=@OLD_CHARACTER_SET_CLIENT */;
/*!40101 SET CHARACTER_SET_RESULTS=@OLD_CHARACTER_SET_RESULTS */;
/*!40101 SET COLLATION_CONNECTION=@OLD_COLLATION_CONNECTION */;
